"CustomerID","FirstPurchaseDate","LastPurchaseDate","TotalOrders","TotalMonetaryValue","RecencyDays","IsChurned30"
"12346.0","2009-12-14 08:34:00","2011-01-18 10:01:00",12,77556.46,325,1
"12347.0","2010-10-31 14:20:00","2011-12-07 15:52:00",8,5633.32,2,0
"12348.0","2010-09-27 14:59:00","2011-09-25 13:13:00",5,1658.4,75,1
"12349.0","2010-04-29 13:20:00","2011-11-21 09:51:00",3,3678.69,18,0
"12350.0","2011-02-02 16:01:00","2011-02-02 16:01:00",1,294.4,310,1
"12351.0","2010-11-29 15:23:00","2010-11-29 15:23:00",1,300.93,375,1
"12352.0","2010-11-12 10:20:00","2011-11-03 14:37:00",9,1729.54,36,1
"12353.0","2010-10-27 12:44:00","2011-05-19 17:47:00",2,406.76,204,1
"12354.0","2011-04-21 13:11:00","2011-04-21 13:11:00",1,1079.4,232,1
"12355.0","2010-05-21 11:59:00","2011-05-09 13:49:00",2,947.61,214,1
"12356.0","2010-10-11 09:42:00","2011-11-17 08:40:00",6,5613.68,22,0
"12357.0","2010-11-16 10:05:00","2011-11-06 16:07:00",2,17437.66,33,1
"12358.0","2009-12-08 07:59:00","2011-12-08 10:26:00",5,3447.07,1,0
"12359.0","2009-12-05 13:32:00","2011-10-13 12:47:00",10,8935.94,57,1
"12360.0","2010-02-22 09:32:00","2011-10-18 15:22:00",6,3612.89,52,1
"12361.0","2010-01-26 14:37:00","2011-02-25 13:51:00",4,451.25,287,1
"12362.0","2011-02-17 10:30:00","2011-12-06 15:40:00",10,4737.23,3,0
"12363.0","2011-04-11 13:29:00","2011-08-22 10:18:00",2,552.0,109,1
"12364.0","2011-08-19 15:24:00","2011-12-02 10:22:00",4,1208.1,7,0
"12365.0","2011-02-21 13:51:00","2011-02-21 13:51:00",1,320.69,291,1
"12366.0","2010-03-16 10:28:00","2010-03-16 10:28:00",1,500.24,633,1
"12367.0","2011-12-05 16:48:00","2011-12-05 16:48:00",1,150.9,4,0
"12368.0","2010-03-21 15:56:00","2010-03-21 15:56:00",1,917.7,628,1
"12369.0","2010-03-08 08:09:00","2010-10-22 13:13:00",3,1511.15,413,1
"12370.0","2010-02-09 09:41:00","2011-10-19 14:51:00",7,3960.31,51,1
"12371.0","2010-03-04 18:23:00","2011-10-11 10:43:00",4,3347.38,59,1
"12372.0","2011-02-16 12:46:00","2011-09-29 12:12:00",3,1196.04,71,1
"12373.0","2010-02-04 12:08:00","2011-02-01 13:10:00",3,927.65,311,1
"12374.0","2010-04-30 14:01:00","2011-11-14 15:37:00",3,2669.22,25,0
"12375.0","2011-09-02 14:23:00","2011-11-29 10:36:00",2,377.5,10,0
"12376.0","2010-10-18 08:42:00","2010-11-15 12:15:00",2,383.15,389,1
"12377.0","2010-04-29 15:34:00","2011-01-28 15:45:00",4,3266.32,315,1
"12378.0","2010-05-26 14:07:00","2011-08-02 10:34:00",2,5416.32,129,1
"12379.0","2010-06-23 12:49:00","2011-09-19 10:09:00",4,1470.22,81,1
"12380.0","2010-02-15 12:05:00","2011-11-18 11:27:00",8,7210.65,21,0
"12381.0","2011-08-12 09:57:00","2011-12-05 12:44:00",3,1474.81,4,0
"12383.0","2010-12-22 14:28:00","2011-06-08 08:02:00",5,1628.56,184,1
"12384.0","2011-08-10 11:23:00","2011-11-11 08:39:00",2,425.27,28,0
"12385.0","2010-11-25 15:14:00","2010-11-25 15:14:00",1,1668.4,379,1
"12386.0","2010-12-08 09:53:00","2011-01-06 12:37:00",2,660.8,337,1
"12387.0","2010-10-20 16:27:00","2010-10-20 16:27:00",1,143.94,415,1
"12388.0","2010-05-06 12:54:00","2011-11-24 12:30:00",8,3901.11,15,0
"12389.0","2010-02-22 10:15:00","2010-11-02 11:52:00",3,1433.33,402,1
"12390.0","2011-09-21 09:33:00","2011-09-21 09:33:00",1,504.84,79,1
"12391.0","2010-02-15 10:12:00","2011-11-18 12:07:00",6,2773.42,21,0
"12392.0","2010-04-27 14:04:00","2010-04-27 14:04:00",1,234.75,591,1
"12393.0","2010-10-07 13:49:00","2011-09-28 15:41:00",6,2399.45,72,1
"12394.0","2011-05-06 14:01:00","2011-10-07 08:08:00",2,1080.48,63,1
"12395.0","2010-04-16 10:16:00","2011-11-20 15:21:00",15,4551.27,19,0
"12396.0","2010-02-03 13:22:00","2010-02-03 13:22:00",1,931.43,674,1
"12397.0","2011-07-27 14:21:00","2011-11-04 09:52:00",2,2214.9,35,1
"12398.0","2011-10-25 10:27:00","2011-10-25 10:27:00",1,1435.66,45,1
"12399.0","2010-03-05 08:45:00","2011-08-12 13:15:00",7,1842.3,119,1
"12400.0","2010-10-21 13:45:00","2010-10-21 13:45:00",1,205.25,414,1
"12401.0","2011-02-09 13:50:00","2011-02-09 13:50:00",1,69.3,303,1
"12402.0","2010-02-07 12:41:00","2011-01-20 13:49:00",6,1136.9,323,1
"12403.0","2010-07-06 11:39:00","2011-10-21 10:51:00",2,947.36,49,1
"12405.0","2011-07-14 08:52:00","2011-07-14 08:52:00",1,1390.39,148,1
"12406.0","2010-01-11 14:04:00","2011-11-17 19:22:00",5,6390.36,22,0
"12407.0","2011-03-20 13:21:00","2011-10-21 10:11:00",5,1507.12,49,1
"12408.0","2010-07-29 13:27:00","2011-11-07 12:27:00",8,3905.77,32,1
"12409.0","2010-05-23 15:21:00","2011-09-22 10:38:00",7,23419.29,78,1
"12410.0","2010-07-25 13:26:00","2011-02-04 10:39:00",3,773.71,308,1
"12411.0","2010-10-26 09:25:00","2010-10-26 09:25:00",1,346.9,409,1
"12412.0","2010-06-18 13:22:00","2011-09-26 10:16:00",6,2404.93,74,1
"12413.0","2010-11-02 13:26:00","2011-10-04 09:00:00",4,871.45,66,1
"12414.0","2010-09-02 12:22:00","2011-05-06 14:51:00",4,532.41,217,1
"12415.0","2010-06-30 08:30:00","2011-11-15 14:22:00",24,144033.37,24,0
"12416.0","2010-02-21 10:19:00","2010-02-21 10:19:00",1,202.56,656,1
"12417.0","2009-12-06 10:30:00","2011-12-06 14:52:00",20,6017.91,3,0
"12418.0","2010-03-19 14:47:00","2011-08-19 11:08:00",4,2021.2,112,1
"12419.0","2010-10-22 10:40:00","2010-11-19 10:04:00",2,391.01,385,1
"12420.0","2011-10-07 08:55:00","2011-10-07 08:55:00",1,600.39,63,1
"12421.0","2010-07-22 13:57:00","2011-11-24 09:07:00",6,874.6,15,0
"12422.0","2009-12-18 12:44:00","2011-09-05 09:48:00",12,3639.35,95,1
"12423.0","2010-08-31 09:31:00","2011-12-09 10:10:00",10,2301.39,0,0
"12424.0","2010-06-09 15:15:00","2011-06-30 12:06:00",4,3340.03,162,1
"12425.0","2010-09-17 14:10:00","2011-09-22 17:31:00",2,1741.41,78,1
"12426.0","2010-02-15 08:41:00","2011-05-29 12:26:00",2,1201.21,194,1
"12427.0","2010-12-03 10:44:00","2011-11-18 08:56:00",3,949.3,21,0
"12428.0","2011-03-01 09:33:00","2011-11-14 08:22:00",8,6405.26,25,0
"12429.0","2010-06-11 13:28:00","2011-11-30 17:22:00",8,6979.91,9,0
"12430.0","2011-10-27 15:09:00","2011-10-27 15:09:00",1,216.4,43,1
"12431.0","2010-01-15 09:04:00","2011-11-04 11:55:00",25,10527.97,35,1
"12432.0","2011-06-20 13:27:00","2011-10-28 11:43:00",4,4359.32,42,1
"12433.0","2010-08-20 09:23:00","2011-12-09 10:02:00",10,20581.26,0,0
"12434.0","2010-11-23 13:38:00","2011-09-16 12:38:00",3,1103.43,84,1
"12435.0","2009-12-02 13:58:00","2011-09-21 09:06:00",6,13925.93,79,1
"12436.0","2011-09-01 12:09:00","2011-09-01 12:09:00",1,429.01,99,1
"12437.0","2009-12-02 16:24:00","2011-12-08 11:35:00",38,11282.4,1,0
"12438.0","2011-07-22 13:29:00","2011-11-25 13:28:00",2,2466.85,14,0
"12439.0","2009-12-14 08:40:00","2010-01-26 12:11:00",2,1158.18,682,1
"12440.0","2009-12-22 12:03:00","2010-09-03 13:11:00",2,739.2,462,1
"12441.0","2010-12-08 10:45:00","2010-12-08 10:45:00",1,311.1,366,1
"12442.0","2011-12-06 14:22:00","2011-12-06 14:22:00",1,144.06,3,0
"12443.0","2009-12-07 15:42:00","2009-12-07 15:42:00",1,365.31,732,1
"12444.0","2011-06-21 14:00:00","2011-11-18 13:23:00",5,4085.46,21,0
"12445.0","2010-10-15 12:28:00","2011-11-17 18:43:00",2,378.98,22,0
"12446.0","2011-10-13 12:50:00","2011-10-13 12:50:00",1,1002.31,57,1
"12447.0","2011-04-10 13:25:00","2011-04-10 13:25:00",1,431.49,243,1
"12448.0","2011-10-26 13:46:00","2011-10-26 13:46:00",1,365.45,44,1
"12449.0","2010-09-27 09:37:00","2011-11-17 13:46:00",5,4274.89,22,0
"12450.0","2010-08-22 13:11:00","2011-07-06 14:41:00",5,688.2,156,1
"12451.0","2010-06-28 12:58:00","2011-11-29 08:40:00",8,12629.88,10,0
"12452.0","2011-11-23 08:05:00","2011-11-23 08:05:00",1,348.57,16,0
"12453.0","2011-07-28 14:08:00","2011-07-28 14:08:00",1,707.09,134,1
"12454.0","2010-10-14 17:33:00","2011-10-14 17:13:00",4,16459.78,56,1
"12455.0","2009-12-18 12:33:00","2011-09-27 15:31:00",9,5722.95,73,1
"12456.0","2011-03-30 09:12:00","2011-10-26 14:41:00",3,2581.04,44,1
"12457.0","2010-09-30 17:59:00","2011-10-04 13:13:00",7,2555.91,66,1
"12458.0","2010-08-09 10:33:00","2011-09-29 15:25:00",4,1502.49,71,1
"12459.0","2010-04-13 14:53:00","2010-04-13 14:53:00",1,398.36,605,1
"12460.0","2010-09-09 13:51:00","2010-09-09 13:51:00",1,296.65,456,1
"12461.0","2011-07-08 10:23:00","2011-07-08 10:23:00",1,626.88,154,1
"12462.0","2011-02-09 14:44:00","2011-11-21 09:11:00",2,937.59,18,0
"12463.0","2011-04-12 12:47:00","2011-10-17 13:44:00",4,1200.78,53,1
"12464.0","2011-02-03 13:30:00","2011-11-29 13:33:00",8,957.05,10,0
"12465.0","2011-06-23 13:37:00","2011-11-22 16:34:00",2,682.19,17,0
"12467.0","2010-10-12 15:41:00","2010-10-12 15:41:00",1,132.8,423,1
"12468.0","2010-01-26 10:09:00","2011-06-05 11:36:00",5,3238.74,187,1
"12469.0","2010-06-21 10:30:00","2010-07-05 12:40:00",2,3070.54,522,1
"12470.0","2010-01-19 11:01:00","2010-01-19 11:01:00",1,211.95,689,1
"12471.0","2009-12-07 10:41:00","2011-12-07 15:43:00",71,35145.5,2,0
"12472.0","2009-12-14 10:49:00","2011-11-07 14:01:00",19,16494.59,32,1
"12473.0","2011-06-01 10:15:00","2011-10-17 11:27:00",3,2596.23,53,1
"12474.0","2010-02-11 09:41:00","2011-11-22 14:39:00",29,11362.45,17,0
"12475.0","2010-10-26 08:49:00","2011-10-17 10:10:00",2,1065.64,53,1
"12476.0","2010-07-26 09:04:00","2011-11-24 12:40:00",18,12351.41,15,0
"12477.0","2010-03-26 14:01:00","2011-11-17 09:51:00",9,20276.37,22,0
"12478.0","2011-12-06 09:56:00","2011-12-06 09:56:00",1,545.99,3,0
"12479.0","2011-11-28 13:26:00","2011-11-28 13:26:00",1,473.2,11,0
"12480.0","2010-07-20 13:21:00","2011-11-11 14:52:00",7,4834.85,28,0
"12481.0","2010-04-11 13:10:00","2011-11-17 08:29:00",14,11191.39,22,0
"12482.0","2010-02-24 10:24:00","2010-05-12 16:51:00",27,21941.72,576,1
"12483.0","2010-01-31 13:28:00","2011-11-22 17:02:00",19,4092.58,17,0
"12484.0","2010-01-27 16:41:00","2011-11-04 15:18:00",9,5573.15,35,1
"12485.0","2010-06-28 15:22:00","2010-06-28 15:22:00",1,708.1,529,1
"12486.0","2010-10-04 12:14:00","2010-10-04 12:14:00",1,917.28,431,1
"12487.0","2009-12-09 11:36:00","2009-12-09 11:36:00",1,285.3,730,1
"12488.0","2011-09-25 10:34:00","2011-11-30 08:50:00",3,1244.66,9,0
"12489.0","2011-01-07 13:13:00","2011-01-07 13:13:00",1,298.93,336,1
"12490.0","2009-12-01 12:52:00","2011-12-04 16:07:00",20,8764.64,5,0
"12491.0","2011-11-01 12:18:00","2011-11-01 12:18:00",1,424.4,38,1
"12492.0","2010-11-01 14:58:00","2011-10-07 15:15:00",3,607.21,63,1
"12493.0","2011-05-26 14:53:00","2011-06-27 10:17:00",2,415.74,165,1
"12494.0","2010-05-12 13:52:00","2011-11-24 09:34:00",9,1602.87,15,0
"12495.0","2010-03-09 10:53:00","2010-03-09 10:53:00",1,277.4,640,1
"12496.0","2010-03-29 13:57:00","2010-03-29 14:06:00",2,54.09,620,1
"12497.0","2010-03-05 09:39:00","2011-09-19 12:29:00",3,5996.5,81,1
"12498.0","2011-10-13 09:30:00","2011-11-18 12:53:00",3,349.7,21,0
"12499.0","2010-05-28 15:12:00","2010-05-28 15:12:00",1,357.72,560,1
"12500.0","2010-02-04 15:05:00","2011-11-16 16:20:00",18,5559.21,23,0
"12501.0","2011-01-07 12:28:00","2011-01-07 12:28:00",1,2025.39,336,1
"12502.0","2011-02-03 10:41:00","2011-09-05 11:52:00",5,2995.87,95,1
"12503.0","2010-05-04 13:59:00","2010-05-04 13:59:00",1,896.0,584,1
"12504.0","2010-04-22 10:24:00","2011-11-21 16:02:00",4,689.05,18,0
"12505.0","2010-10-27 09:18:00","2010-10-27 09:18:00",1,787.2,408,1
"12506.0","2011-04-21 08:54:00","2011-04-21 08:54:00",1,73.5,232,1
"12507.0","2010-05-04 09:23:00","2011-07-28 17:09:00",4,1508.06,134,1
"12508.0","2011-11-10 16:27:00","2011-11-13 15:37:00",2,398.27,26,0
"12509.0","2011-02-28 14:45:00","2011-02-28 14:45:00",1,158.5,284,1
"12510.0","2009-12-04 13:47:00","2011-07-20 10:15:00",7,3039.03,142,1
"12511.0","2010-10-07 10:39:00","2010-10-07 10:39:00",1,3084.02,428,1
"12512.0","2011-10-04 14:53:00","2011-10-04 14:55:00",2,138.03,66,1
"12513.0","2011-08-19 10:51:00","2011-08-19 10:51:00",1,558.29,112,1
"12514.0","2010-03-08 12:18:00","2011-03-17 16:38:00",2,1597.76,267,1
"12515.0","2010-12-21 15:43:00","2010-12-21 15:43:00",1,278.7,353,1
"12516.0","2010-04-19 14:14:00","2011-09-23 09:13:00",4,2288.62,77,1
"12517.0","2011-06-02 15:13:00","2011-11-11 13:57:00",4,2322.84,28,0
"12518.0","2011-08-21 13:18:00","2011-12-09 10:13:00",5,1840.89,0,0
"12519.0","2010-08-20 08:21:00","2011-10-07 09:26:00",2,636.54,63,1
"12520.0","2011-03-11 11:35:00","2011-09-21 15:23:00",5,2346.26,79,1
"12521.0","2011-07-20 10:51:00","2011-07-20 10:51:00",1,545.68,142,1
"12522.0","2011-10-19 14:41:00","2011-10-31 15:30:00",2,156.72,39,1
"12523.0","2009-12-07 13:46:00","2011-11-20 12:55:00",23,4030.15,19,0
"12524.0","2010-02-08 14:41:00","2011-11-30 15:31:00",17,9794.11,9,0
"12525.0","2010-03-02 14:01:00","2010-07-29 16:08:00",3,883.73,498,1
"12526.0","2011-09-06 14:19:00","2011-12-09 12:09:00",3,1172.66,0,0
"12527.0","2010-06-28 15:37:00","2011-09-19 11:55:00",5,717.51,81,1
"12528.0","2011-01-31 09:05:00","2011-11-30 14:40:00",6,1645.48,9,0
"12529.0","2010-06-29 13:10:00","2010-06-29 13:10:00",1,316.48,528,1
"12530.0","2010-03-07 14:37:00","2011-10-11 12:34:00",9,3381.26,59,1
"12531.0","2010-01-22 14:17:00","2011-11-25 11:12:00",2,1771.2,14,0
"12532.0","2011-11-09 13:47:00","2011-11-09 13:47:00",1,313.83,30,0
"12533.0","2009-12-01 11:50:00","2010-03-22 10:56:00",2,1223.89,627,1
"12534.0","2011-08-01 10:26:00","2011-08-01 10:26:00",1,981.18,130,1
"12535.0","2011-06-06 12:47:00","2011-09-09 08:48:00",2,716.35,91,1
"12536.0","2011-10-11 14:52:00","2011-10-11 14:52:00",1,4279.71,59,1
"12537.0","2010-10-27 08:36:00","2010-10-27 08:36:00",1,612.94,408,1
"12538.0","2010-11-26 13:02:00","2011-11-10 17:16:00",2,640.45,29,0
"12539.0","2009-12-23 13:00:00","2011-11-17 13:30:00",7,11186.75,22,0
"12540.0","2009-12-07 16:56:00","2011-11-20 11:31:00",32,19250.49,19,0
"12541.0","2011-03-04 09:32:00","2011-11-10 10:40:00",3,841.18,29,0
"12542.0","2010-03-09 16:26:00","2010-08-12 19:12:00",2,481.88,484,1
"12543.0","2010-09-17 15:51:00","2010-09-17 15:51:00",1,840.25,448,1
"12544.0","2011-11-03 16:15:00","2011-11-03 16:15:00",1,316.7,36,1
"12545.0","2011-03-25 12:04:00","2011-09-25 13:39:00",2,832.39,75,1
"12546.0","2011-09-23 09:44:00","2011-10-24 12:09:00",2,1021.5,46,1
"12547.0","2010-07-27 13:55:00","2011-05-26 12:38:00",3,299.58,197,1
"12548.0","2011-06-26 15:35:00","2011-06-26 15:35:00",1,67.2,166,1
"12549.0","2010-01-11 12:29:00","2010-05-13 12:05:00",5,1570.68,575,1
"12550.0","2011-09-21 14:35:00","2011-09-21 14:35:00",1,824.83,79,1
"12551.0","2010-12-17 11:23:00","2010-12-17 11:23:00",1,168.0,357,1
"12552.0","2011-10-31 12:11:00","2011-10-31 12:11:00",1,317.82,39,1
"12553.0","2010-10-12 13:35:00","2011-12-01 16:38:00",12,4104.75,8,0
"12554.0","2010-09-17 12:29:00","2010-09-17 12:29:00",1,384.5,448,1
"12556.0","2011-07-11 13:35:00","2011-10-20 13:06:00",2,603.71,50,1
"12557.0","2009-12-17 10:39:00","2011-11-23 16:59:00",8,18716.14,16,0
"12558.0","2011-12-02 10:41:00","2011-12-02 10:41:00",1,269.96,7,0
"12559.0","2011-01-24 10:12:00","2011-02-02 09:49:00",2,525.71,310,1
"12560.0","2011-07-19 15:55:00","2011-12-04 13:54:00",2,1918.01,5,0
"12561.0","2011-02-10 11:39:00","2011-02-10 11:39:00",1,238.85,302,1
"12562.0","2010-09-30 13:13:00","2011-12-01 17:20:00",9,4426.92,8,0
"12563.0","2010-10-27 09:52:00","2010-10-27 09:52:00",1,221.24,408,1
"12564.0","2011-03-23 14:55:00","2011-03-23 14:55:00",1,402.9,261,1
"12565.0","2011-02-24 10:34:00","2011-02-24 10:34:00",1,145.92,288,1
"12566.0","2011-09-14 14:30:00","2011-09-14 14:30:00",1,297.65,86,1
"12567.0","2010-02-11 10:30:00","2011-11-17 11:02:00",15,12467.86,22,0
"12568.0","2010-03-05 09:15:00","2010-03-05 09:15:00",1,52.0,644,1
"12569.0","2011-04-01 13:47:00","2011-12-07 16:24:00",32,3152.69,2,0
"12571.0","2011-08-10 12:35:00","2011-10-31 10:19:00",2,519.61,39,1
"12572.0","2011-10-19 08:20:00","2011-12-01 09:20:00",2,912.42,8,0
"12573.0","2010-08-31 17:25:00","2011-04-26 15:52:00",5,717.41,227,1
"12574.0","2011-01-28 09:20:00","2011-01-28 09:20:00",1,182.45,315,1
"12575.0","2010-07-01 09:15:00","2010-09-08 13:09:00",2,568.82,457,1
"12576.0","2010-07-01 13:46:00","2011-11-04 10:11:00",8,2062.72,35,1
"12577.0","2009-12-03 19:31:00","2011-11-04 13:24:00",8,1649.8,35,1
"12578.0","2010-09-22 11:19:00","2011-11-18 13:30:00",4,4026.45,21,0
"12579.0","2011-09-22 17:15:00","2011-09-22 17:15:00",1,386.42,78,1
"12580.0","2010-05-12 11:45:00","2011-04-07 10:24:00",2,962.9,246,1
"12581.0","2011-10-31 08:56:00","2011-10-31 08:56:00",1,179.71,39,1
"12582.0","2010-05-11 09:55:00","2011-04-15 08:45:00",4,1820.4,238,1
"12583.0","2009-12-06 11:57:00","2011-12-07 08:07:00",27,13295.44,2,0
"12584.0","2011-03-04 15:15:00","2011-12-06 09:35:00",9,2254.15,3,0
"12585.0","2010-12-23 12:58:00","2011-04-19 13:39:00",2,1824.1,234,1
"12586.0","2009-12-16 13:15:00","2011-11-22 16:24:00",4,2062.67,17,0
"12587.0","2011-12-02 12:47:00","2011-12-02 12:47:00",1,104.0,7,0
"12588.0","2010-04-21 12:22:00","2011-10-31 15:01:00",3,718.78,39,1
"12589.0","2010-01-19 12:26:00","2011-11-11 10:19:00",6,3294.91,28,0
"12590.0","2011-05-12 14:46:00","2011-05-12 14:46:00",1,9341.26,211,1
"12591.0","2010-10-27 10:42:00","2011-01-26 14:35:00",3,1128.15,317,1
"12592.0","2010-07-08 14:06:00","2011-09-08 15:04:00",4,1723.64,92,1
"12593.0","2011-05-05 09:29:00","2011-08-23 12:43:00",3,382.1,108,1
"12594.0","2010-03-03 13:51:00","2011-11-02 12:20:00",14,4890.11,37,1
"12595.0","2010-07-23 09:10:00","2010-07-23 09:10:00",1,281.02,504,1
"12596.0","2011-04-11 13:22:00","2011-10-19 13:02:00",2,450.27,51,1
"12597.0","2011-03-16 14:00:00","2011-11-20 13:33:00",4,3195.22,19,0
"12598.0","2010-03-01 09:58:00","2011-11-30 12:18:00",10,4192.09,9,0
"12599.0","2010-05-11 10:42:00","2011-11-10 13:34:00",13,2026.72,29,0
"12600.0","2009-12-07 13:37:00","2011-11-11 10:29:00",20,4444.35,28,0
"12601.0","2010-10-31 10:57:00","2011-06-03 10:17:00",6,573.26,189,1
"12602.0","2011-10-12 11:22:00","2011-10-12 11:22:00",1,153.12,58,1
"12603.0","2011-11-18 10:42:00","2011-11-18 10:42:00",1,613.2,21,0
"12604.0","2011-03-23 12:06:00","2011-09-21 14:08:00",2,236.18,79,1
"12605.0","2010-09-07 14:21:00","2010-11-28 14:18:00",3,1124.95,376,1
"12607.0","2011-10-10 16:06:00","2011-10-10 16:06:00",1,1579.51,60,1
"12608.0","2010-10-31 10:49:00","2010-10-31 10:49:00",1,415.79,404,1
"12609.0","2009-12-20 13:30:00","2011-09-22 16:34:00",9,3021.86,78,1
"12610.0","2011-08-05 13:52:00","2011-11-17 09:34:00",4,1747.54,22,0
"12611.0","2011-10-18 13:12:00","2011-10-18 13:12:00",1,1193.32,52,1
"12612.0","2011-09-26 15:35:00","2011-09-26 15:35:00",1,668.04,74,1
"12613.0","2009-12-14 13:10:00","2011-10-13 14:59:00",9,6295.07,57,1
"12614.0","2011-03-07 10:22:00","2011-03-07 10:22:00",1,315.6,277,1
"12615.0","2010-03-18 14:09:00","2011-12-07 15:02:00",8,5362.98,2,0
"12616.0","2010-11-16 11:38:00","2011-09-05 15:17:00",3,1023.1,95,1
"12617.0","2011-11-10 14:39:00","2011-11-10 14:39:00",1,355.53,29,0
"12618.0","2011-11-18 11:10:00","2011-11-18 11:10:00",1,137.31,21,0
"12619.0","2010-05-28 12:52:00","2011-11-23 14:52:00",9,3085.7,16,0
"12620.0","2011-05-19 12:10:00","2011-11-25 10:20:00",3,1303.41,14,0
"12621.0","2010-02-09 12:01:00","2011-12-08 11:25:00",35,22525.81,1,0
"12622.0","2011-04-21 16:39:00","2011-04-21 16:39:00",1,162.1,232,1
"12623.0","2010-01-12 11:45:00","2011-03-08 13:50:00",7,3315.84,276,1
"12624.0","2011-06-15 12:34:00","2011-08-25 15:04:00",2,569.13,106,1
"12625.0","2010-04-22 11:33:00","2011-05-12 09:54:00",4,4678.88,211,1
"12626.0","2011-01-17 11:01:00","2011-11-16 16:06:00",9,5954.48,23,0
"12627.0","2011-07-22 13:59:00","2011-11-29 12:07:00",6,4082.53,10,0
"12628.0","2011-10-06 09:28:00","2011-12-05 13:15:00",3,732.46,4,0
"12629.0","2010-10-12 16:40:00","2010-11-19 09:18:00",2,1198.22,385,1
"12630.0","2011-10-27 10:41:00","2011-11-30 10:48:00",2,1030.88,9,0
"12631.0","2010-01-15 14:50:00","2011-10-13 13:53:00",6,3321.57,57,1
"12632.0","2010-05-24 09:07:00","2010-07-07 09:39:00",2,714.88,520,1
"12633.0","2010-07-02 11:44:00","2011-10-12 11:40:00",7,5156.16,58,1
"12634.0","2010-06-09 15:41:00","2010-06-09 15:41:00",1,360.0,548,1
"12635.0","2010-09-09 10:50:00","2011-09-11 11:04:00",4,2624.41,89,1
"12637.0","2010-06-14 13:36:00","2011-10-03 13:46:00",12,8142.31,67,1
"12638.0","2010-03-10 10:30:00","2011-11-06 13:11:00",2,681.49,33,1
"12639.0","2010-03-22 09:05:00","2011-04-15 12:48:00",3,1072.37,238,1
"12640.0","2011-09-19 12:01:00","2011-11-16 11:52:00",3,994.58,23,0
"12641.0","2011-08-16 13:26:00","2011-08-16 13:26:00",1,145.9,115,1
"12642.0","2011-08-24 09:23:00","2011-11-14 15:03:00",3,905.26,25,0
"12643.0","2010-04-07 14:16:00","2011-08-03 12:56:00",11,7849.42,128,1
"12644.0","2010-01-14 13:02:00","2011-08-02 10:33:00",4,1900.49,129,1
"12645.0","2010-02-09 10:49:00","2011-11-06 12:38:00",8,3215.3,33,1
"12646.0","2011-10-21 12:52:00","2011-12-05 10:14:00",2,1346.97,4,0
"12647.0","2010-01-13 15:06:00","2011-11-17 12:56:00",35,14916.35,22,0
"12648.0","2010-01-07 18:38:00","2011-07-08 11:55:00",4,1039.0,154,1
"12649.0","2010-01-12 17:24:00","2011-08-24 14:41:00",8,2096.65,107,1
"12650.0","2011-12-06 16:34:00","2011-12-06 16:34:00",1,242.44,3,0
"12651.0","2010-08-31 15:21:00","2011-01-09 12:46:00",4,377.75,334,1
"12652.0","2010-10-01 15:16:00","2011-01-12 15:00:00",2,891.03,331,1
"12653.0","2010-07-01 09:56:00","2011-07-14 10:41:00",3,4160.83,148,1
"12654.0","2011-02-17 13:16:00","2011-11-29 10:10:00",5,529.98,10,0
"12655.0","2010-10-12 09:17:00","2010-10-12 09:17:00",1,243.35,423,1
"12656.0","2010-05-26 09:00:00","2011-11-22 13:42:00",8,5723.83,17,0
"12657.0","2011-09-22 11:40:00","2011-11-28 15:47:00",4,1427.18,11,0
"12658.0","2011-11-21 10:22:00","2011-11-21 10:22:00",1,632.05,18,0
"12659.0","2011-11-10 11:53:00","2011-11-10 11:53:00",1,73.68,29,0
"12660.0","2011-11-28 13:26:00","2011-11-28 13:26:00",1,227.1,11,0
"12661.0","2010-09-29 16:46:00","2010-09-29 16:46:00",1,162.0,436,1
"12662.0","2010-04-01 09:50:00","2011-12-09 11:59:00",20,6374.02,0,0
"12663.0","2010-02-09 14:28:00","2010-03-25 09:40:00",2,185.4,624,1
"12664.0","2009-12-13 10:28:00","2011-12-01 17:07:00",11,5420.04,8,0
"12665.0","2010-02-08 15:11:00","2011-01-19 08:34:00",3,259.6,324,1
"12666.0","2010-11-10 16:40:00","2010-11-10 16:40:00",1,1248.42,394,1
"12667.0","2011-10-12 17:00:00","2011-10-12 17:00:00",1,460.13,58,1
"12668.0","2010-01-31 15:45:00","2011-11-28 10:56:00",9,9967.68,11,0
"12669.0","2011-03-28 10:15:00","2011-07-12 09:54:00",2,1427.73,150,1
"12670.0","2010-02-11 10:13:00","2011-11-29 15:23:00",7,3436.29,10,0
"12671.0","2010-04-12 16:30:00","2010-04-12 16:30:00",1,2622.48,606,1
"12672.0","2010-04-23 09:57:00","2011-01-14 09:20:00",2,407.05,329,1
"12673.0","2010-11-03 10:46:00","2011-12-04 13:55:00",3,1140.02,5,0
"12674.0","2011-05-16 09:10:00","2011-11-01 12:12:00",4,1844.6,38,1
"12675.0","2010-05-10 16:44:00","2010-06-04 09:49:00",2,874.5,553,1
"12676.0","2010-08-13 13:29:00","2011-11-15 12:25:00",10,2333.09,24,0
"12677.0","2010-02-11 13:55:00","2010-06-02 14:30:00",2,359.1,555,1
"12678.0","2010-01-07 16:46:00","2011-10-28 13:04:00",17,32855.18,42,1
"12679.0","2011-03-01 12:26:00","2011-10-12 12:30:00",4,951.02,58,1
"12680.0","2011-08-18 15:44:00","2011-12-09 12:50:00",4,790.81,0,0
"12681.0","2009-12-13 13:31:00","2011-11-25 11:33:00",44,27898.28,14,0
"12682.0","2009-12-01 09:28:00","2011-12-06 10:00:00",51,21693.91,3,0
"12683.0","2009-12-13 15:01:00","2011-12-05 16:28:00",20,11400.78,4,0
"12684.0","2011-05-10 12:55:00","2011-12-02 09:53:00",6,2073.63,7,0
"12685.0","2011-09-07 10:28:00","2011-11-11 13:46:00",6,2575.08,28,0
"12686.0","2010-12-03 09:51:00","2010-12-03 09:51:00",1,142.28,371,1
"12687.0","2010-08-16 12:12:00","2010-08-16 12:12:00",1,1858.91,480,1
"12688.0","2011-08-18 08:49:00","2011-08-18 08:49:00",1,4873.81,113,1
"12689.0","2011-08-04 10:04:00","2011-11-14 08:31:00",2,1139.61,25,0
"12690.0","2011-05-18 09:09:00","2011-05-18 09:09:00",1,335.01,205,1
"12691.0","2010-10-15 12:00:00","2011-11-11 16:49:00",6,1044.4,28,0
"12692.0","2010-03-12 14:02:00","2010-03-12 14:02:00",1,110.95,637,1
"12693.0","2010-07-05 13:56:00","2011-08-04 17:51:00",7,1415.02,127,1
"12694.0","2010-10-14 19:39:00","2011-09-30 13:06:00",3,1663.35,70,1
"12695.0","2010-02-12 13:22:00","2011-12-02 13:22:00",7,1371.12,7,0
"12696.0","2010-07-19 10:02:00","2010-10-01 10:43:00",2,731.91,434,1
"12697.0","2011-06-23 15:44:00","2011-11-11 08:47:00",3,757.59,28,0
"12698.0","2010-04-28 15:51:00","2010-04-28 15:51:00",1,285.75,590,1
"12699.0","2010-10-18 12:07:00","2010-10-18 12:07:00",1,566.11,417,1
"12700.0","2011-05-08 16:10:00","2011-12-02 10:47:00",4,4525.99,7,0
"12701.0","2010-03-16 13:23:00","2011-09-21 10:47:00",6,2248.41,79,1
"12702.0","2011-11-20 10:36:00","2011-11-20 10:36:00",1,201.0,19,0
"12703.0","2010-01-24 12:05:00","2011-09-29 17:52:00",4,898.53,71,1
"12704.0","2011-06-23 10:20:00","2011-12-02 13:15:00",8,1740.84,7,0
"12705.0","2010-06-24 09:51:00","2011-11-24 13:17:00",13,11114.1,15,0
"12707.0","2011-02-21 08:38:00","2011-02-21 08:38:00",1,603.42,291,1
"12708.0","2009-12-18 10:25:00","2011-11-10 09:52:00",18,4738.1,29,0
"12709.0","2009-12-09 13:49:00","2011-11-24 15:38:00",32,30162.76,15,0
"12710.0","2011-05-22 14:05:00","2011-09-04 12:00:00",3,1023.02,96,1
"12711.0","2010-02-01 11:30:00","2010-04-07 11:59:00",2,1213.05,611,1
"12712.0","2009-12-09 10:46:00","2011-11-11 08:19:00",21,6401.66,28,0
"12713.0","2011-12-09 12:16:00","2011-12-09 12:16:00",1,794.55,0,0
"12714.0","2009-12-04 10:00:00","2011-11-30 15:43:00",12,12815.71,9,0
"12715.0","2011-08-25 15:22:00","2011-08-25 15:22:00",1,273.86,106,1
"12716.0","2011-07-29 13:28:00","2011-12-06 08:55:00",2,963.49,3,0
"12717.0","2010-04-28 14:34:00","2011-07-11 14:47:00",3,1058.91,151,1
"12718.0","2011-09-29 16:38:00","2011-09-29 16:38:00",1,202.25,71,1
"12719.0","2011-10-05 14:50:00","2011-12-04 13:45:00",2,572.95,5,0
"12720.0","2010-07-21 09:46:00","2011-12-07 08:03:00",29,7306.67,2,0
"12721.0","2010-08-25 11:07:00","2011-11-08 12:13:00",8,3635.08,31,1
"12722.0","2011-07-12 11:55:00","2011-09-15 14:50:00",4,979.63,85,1
"12723.0","2011-10-05 15:52:00","2011-12-06 10:19:00",5,707.07,3,0
"12724.0","2010-06-22 14:00:00","2011-12-04 16:02:00",7,2083.52,5,0
"12725.0","2010-05-04 13:59:00","2010-12-03 15:45:00",3,2278.56,371,1
"12726.0","2010-03-25 16:25:00","2011-11-11 13:35:00",11,3690.6,28,0
"12727.0","2010-02-23 09:54:00","2011-11-29 11:46:00",10,4905.53,10,0
"12728.0","2010-11-21 11:34:00","2011-09-29 15:31:00",5,926.17,71,1
"12729.0","2011-08-18 11:40:00","2011-08-18 11:40:00",1,417.01,113,1
"12730.0","2010-07-06 12:19:00","2010-07-06 12:19:00",1,703.25,521,1
"12731.0","2010-03-02 09:23:00","2011-11-16 11:59:00",17,25631.71,23,0
"12732.0","2011-06-13 11:33:00","2011-06-13 11:33:00",1,218.26,179,1
"12733.0","2010-01-19 13:23:00","2011-04-19 16:19:00",4,2424.02,234,1
"12734.0","2010-11-12 13:26:00","2010-12-22 12:47:00",3,603.65,352,1
"12735.0","2011-01-06 14:26:00","2011-01-28 13:37:00",2,689.57,315,1
"12736.0","2011-01-11 07:57:00","2011-01-11 07:57:00",1,144.0,332,1
"12737.0","2010-07-29 12:27:00","2010-07-29 12:27:00",1,100.0,498,1
"12738.0","2010-12-02 18:27:00","2010-12-02 18:27:00",1,274.7,372,1
"12739.0","2010-11-10 14:27:00","2011-09-01 17:45:00",2,2421.23,99,1
"12740.0","2011-10-07 10:44:00","2011-10-07 10:44:00",1,427.6,63,1
"12741.0","2010-06-24 16:24:00","2010-06-24 16:24:00",1,236.07,533,1
"12742.0","2010-03-24 12:43:00","2010-03-24 12:43:00",1,1201.52,625,1
"12743.0","2011-07-28 16:06:00","2011-07-28 16:21:00",2,546.43,134,1
"12744.0","2010-04-27 16:19:00","2011-10-14 14:54:00",8,13158.16,56,1
"12745.0","2010-05-14 16:50:00","2010-08-10 10:14:00",2,723.85,486,1
"12746.0","2010-06-17 10:41:00","2010-06-17 10:41:00",1,254.55,540,1
"12747.0","2009-12-07 13:23:00","2011-12-07 14:34:00",26,9276.54,2,0
"12748.0","2009-12-04 17:31:00","2011-12-09 12:20:00",322,52194.26,0,0
"12749.0","2010-07-06 15:05:00","2011-12-06 09:56:00",9,6897.36,3,0
"12750.0","2011-08-03 09:13:00","2011-08-03 09:13:00",1,275.88,128,1
"12751.0","2010-09-21 12:49:00","2010-09-21 12:49:00",1,268.27,444,1
"12752.0","2011-09-19 13:32:00","2011-09-19 13:32:00",1,4366.78,81,1
"12753.0","2010-12-12 11:44:00","2011-11-17 10:52:00",6,21429.39,22,0
"12754.0","2011-02-04 10:31:00","2011-04-18 09:00:00",3,3010.74,235,1
"12755.0","2010-01-15 11:57:00","2011-03-04 12:42:00",11,9030.66,280,1
"12756.0","2011-09-14 09:31:00","2011-09-14 09:31:00",1,112.08,86,1
"12757.0","2011-05-12 19:01:00","2011-11-24 12:30:00",9,4199.2,15,0
"12758.0","2009-12-01 14:40:00","2011-08-15 10:22:00",7,9903.24,116,1
"12759.0","2009-12-04 10:47:00","2011-10-18 14:49:00",8,4618.74,52,1
"12760.0","2010-09-10 08:50:00","2010-09-10 08:50:00",1,317.8,455,1
"12761.0","2010-09-01 10:47:00","2010-09-01 10:47:00",1,712.95,464,1
"12762.0","2011-11-14 14:23:00","2011-12-02 10:23:00",2,1702.52,7,0
"12763.0","2010-12-05 15:46:00","2011-07-24 14:12:00",2,814.16,138,1
"12764.0","2011-01-27 10:19:00","2011-01-27 10:19:00",1,1693.88,316,1
"12765.0","2010-03-08 09:43:00","2010-08-24 13:51:00",6,1299.58,472,1
"12766.0","2010-10-28 09:29:00","2011-12-06 08:46:00",9,9116.28,3,0
"12767.0","2010-11-29 09:38:00","2010-11-29 09:38:00",1,949.82,375,1
"12768.0","2010-09-15 12:08:00","2010-09-15 12:08:00",1,168.69,450,1
"12769.0","2011-04-15 10:25:00","2011-04-15 10:25:00",1,1143.6,238,1
"12770.0","2010-09-09 11:43:00","2011-05-13 09:33:00",2,3246.45,210,1
"12771.0","2010-08-11 11:51:00","2010-08-11 11:51:00",1,226.3,485,1
"12772.0","2011-10-11 09:19:00","2011-10-11 09:19:00",1,752.47,59,1
"12773.0","2010-05-24 17:30:00","2010-05-24 17:30:00",1,124.25,564,1
"12774.0","2010-06-22 10:38:00","2010-06-22 10:38:00",1,83.7,535,1
"12775.0","2010-10-26 14:24:00","2011-11-22 16:33:00",7,1551.12,17,0
"12776.0","2010-02-10 12:11:00","2010-02-10 12:11:00",1,27.5,667,1
"12777.0","2010-09-08 11:35:00","2010-09-08 11:35:00",1,519.45,457,1
"12778.0","2010-04-16 09:57:00","2011-11-20 11:30:00",9,1541.68,19,0
"12779.0","2009-12-03 07:25:00","2011-11-02 11:43:00",14,6722.27,37,1
"12780.0","2010-04-20 09:40:00","2010-04-20 09:40:00",1,322.4,598,1
"12781.0","2011-02-28 08:43:00","2011-10-07 10:37:00",2,786.74,63,1
"12782.0","2010-07-08 13:31:00","2011-12-05 09:16:00",11,3862.24,4,0
"12783.0","2011-09-25 15:35:00","2011-12-07 15:56:00",4,1295.87,2,0
"12784.0","2010-06-28 13:06:00","2011-11-24 12:53:00",2,1552.75,15,0
"12785.0","2009-12-08 13:56:00","2010-12-10 13:48:00",3,904.4,364,1
"12786.0","2010-04-09 12:12:00","2010-04-09 12:12:00",1,668.5,609,1
"12787.0","2010-10-22 14:57:00","2011-11-30 08:44:00",4,799.18,9,0
"12788.0","2010-06-29 13:05:00","2010-09-02 14:21:00",4,384.9,463,1
"12789.0","2010-01-15 12:06:00","2011-10-05 13:34:00",3,225.35,65,1
"12790.0","2010-10-25 13:04:00","2011-05-31 14:14:00",2,546.85,192,1
"12791.0","2010-03-25 17:29:00","2010-12-01 11:27:00",5,834.43,373,1
"12792.0","2010-06-23 10:49:00","2011-03-28 11:36:00",2,715.01,256,1
"12793.0","2010-11-03 13:05:00","2011-01-09 12:12:00",3,849.33,334,1
"12794.0","2011-09-02 12:01:00","2011-10-17 14:54:00",2,860.41,53,1
"12795.0","2011-11-21 10:27:00","2011-11-21 10:27:00",1,318.48,18,0
"12796.0","2010-03-21 15:49:00","2010-03-21 15:49:00",1,351.0,628,1
"12797.0","2010-10-11 12:53:00","2010-12-09 10:55:00",2,694.11,365,1
"12798.0","2010-10-14 12:27:00","2011-11-29 15:52:00",4,8510.93,10,0
"12799.0","2010-06-28 15:57:00","2010-06-28 15:57:00",1,219.35,529,1
"12800.0","2010-02-01 11:02:00","2010-08-26 14:11:00",2,500.25,470,1
"12801.0","2010-07-27 09:38:00","2010-07-27 09:38:00",1,871.82,500,1
"12802.0","2010-05-25 09:34:00","2011-06-06 09:36:00",5,2186.42,186,1
"12803.0","2010-11-11 14:57:00","2010-11-11 14:57:00",1,1017.81,393,1
"12804.0","2010-07-27 13:52:00","2010-08-31 11:58:00",2,327.02,465,1
"12805.0","2010-02-03 09:06:00","2010-11-23 12:27:00",4,1230.95,381,1
"12806.0","2010-04-30 10:44:00","2010-05-16 13:49:00",2,2558.96,572,1
"12807.0","2010-11-21 14:21:00","2010-11-21 14:21:00",1,250.35,383,1
"12808.0","2010-09-03 10:24:00","2011-11-03 10:05:00",5,850.1,36,1
"12809.0","2010-03-02 14:19:00","2011-06-15 10:51:00",3,1384.34,177,1
"12810.0","2010-02-01 09:52:00","2010-06-23 10:53:00",2,534.99,534,1
"12811.0","2010-10-08 12:20:00","2011-03-23 10:55:00",4,893.9,261,1
"12812.0","2011-10-26 09:54:00","2011-10-26 09:54:00",1,229.64,44,1
"12813.0","2010-01-15 16:52:00","2010-07-26 09:50:00",3,1621.8,501,1
"12814.0","2011-08-30 12:11:00","2011-08-30 12:11:00",1,85.92,101,1
"12815.0","2011-05-25 13:34:00","2011-07-15 10:21:00",2,863.46,147,1
"12816.0","2011-06-16 13:24:00","2011-09-05 12:41:00",2,452.2,95,1
"12817.0","2010-10-01 08:57:00","2011-03-03 16:28:00",3,570.98,281,1
"12818.0","2011-03-23 12:06:00","2011-03-23 12:06:00",1,1182.08,261,1
"12819.0","2010-09-07 15:20:00","2010-09-07 15:20:00",1,540.52,458,1
"12820.0","2009-12-05 13:37:00","2011-12-06 15:12:00",11,2689.52,3,0
"12821.0","2010-04-07 15:14:00","2011-05-09 15:51:00",2,220.8,214,1
"12822.0","2011-09-13 13:46:00","2011-09-30 10:04:00",2,948.88,70,1
"12823.0","2010-01-29 12:52:00","2011-09-26 07:35:00",18,6501.5,74,1
"12824.0","2011-10-11 12:49:00","2011-10-11 12:49:00",1,397.12,59,1
"12825.0","2010-03-08 10:17:00","2010-07-06 13:56:00",2,518.63,521,1
"12826.0","2009-12-18 10:43:00","2011-12-07 10:25:00",12,2955.75,2,0
"12827.0","2011-10-26 15:44:00","2011-12-04 12:17:00",3,430.15,5,0
"12828.0","2011-08-01 16:16:00","2011-12-07 08:45:00",6,1018.71,2,0
"12829.0","2010-06-07 15:04:00","2011-01-07 11:13:00",3,385.3,336,1
"12830.0","2011-06-21 10:53:00","2011-11-02 11:54:00",6,6814.64,37,1
"12831.0","2010-09-02 15:58:00","2011-03-22 13:02:00",3,451.11,262,1
"12832.0","2011-09-02 13:48:00","2011-11-07 13:30:00",2,383.03,32,1
"12833.0","2011-07-17 13:46:00","2011-07-17 13:46:00",1,417.38,145,1
"12834.0","2011-03-02 09:49:00","2011-03-02 09:49:00",1,312.38,282,1
"12835.0","2009-12-03 12:13:00","2010-10-08 10:59:00",41,6043.31,427,1
"12836.0","2009-12-01 14:19:00","2011-10-11 15:10:00",15,6585.62,59,1
"12837.0","2010-05-19 15:10:00","2011-06-19 16:07:00",2,688.41,173,1
"12838.0","2010-04-26 09:59:00","2011-11-06 12:20:00",10,3398.48,33,1
"12839.0","2009-12-07 09:18:00","2011-12-07 12:33:00",26,10071.73,2,0
"12840.0","2010-02-03 14:51:00","2011-07-19 09:29:00",7,4041.97,143,1
"12841.0","2010-07-08 15:38:00","2011-12-05 11:13:00",40,7540.68,4,0
"12842.0","2009-12-02 08:15:00","2011-09-30 15:33:00",4,1917.99,70,1
"12843.0","2009-12-13 11:41:00","2011-10-05 12:09:00",28,6466.92,65,1
"12844.0","2010-04-25 11:51:00","2011-11-10 13:31:00",4,648.6,29,0
"12845.0","2011-02-22 14:10:00","2011-03-17 13:34:00",4,354.09,267,1
"12847.0","2010-11-17 12:44:00","2011-11-17 13:16:00",2,1636.9,22,0
"12848.0","2010-02-02 12:45:00","2010-02-02 12:45:00",1,208.0,675,1
"12849.0","2010-04-27 13:44:00","2011-11-08 13:41:00",6,3064.07,31,1
"12850.0","2010-09-20 12:26:00","2010-09-20 12:26:00",1,330.0,445,1
"12851.0","2010-08-19 15:13:00","2011-09-04 12:41:00",2,284.13,96,1
"12852.0","2011-02-18 08:47:00","2011-02-18 08:47:00",1,311.55,294,1
"12853.0","2010-02-05 11:57:00","2011-07-28 11:29:00",11,3907.5,134,1
"12854.0","2009-12-11 12:55:00","2011-09-22 12:15:00",7,2994.02,78,1
"12855.0","2010-11-02 18:16:00","2010-12-02 09:37:00",4,650.94,372,1
"12856.0","2011-10-07 12:38:00","2011-12-02 10:52:00",6,2179.93,7,0
"12857.0","2010-01-25 15:37:00","2011-05-13 10:20:00",6,3688.0,210,1
"12858.0","2010-11-21 12:55:00","2010-11-21 12:55:00",1,177.92,383,1
"12859.0","2010-09-07 12:20:00","2010-09-07 12:20:00",1,575.1,458,1
"12860.0","2010-01-15 15:22:00","2010-01-15 15:22:00",1,55.47,693,1
"12861.0","2010-03-30 11:39:00","2010-03-30 11:39:00",1,68.25,619,1
"12862.0","2010-08-01 15:20:00","2010-10-10 11:47:00",2,1008.32,425,1
"12863.0","2010-04-29 13:54:00","2011-10-18 14:15:00",6,2792.55,52,1
"12864.0","2010-07-19 17:22:00","2011-07-24 13:03:00",2,299.57,138,1
"12865.0","2010-08-20 12:20:00","2011-11-13 14:31:00",4,3323.47,26,0
"12866.0","2010-07-25 11:37:00","2011-03-01 14:11:00",3,1092.35,283,1
"12867.0","2009-12-16 16:25:00","2011-11-13 15:30:00",13,7913.29,26,0
"12868.0","2010-11-12 10:05:00","2011-06-07 10:42:00",8,2247.06,185,1
"12869.0","2010-01-27 12:10:00","2010-01-27 12:10:00",1,337.67,681,1
"12870.0","2010-03-25 14:32:00","2010-11-29 13:42:00",3,1676.95,375,1
"12871.0","2010-09-26 10:34:00","2011-09-16 15:07:00",3,744.02,84,1
"12872.0","2009-12-03 20:03:00","2011-01-17 10:52:00",12,3685.49,326,1
"12873.0","2010-01-27 09:50:00","2011-03-02 14:58:00",3,2027.3,282,1
"12874.0","2010-06-03 12:51:00","2010-11-19 15:23:00",2,873.42,385,1
"12875.0","2010-01-11 12:37:00","2011-07-19 15:30:00",5,1356.99,143,1
"12876.0","2010-04-28 13:26:00","2011-10-13 12:26:00",4,3751.79,57,1
"12877.0","2010-01-18 10:23:00","2011-12-06 10:30:00",20,2955.17,3,0
"12878.0","2011-03-18 14:02:00","2011-04-17 13:07:00",2,854.99,236,1
"12879.0","2011-09-09 12:11:00","2011-10-26 12:24:00",3,573.22,44,1
"12880.0","2010-05-14 11:57:00","2010-11-23 10:50:00",2,640.13,381,1
"12881.0","2011-03-09 11:44:00","2011-03-09 11:44:00",1,298.0,275,1
"12882.0","2011-11-06 11:22:00","2011-11-30 16:18:00",2,1463.04,9,0
"12883.0","2011-09-11 15:18:00","2011-11-15 09:32:00",4,703.47,24,0
"12884.0","2011-09-12 13:10:00","2011-09-12 13:10:00",1,309.05,88,1
"12885.0","2011-08-08 11:45:00","2011-10-07 13:40:00",3,1175.22,63,1
"12886.0","2011-05-04 11:21:00","2011-10-03 10:09:00",2,1378.4,67,1
"12887.0","2010-11-21 11:18:00","2010-11-21 11:18:00",1,222.4,383,1
"12888.0","2011-03-29 14:31:00","2011-05-09 16:02:00",2,354.12,214,1
"12889.0","2010-07-25 14:32:00","2010-11-23 16:08:00",4,385.46,381,1
"12890.0","2010-11-17 14:05:00","2011-11-15 17:26:00",2,717.27,24,0
"12891.0","2010-02-18 14:32:00","2011-06-07 12:31:00",11,840.5,185,1
"12892.0","2010-11-08 09:51:00","2010-11-08 09:51:00",1,263.38,396,1
"12893.0","2011-11-09 12:34:00","2011-11-09 12:34:00",1,188.14,30,0
"12894.0","2010-05-13 14:47:00","2010-05-13 14:47:00",1,157.35,575,1
"12895.0","2011-09-14 08:35:00","2011-10-28 13:51:00",2,372.8,42,1
"12897.0","2010-06-14 11:58:00","2011-05-19 12:13:00",4,514.25,204,1
"12898.0","2010-02-18 12:36:00","2010-09-02 08:08:00",2,310.96,463,1
"12899.0","2010-10-22 09:53:00","2010-10-22 09:53:00",1,366.4,413,1
"12900.0","2010-10-13 15:17:00","2010-10-13 15:17:00",1,340.33,422,1
"12901.0","2011-03-14 10:41:00","2011-12-01 10:07:00",28,17654.54,8,0
"12902.0","2011-03-20 12:06:00","2011-03-20 12:06:00",1,138.68,264,1
"12903.0","2010-10-07 12:39:00","2010-10-07 12:39:00",1,833.53,428,1
"12904.0","2011-06-20 13:18:00","2011-11-21 14:34:00",2,509.58,18,0
"12905.0","2010-01-26 14:06:00","2010-05-12 10:05:00",2,1018.42,576,1
"12906.0","2011-09-22 15:03:00","2011-11-28 09:55:00",5,2919.81,11,0
"12907.0","2010-08-02 14:33:00","2010-11-09 12:08:00",2,508.91,395,1
"12908.0","2010-03-19 15:59:00","2011-06-16 15:39:00",5,1776.0,176,1
"12909.0","2010-02-24 12:14:00","2011-10-31 12:43:00",8,3103.19,39,1
"12910.0","2010-03-28 13:10:00","2011-11-16 14:28:00",13,5796.52,23,0
"12911.0","2010-06-06 12:13:00","2010-06-06 12:13:00",1,1680.47,551,1
"12912.0","2011-10-30 11:35:00","2011-12-07 08:55:00",5,1662.3,2,0
"12913.0","2009-12-01 12:18:00","2011-12-05 12:11:00",13,6700.86,4,0
"12914.0","2010-11-04 12:28:00","2010-11-04 12:28:00",1,223.98,400,1
"12915.0","2010-04-29 19:36:00","2011-07-14 11:34:00",4,1174.75,148,1
"12916.0","2010-01-24 11:26:00","2011-07-24 10:35:00",7,4654.02,138,1
"12917.0","2009-12-09 14:22:00","2011-08-03 16:42:00",6,4359.2,128,1
"12919.0","2011-06-23 09:22:00","2011-12-01 13:47:00",6,1335.19,8,0
"12920.0","2009-12-14 15:58:00","2011-11-22 15:05:00",4,488.09,17,0
"12921.0","2009-12-01 13:43:00","2011-11-30 16:22:00",74,35921.04,9,0
"12922.0","2011-07-01 15:35:00","2011-07-01 15:35:00",1,405.38,161,1
"12923.0","2010-05-13 14:55:00","2011-10-06 16:20:00",3,788.62,64,1
"12924.0","2009-12-09 12:40:00","2011-09-12 13:55:00",12,2461.45,88,1
"12925.0","2010-04-26 10:32:00","2011-12-05 11:11:00",3,729.33,4,0
"12926.0","2009-12-14 14:35:00","2010-10-24 15:57:00",4,1548.08,411,1
"12927.0","2010-11-10 10:02:00","2010-11-10 10:02:00",1,197.31,394,1
"12928.0","2010-06-08 10:16:00","2011-11-04 14:24:00",12,4304.89,35,1
"12929.0","2011-02-01 12:08:00","2011-02-01 12:08:00",1,117.85,311,1
"12930.0","2011-06-21 13:25:00","2011-09-22 15:18:00",2,415.8,78,1
"12931.0","2009-12-01 11:46:00","2011-11-18 12:39:00",57,92347.34,21,0
"12932.0","2010-02-10 08:46:00","2010-06-18 14:22:00",8,1698.56,539,1
"12933.0","2009-12-10 16:39:00","2011-11-15 16:38:00",8,1687.03,24,0
"12934.0","2009-12-03 10:51:00","2009-12-03 10:51:00",1,181.65,736,1
"12935.0","2010-04-11 15:59:00","2011-12-07 17:25:00",15,4243.86,2,0
"12936.0","2011-09-22 13:51:00","2011-11-22 17:32:00",4,1063.9,17,0
"12937.0","2009-12-03 15:43:00","2011-11-24 15:05:00",9,3097.61,15,0
"12938.0","2011-11-14 11:21:00","2011-11-14 11:21:00",1,114.14,25,0
"12939.0","2010-01-12 11:27:00","2011-10-06 14:33:00",20,25264.8,64,1
"12940.0","2011-09-13 10:16:00","2011-10-16 12:09:00",2,913.54,54,1
"12941.0","2009-12-15 13:12:00","2009-12-15 13:12:00",1,377.49,724,1
"12942.0","2010-12-09 09:34:00","2011-07-31 14:39:00",3,942.65,131,1
"12943.0","2010-04-13 11:03:00","2010-05-30 13:52:00",2,496.5,558,1
"12944.0","2010-12-20 10:41:00","2011-11-04 11:04:00",2,604.51,35,1
"12945.0","2010-02-21 15:18:00","2011-02-24 14:15:00",2,900.11,288,1
"12946.0","2010-09-29 10:14:00","2010-09-29 10:14:00",1,324.45,436,1
"12947.0","2010-12-01 16:21:00","2011-07-19 10:06:00",6,1908.03,143,1
"12948.0","2009-12-02 12:28:00","2011-11-23 17:10:00",9,2317.43,16,0
"12949.0","2009-12-03 15:56:00","2011-11-09 11:25:00",22,15526.7,30,0
"12950.0","2011-11-15 13:48:00","2011-12-07 13:17:00",3,1843.0,2,0
"12951.0","2010-01-10 12:43:00","2011-12-01 12:14:00",15,3213.72,8,0
"12952.0","2011-09-22 16:37:00","2011-12-04 10:35:00",4,1387.79,5,0
"12953.0","2010-07-05 13:37:00","2011-11-30 09:24:00",2,828.81,9,0
"12954.0","2010-03-11 10:16:00","2010-03-11 10:16:00",1,162.45,638,1
"12955.0","2011-03-17 09:03:00","2011-12-08 16:29:00",11,4757.16,1,0
"12956.0","2009-12-15 19:03:00","2011-02-06 16:08:00",4,521.89,306,1
"12957.0","2009-12-11 12:01:00","2011-11-30 09:53:00",13,8706.97,9,0
"12958.0","2010-05-05 16:22:00","2010-11-04 16:16:00",2,539.49,400,1
"12959.0","2010-08-12 17:20:00","2010-08-12 17:20:00",1,150.95,484,1
"12960.0","2010-02-16 13:32:00","2010-10-22 09:31:00",4,1322.07,413,1
"12961.0","2010-11-25 16:44:00","2010-11-25 16:44:00",1,211.99,379,1
"12962.0","2011-08-18 13:38:00","2011-12-02 15:55:00",2,266.39,7,0
"12963.0","2010-07-08 14:45:00","2011-12-01 12:55:00",12,3601.59,8,0
"12964.0","2010-09-28 17:47:00","2010-09-28 17:47:00",1,132.24,437,1
"12965.0","2011-09-11 15:31:00","2011-09-11 15:31:00",1,771.91,89,1
"12966.0","2011-11-30 12:38:00","2011-11-30 12:38:00",1,160.18,9,0
"12967.0","2010-11-21 11:03:00","2010-12-16 19:10:00",3,4306.92,358,1
"12968.0","2011-08-19 15:44:00","2011-08-19 15:44:00",1,135.95,112,1
"12969.0","2010-04-16 10:50:00","2010-04-16 10:50:00",1,122.45,602,1
"12970.0","2009-12-04 14:19:00","2011-12-02 14:30:00",10,1523.91,7,0
"12971.0","2009-12-15 19:04:00","2011-12-06 12:20:00",116,15972.79,3,0
"12972.0","2010-02-16 14:30:00","2010-10-22 08:41:00",4,1161.2,413,1
"12973.0","2010-10-22 10:14:00","2010-10-22 10:14:00",1,385.55,413,1
"12974.0","2010-05-23 11:45:00","2011-05-26 09:33:00",2,408.95,197,1
"12975.0","2009-12-06 10:38:00","2010-09-29 09:46:00",6,2100.09,436,1
"12976.0","2010-02-12 15:46:00","2011-05-12 09:55:00",8,3156.38,211,1
"12977.0","2010-07-16 16:25:00","2011-07-06 16:40:00",4,517.63,156,1
"12978.0","2009-12-10 12:10:00","2010-11-19 14:29:00",5,2502.82,385,1
"12979.0","2009-12-10 15:45:00","2009-12-10 15:45:00",1,517.7,729,1
"12980.0","2009-12-02 11:26:00","2011-07-05 09:34:00",21,16245.78,157,1
"12981.0","2011-07-29 14:14:00","2011-11-10 12:00:00",2,372.22,29,0
"12982.0","2010-04-12 13:50:00","2011-04-11 11:51:00",8,2744.81,242,1
"12983.0","2010-04-20 12:58:00","2010-04-20 12:58:00",1,490.08,598,1
"12984.0","2011-11-21 12:37:00","2011-11-21 12:37:00",1,97.5,18,0
"12985.0","2011-11-11 12:44:00","2011-12-09 10:46:00",2,1239.38,0,0
"12986.0","2010-01-21 10:45:00","2010-10-07 11:57:00",10,2729.84,428,1
"12987.0","2010-01-20 09:57:00","2011-09-27 12:03:00",5,1312.21,73,1
"12988.0","2011-02-20 14:31:00","2011-02-20 14:31:00",1,535.32,292,1
"12989.0","2009-12-10 13:27:00","2011-12-06 15:28:00",33,13551.75,3,0
"12990.0","2010-03-30 11:36:00","2011-11-08 13:01:00",7,955.5,31,1
"12991.0","2010-11-15 13:43:00","2011-11-16 15:34:00",3,764.82,23,0
"12992.0","2009-12-14 16:46:00","2009-12-14 16:46:00",1,93.35,725,1
"12993.0","2010-02-18 10:35:00","2011-11-16 15:49:00",8,1259.63,23,0
"12994.0","2011-03-16 08:31:00","2011-12-05 15:43:00",3,974.42,4,0
"12995.0","2011-09-15 15:44:00","2011-09-15 15:44:00",1,211.32,85,1
"12996.0","2010-11-29 09:27:00","2010-11-29 09:27:00",1,355.5,375,1
"12997.0","2010-04-06 11:06:00","2011-11-17 15:47:00",8,2110.91,22,0
"12998.0","2010-02-24 11:55:00","2010-08-04 08:05:00",3,920.08,492,1
"12999.0","2011-04-08 10:26:00","2011-05-27 13:24:00",3,455.88,196,1
"13000.0","2009-12-14 17:03:00","2011-08-25 10:43:00",4,1032.5,106,1
"13001.0","2009-12-03 16:21:00","2011-12-05 14:51:00",33,24172.1,4,0
"13002.0","2010-10-01 11:58:00","2011-01-25 15:18:00",3,414.13,318,1
"13003.0","2011-05-09 08:23:00","2011-08-26 10:50:00",3,149.05,105,1
"13004.0","2009-12-15 09:44:00","2011-11-28 11:27:00",36,11650.85,11,0
"13005.0","2010-09-08 12:52:00","2011-06-19 10:53:00",4,999.68,173,1
"13006.0","2011-10-14 13:49:00","2011-10-14 13:49:00",1,81.57,56,1
"13007.0","2010-05-09 10:38:00","2010-05-09 10:38:00",1,175.25,579,1
"13008.0","2009-12-16 16:07:00","2011-01-20 14:24:00",3,612.13,323,1
"13009.0","2010-02-05 12:22:00","2010-02-05 12:22:00",1,234.0,672,1
"13010.0","2010-03-01 11:28:00","2010-11-30 15:09:00",2,330.12,374,1
"13011.0","2010-12-02 17:22:00","2010-12-02 17:22:00",1,101.1,372,1
"13012.0","2010-04-26 14:14:00","2011-11-30 13:05:00",11,2972.83,9,0
"13013.0","2009-12-14 10:34:00","2011-12-08 15:01:00",29,12625.77,1,0
"13014.0","2010-10-03 11:35:00","2011-11-29 12:27:00",11,5381.08,10,0
"13015.0","2010-04-15 16:35:00","2011-10-17 13:19:00",11,6586.42,53,1
"13016.0","2011-08-08 15:00:00","2011-09-27 14:08:00",3,789.89,73,1
"13017.0","2011-12-02 15:53:00","2011-12-02 15:53:00",1,204.0,7,0
"13018.0","2010-03-01 12:34:00","2011-11-23 13:28:00",35,9763.16,16,0
"13019.0","2009-12-06 15:40:00","2010-11-25 14:56:00",6,1229.95,379,1
"13020.0","2010-02-18 10:35:00","2010-05-26 11:12:00",2,618.96,562,1
"13021.0","2009-12-05 12:02:00","2011-12-05 16:37:00",17,4887.24,4,0
"13022.0","2010-10-06 10:50:00","2010-10-06 10:50:00",1,50.3,429,1
"13023.0","2010-06-29 09:51:00","2011-10-06 16:27:00",3,1251.03,64,1
"13024.0","2010-05-06 14:25:00","2010-08-26 09:42:00",2,555.87,470,1
"13025.0","2009-12-08 10:02:00","2009-12-08 10:02:00",1,323.39,731,1
"13026.0","2009-12-13 11:34:00","2011-12-08 16:58:00",9,1733.08,1,0
"13027.0","2010-01-20 10:41:00","2011-08-18 09:39:00",19,17335.2,113,1
"13028.0","2011-10-25 14:09:00","2011-11-17 11:10:00",2,661.32,22,0
"13029.0","2010-07-04 13:46:00","2011-11-09 09:13:00",5,1927.3,30,0
"13030.0","2010-12-06 14:31:00","2011-11-28 14:30:00",2,1227.22,11,0
"13031.0","2010-06-03 14:57:00","2010-10-28 15:34:00",5,3419.27,407,1
"13032.0","2010-09-05 14:01:00","2011-10-18 15:54:00",9,2843.55,52,1
"13033.0","2010-10-06 09:37:00","2010-12-17 14:23:00",2,220.55,357,1
"13034.0","2010-11-03 15:22:00","2011-10-16 12:21:00",3,922.68,54,1
"13035.0","2010-10-04 15:41:00","2011-09-27 08:57:00",3,1364.2,73,1
"13036.0","2010-01-24 11:35:00","2010-01-24 11:35:00",1,307.1,684,1
"13037.0","2009-12-03 17:04:00","2011-07-24 15:46:00",12,3914.95,138,1
"13038.0","2011-02-22 11:43:00","2011-09-20 14:37:00",3,908.46,80,1
"13039.0","2009-12-17 16:43:00","2010-05-04 16:45:00",4,1010.73,584,1
"13040.0","2011-11-06 13:53:00","2011-12-01 10:38:00",2,676.99,8,0
"13041.0","2010-04-29 08:43:00","2010-09-15 11:44:00",4,799.13,450,1
"13042.0","2009-12-07 15:42:00","2010-04-20 13:43:00",3,1556.54,598,1
"13043.0","2011-03-11 14:52:00","2011-03-11 14:52:00",1,516.42,273,1
"13044.0","2010-01-08 14:46:00","2011-02-21 15:20:00",11,4853.9,291,1
"13045.0","2010-08-10 13:02:00","2011-09-01 15:04:00",3,808.92,99,1
"13046.0","2010-09-09 13:09:00","2011-11-09 08:36:00",3,949.25,30,0
"13047.0","2009-12-16 11:43:00","2011-10-14 11:15:00",23,8790.21,56,1
"13048.0","2010-01-27 12:55:00","2011-11-25 13:23:00",9,4084.21,14,0
"13049.0","2010-11-03 15:39:00","2011-10-06 15:31:00",4,1408.24,64,1
"13050.0","2009-12-15 15:06:00","2011-11-25 09:18:00",34,12235.3,14,0
"13051.0","2010-03-30 11:11:00","2010-05-10 09:14:00",2,155.8,578,1
"13052.0","2010-02-23 12:31:00","2011-05-11 14:12:00",7,3167.68,212,1
"13053.0","2010-03-28 11:28:00","2010-03-28 11:28:00",1,127.65,621,1
"13055.0","2010-10-06 08:17:00","2011-09-22 14:26:00",4,2321.11,78,1
"13056.0","2010-06-06 14:10:00","2010-06-06 14:10:00",1,209.48,551,1
"13057.0","2010-03-18 12:14:00","2010-06-27 15:44:00",3,722.09,530,1
"13058.0","2011-07-11 12:01:00","2011-11-15 12:43:00",3,271.4,24,0
"13059.0","2010-03-31 12:23:00","2011-04-04 10:40:00",10,2303.17,249,1
"13060.0","2011-03-31 11:37:00","2011-03-31 11:37:00",1,307.53,253,1
"13061.0","2011-09-28 16:04:00","2011-09-28 16:04:00",1,248.61,72,1
"13062.0","2011-06-01 15:12:00","2011-06-01 15:12:00",1,346.98,191,1
"13063.0","2010-08-16 12:27:00","2010-08-16 12:27:00",1,188.4,480,1
"13064.0","2010-04-27 10:08:00","2011-11-27 12:31:00",6,1680.74,12,0
"13065.0","2010-06-10 11:44:00","2010-12-01 16:52:00",5,1260.91,373,1
"13066.0","2011-11-07 17:06:00","2011-11-15 12:57:00",2,470.8,24,0
"13067.0","2010-09-19 13:43:00","2011-09-18 13:38:00",3,508.51,82,1
"13068.0","2011-01-24 08:20:00","2011-11-29 15:00:00",2,344.0,10,0
"13069.0","2010-06-14 14:27:00","2011-12-09 08:39:00",38,9683.13,0,0
"13070.0","2009-12-07 14:44:00","2011-05-31 13:45:00",4,751.7,192,1
"13071.0","2010-04-06 13:37:00","2010-04-06 13:37:00",1,129.22,612,1
"13072.0","2011-03-18 08:12:00","2011-03-18 08:12:00",1,177.15,266,1
"13073.0","2010-09-28 09:27:00","2010-10-24 14:06:00",2,418.08,411,1
"13074.0","2009-12-16 11:46:00","2010-07-16 16:53:00",4,1378.74,511,1
"13075.0","2011-08-02 10:19:00","2011-08-02 10:19:00",1,919.61,129,1
"13076.0","2010-09-08 10:27:00","2010-09-08 10:27:00",1,135.4,457,1
"13077.0","2009-12-11 11:17:00","2011-12-08 19:24:00",11,3064.67,1,0
"13078.0","2009-12-01 09:06:00","2011-12-06 15:36:00",57,29532.45,3,0
"13079.0","2010-10-18 14:15:00","2011-12-05 16:53:00",6,419.18,4,0
"13080.0","2010-04-09 13:07:00","2011-06-13 14:59:00",4,280.73,179,1
"13081.0","2009-12-08 13:58:00","2011-11-28 10:54:00",28,59205.15,11,0
"13082.0","2009-12-22 15:37:00","2011-08-05 16:16:00",21,7335.75,126,1
"13083.0","2010-10-10 13:38:00","2011-12-05 15:01:00",3,395.43,4,0
"13084.0","2010-08-05 08:49:00","2010-08-05 08:49:00",1,122.4,491,1
"13085.0","2009-12-01 07:45:00","2011-07-05 12:11:00",8,2433.28,157,1
"13086.0","2010-11-22 10:28:00","2010-11-22 10:28:00",1,439.33,382,1
"13087.0","2009-12-13 15:16:00","2009-12-13 15:16:00",1,313.64,726,1
"13088.0","2010-10-18 15:35:00","2010-10-18 15:35:00",1,236.11,417,1
"13089.0","2009-12-02 15:44:00","2011-12-07 09:02:00",203,116737.86,2,0
"13090.0","2010-08-02 13:58:00","2011-12-01 12:39:00",23,14073.09,8,0
"13091.0","2009-12-10 12:44:00","2011-11-11 15:54:00",2,1108.8,28,0
"13092.0","2010-02-10 08:44:00","2011-09-30 11:18:00",12,2140.28,70,1
"13093.0","2009-12-04 10:32:00","2011-03-09 12:14:00",55,54943.65,275,1
"13094.0","2010-11-15 14:15:00","2011-11-18 14:07:00",13,2433.12,21,0
"13095.0","2011-09-30 12:03:00","2011-09-30 12:03:00",1,74.4,70,1
"13096.0","2010-11-10 14:08:00","2010-11-10 14:08:00",1,419.7,394,1
"13097.0","2009-12-01 13:31:00","2011-11-07 10:43:00",27,13080.48,32,1
"13098.0","2011-01-26 13:46:00","2011-12-08 14:14:00",28,28882.44,1,0
"13099.0","2011-09-01 17:40:00","2011-09-01 17:40:00",1,207.36,99,1
"13101.0","2010-01-27 15:49:00","2011-04-19 14:37:00",4,695.4,234,1
"13102.0","2010-05-06 13:12:00","2011-12-08 12:52:00",37,11696.92,1,0
"13103.0","2010-05-11 14:41:00","2011-10-31 09:38:00",3,709.64,39,1
"13104.0","2010-02-24 15:06:00","2011-12-06 13:10:00",9,1709.1,3,0
"13105.0","2010-09-29 13:41:00","2010-09-29 13:41:00",1,72.0,436,1
"13106.0","2010-10-22 13:10:00","2011-07-29 15:12:00",2,603.46,133,1
"13107.0","2010-02-04 10:50:00","2011-10-26 14:52:00",9,5253.07,44,1
"13108.0","2010-09-30 17:09:00","2010-12-02 10:35:00",2,1098.52,372,1
"13109.0","2010-06-06 12:59:00","2011-10-11 10:16:00",3,1134.03,59,1
"13110.0","2009-12-01 14:14:00","2011-11-08 14:30:00",12,2957.47,31,1
"13111.0","2009-12-21 09:00:00","2009-12-21 09:00:00",1,321.88,718,1
"13112.0","2010-06-16 17:03:00","2010-06-16 17:03:00",1,20.6,541,1
"13113.0","2010-03-28 16:13:00","2011-12-09 12:49:00",37,18625.73,0,0
"13114.0","2009-12-09 09:56:00","2009-12-09 09:56:00",1,234.38,730,1
"13115.0","2010-04-19 13:29:00","2011-11-28 12:38:00",10,5494.7,11,0
"13116.0","2011-07-24 14:33:00","2011-07-24 14:33:00",1,501.14,138,1
"13117.0","2010-03-26 13:50:00","2011-11-18 12:02:00",18,2643.81,21,0
"13118.0","2010-09-26 15:46:00","2011-11-20 12:46:00",9,2415.41,19,0
"13119.0","2010-02-09 08:38:00","2010-02-09 08:38:00",1,134.9,668,1
"13120.0","2011-04-15 10:19:00","2011-04-15 10:19:00",1,30.6,238,1
"13121.0","2011-03-15 16:47:00","2011-03-15 16:47:00",1,283.73,269,1
"13122.0","2011-04-13 14:12:00","2011-09-06 15:53:00",2,922.39,94,1
"13123.0","2010-06-28 12:43:00","2010-08-24 10:18:00",2,506.75,472,1
"13124.0","2010-11-19 15:50:00","2011-09-11 12:45:00",4,4782.45,89,1
"13125.0","2010-07-04 11:58:00","2010-07-04 11:58:00",1,158.57,523,1
"13126.0","2010-03-02 12:24:00","2011-12-05 10:00:00",13,3998.25,4,0
"13127.0","2011-09-23 10:26:00","2011-09-23 10:26:00",1,259.17,77,1
"13128.0","2010-03-18 15:08:00","2010-03-18 15:08:00",1,263.5,631,1
"13129.0","2010-06-28 11:54:00","2010-09-13 13:47:00",2,233.25,452,1
"13130.0","2011-09-06 15:30:00","2011-09-06 15:30:00",1,64.0,94,1
"13131.0","2010-02-09 09:47:00","2011-11-16 13:21:00",7,3313.77,23,0
"13132.0","2011-03-23 12:44:00","2011-03-23 12:44:00",1,77.3,261,1
"13133.0","2010-09-06 15:30:00","2011-03-11 10:31:00",3,200.45,273,1
"13134.0","2010-10-19 13:21:00","2011-09-15 10:35:00",6,2475.23,85,1
"13135.0","2010-08-05 17:28:00","2011-05-27 10:52:00",2,3371.45,196,1
"13136.0","2009-12-08 18:30:00","2011-10-14 13:41:00",13,6274.56,56,1
"13137.0","2010-07-25 15:40:00","2011-11-29 12:09:00",16,7712.7,10,0
"13138.0","2010-11-08 11:45:00","2011-11-17 16:51:00",7,1467.24,22,0
"13139.0","2010-09-28 09:12:00","2011-11-23 13:54:00",8,8202.98,16,0
"13140.0","2010-08-05 19:05:00","2011-08-23 15:33:00",5,1215.68,108,1
"13141.0","2009-12-09 13:34:00","2011-09-16 09:54:00",17,7668.58,84,1
"13142.0","2011-11-20 16:07:00","2011-11-20 16:07:00",1,307.09,19,0
"13143.0","2010-05-04 12:22:00","2010-05-04 12:22:00",1,405.1,584,1
"13144.0","2010-10-04 14:14:00","2011-01-11 11:15:00",2,135.35,332,1
"13145.0","2010-04-19 11:11:00","2011-10-31 12:45:00",7,1423.52,39,1
"13146.0","2011-11-13 15:29:00","2011-11-13 15:29:00",1,228.91,26,0
"13147.0","2011-09-01 12:28:00","2011-11-29 13:59:00",4,712.8,10,0
"13148.0","2009-12-07 15:26:00","2011-11-10 15:23:00",26,8612.31,29,0
"13149.0","2011-02-23 13:57:00","2011-11-25 13:09:00",4,1676.06,14,0
"13150.0","2010-03-19 09:03:00","2010-08-12 12:59:00",3,449.97,484,1
"13151.0","2010-03-22 10:26:00","2011-02-17 12:29:00",3,2570.24,295,1
"13152.0","2010-01-14 10:01:00","2010-10-18 13:44:00",7,2146.38,417,1
"13153.0","2011-12-04 12:14:00","2011-12-04 12:14:00",1,486.22,5,0
"13154.0","2009-12-04 08:46:00","2010-11-05 16:00:00",3,1624.84,399,1
"13155.0","2010-08-05 09:30:00","2011-11-06 15:41:00",6,1750.18,33,1
"13156.0","2010-02-01 13:45:00","2010-11-19 13:09:00",3,1586.54,385,1
"13157.0","2010-03-08 11:59:00","2011-10-21 13:50:00",9,5687.36,49,1
"13158.0","2010-11-16 17:12:00","2011-09-06 11:58:00",5,1508.18,94,1
"13159.0","2011-08-16 11:44:00","2011-12-01 11:20:00",4,1437.85,8,0
"13160.0","2011-11-17 13:07:00","2011-11-17 13:07:00",1,91.8,22,0
"13161.0","2010-07-27 12:44:00","2011-01-30 14:03:00",2,478.88,313,1
"13162.0","2009-12-04 13:59:00","2011-08-09 15:59:00",16,9275.49,122,1
"13163.0","2010-04-08 16:21:00","2010-04-08 16:21:00",1,17.65,610,1
"13164.0","2010-02-10 11:52:00","2010-05-19 13:52:00",2,372.2,569,1
"13165.0","2010-10-22 17:04:00","2011-10-24 15:05:00",3,1451.16,46,1
"13166.0","2010-10-21 14:29:00","2011-03-01 15:16:00",2,884.18,283,1
"13167.0","2010-11-14 12:58:00","2011-11-21 12:24:00",5,1113.15,18,0
"13168.0","2010-06-15 15:00:00","2011-11-03 12:56:00",5,1875.31,36,1
"13169.0","2010-05-26 15:58:00","2011-10-07 12:11:00",3,840.08,63,1
"13170.0","2011-11-13 12:19:00","2011-11-13 12:19:00",1,116.01,26,0
"13171.0","2011-02-13 14:16:00","2011-11-18 10:27:00",3,468.41,21,0
"13172.0","2010-11-04 15:10:00","2010-11-04 15:10:00",1,69.6,400,1
"13173.0","2009-12-10 12:52:00","2011-12-05 15:51:00",11,2629.35,4,0
"13174.0","2009-12-04 15:40:00","2011-11-23 14:35:00",11,9471.94,16,0
"13175.0","2009-12-04 12:11:00","2010-05-06 13:13:00",2,831.45,582,1
"13176.0","2011-10-24 15:43:00","2011-10-24 15:43:00",1,492.84,46,1
"13177.0","2010-10-05 10:35:00","2011-10-06 09:56:00",2,512.2,64,1
"13178.0","2009-12-16 14:00:00","2011-11-13 16:14:00",21,14059.19,26,0
"13179.0","2010-03-31 11:40:00","2010-03-31 11:40:00",1,572.31,618,1
"13180.0","2010-04-11 13:37:00","2010-04-11 13:37:00",1,86.1,607,1
"13181.0","2010-11-23 15:05:00","2010-11-23 15:05:00",1,359.69,381,1
"13182.0","2011-10-25 13:46:00","2011-10-25 13:46:00",1,121.18,45,1
"13183.0","2010-03-14 12:32:00","2011-12-02 10:30:00",15,7036.18,7,0
"13184.0","2011-02-22 17:25:00","2011-11-25 12:02:00",10,1700.29,14,0
"13185.0","2011-03-17 11:56:00","2011-03-17 11:56:00",1,71.4,267,1
"13186.0","2011-08-03 09:09:00","2011-10-31 11:40:00",3,1575.89,39,1
"13187.0","2010-03-25 17:18:00","2011-01-06 18:57:00",4,348.01,337,1
"13188.0","2011-11-28 15:28:00","2011-11-28 15:28:00",1,114.6,11,0
"13189.0","2011-08-16 13:12:00","2011-11-21 10:39:00",2,260.68,18,0
"13190.0","2009-12-07 12:13:00","2010-06-13 15:47:00",3,570.66,544,1
"13191.0","2010-02-19 17:02:00","2010-02-19 17:02:00",1,159.21,658,1
"13192.0","2010-01-22 08:37:00","2011-09-05 14:13:00",6,2558.58,95,1
"13193.0","2011-10-09 14:30:00","2011-10-09 14:30:00",1,117.88,61,1
"13194.0","2010-10-14 11:54:00","2011-07-27 09:01:00",2,472.78,135,1
"13195.0","2010-10-21 13:07:00","2010-10-21 13:07:00",1,172.38,414,1
"13196.0","2010-04-01 12:54:00","2011-11-28 13:54:00",7,3068.84,11,0
"13197.0","2010-04-09 09:14:00","2010-04-09 09:14:00",1,373.01,609,1
"13198.0","2010-10-01 13:27:00","2011-11-29 15:17:00",8,4974.23,10,0
"13199.0","2009-12-05 10:11:00","2011-12-06 12:30:00",66,16417.89,3,0
"13200.0","2011-08-05 14:50:00","2011-11-20 15:35:00",4,870.09,19,0
"13201.0","2010-03-07 11:01:00","2010-07-25 14:30:00",4,1240.61,502,1
"13202.0","2009-12-09 10:48:00","2010-11-10 16:24:00",7,1580.3,394,1
"13203.0","2009-12-17 14:15:00","2011-11-30 10:45:00",10,2648.25,9,0
"13204.0","2009-12-08 14:56:00","2009-12-08 14:56:00",1,966.66,731,1
"13205.0","2010-09-22 16:26:00","2010-09-22 16:26:00",1,2803.2,443,1
"13206.0","2009-12-07 13:48:00","2010-11-04 16:50:00",13,8377.32,400,1
"13207.0","2010-04-06 16:37:00","2011-11-24 14:52:00",4,535.86,15,0
"13208.0","2009-12-03 13:25:00","2011-10-11 16:25:00",8,1964.02,59,1
"13209.0","2010-01-24 14:30:00","2011-11-09 13:54:00",13,8509.51,30,0
"13210.0","2011-09-07 08:18:00","2011-09-07 08:18:00",1,353.48,93,1
"13211.0","2009-12-06 15:24:00","2011-11-29 14:43:00",10,2729.32,10,0
"13212.0","2011-10-09 14:48:00","2011-11-20 12:40:00",3,788.08,19,0
"13213.0","2010-05-20 14:50:00","2011-10-14 11:42:00",11,3851.52,56,1
"13214.0","2010-03-03 14:10:00","2010-10-18 10:00:00",7,3264.23,417,1
"13215.0","2010-11-02 18:26:00","2010-11-02 18:26:00",1,81.6,402,1
"13216.0","2011-03-17 12:18:00","2011-03-17 12:18:00",1,333.74,267,1
"13217.0","2010-02-22 12:49:00","2011-08-09 15:32:00",4,666.48,122,1
"13218.0","2011-08-04 16:59:00","2011-08-04 16:59:00",1,62.64,127,1
"13219.0","2010-03-31 14:18:00","2010-03-31 14:18:00",1,76.23,618,1
"13220.0","2010-05-13 10:35:00","2011-09-22 13:38:00",5,1336.09,78,1
"13221.0","2010-12-15 13:24:00","2011-04-13 16:58:00",2,844.86,240,1
"13222.0","2010-05-11 13:54:00","2010-05-11 13:54:00",1,88.5,577,1
"13223.0","2010-02-12 13:27:00","2011-05-23 13:03:00",6,969.12,200,1
"13224.0","2011-07-11 14:10:00","2011-10-10 14:55:00",2,2152.95,60,1
"13225.0","2009-12-17 09:09:00","2011-12-06 13:29:00",16,16260.07,3,0
"13226.0","2010-11-11 13:46:00","2011-03-11 14:35:00",2,312.46,273,1
"13227.0","2011-05-22 11:47:00","2011-05-22 11:47:00",1,257.7,201,1
"13228.0","2011-09-19 14:28:00","2011-09-19 14:28:00",1,358.0,81,1
"13229.0","2011-04-28 12:07:00","2011-04-28 12:07:00",1,160.95,225,1
"13230.0","2010-03-18 20:02:00","2011-12-05 16:03:00",30,6350.28,4,0
"13232.0","2011-04-10 13:48:00","2011-11-27 10:39:00",7,1357.0,12,0
"13233.0","2010-01-14 14:10:00","2011-09-26 13:25:00",4,1176.46,74,1
"13234.0","2009-12-07 12:32:00","2010-02-05 11:41:00",2,356.95,672,1
"13235.0","2011-05-11 17:13:00","2011-05-11 17:13:00",1,1031.07,212,1
"13236.0","2011-08-25 08:58:00","2011-11-15 12:50:00",2,744.85,24,0
"13237.0","2010-11-17 10:07:00","2010-11-17 10:07:00",1,643.0,387,1
"13238.0","2010-04-28 15:02:00","2011-11-22 15:37:00",6,1006.63,17,0
"13239.0","2010-07-25 13:34:00","2011-03-23 10:25:00",5,1594.69,261,1
"13240.0","2010-02-25 13:17:00","2011-09-04 14:08:00",8,1718.12,96,1
"13241.0","2010-10-24 11:17:00","2010-10-24 11:17:00",1,115.58,411,1
"13242.0","2010-02-09 13:12:00","2011-08-19 12:53:00",7,699.4,112,1
"13243.0","2010-03-18 13:10:00","2011-05-20 13:14:00",5,1278.04,203,1
"13244.0","2011-09-08 11:46:00","2011-09-08 11:46:00",1,121.74,92,1
"13245.0","2010-10-03 14:03:00","2011-10-20 11:40:00",2,989.22,50,1
"13246.0","2010-07-02 13:36:00","2011-11-21 16:50:00",11,3387.43,18,0
"13247.0","2011-09-18 11:31:00","2011-11-22 10:59:00",4,501.12,17,0
"13248.0","2011-06-03 13:05:00","2011-08-07 12:40:00",2,465.68,124,1
"13249.0","2010-01-24 12:11:00","2011-09-08 13:26:00",9,1608.93,92,1
"13250.0","2010-07-25 14:01:00","2010-09-05 11:33:00",2,256.04,460,1
"13251.0","2010-11-02 13:20:00","2010-11-02 13:20:00",1,252.68,402,1
"13252.0","2010-03-24 10:30:00","2010-11-10 16:00:00",2,399.3,394,1
"13253.0","2010-01-05 12:13:00","2011-07-06 10:09:00",4,2951.11,156,1
"13254.0","2010-11-28 15:42:00","2010-11-28 15:42:00",1,51.41,376,1
"13255.0","2010-07-15 13:20:00","2011-11-30 13:14:00",3,904.46,9,0
"13257.0","2010-09-29 14:58:00","2010-09-29 14:58:00",1,149.75,436,1
"13258.0","2010-11-04 12:45:00","2011-11-28 09:31:00",5,1035.18,11,0
"13259.0","2010-01-10 10:26:00","2011-10-09 10:48:00",9,1429.63,61,1
"13260.0","2011-10-09 13:21:00","2011-10-09 13:21:00",1,557.62,61,1
"13261.0","2011-02-27 10:41:00","2011-03-16 12:22:00",2,944.1,268,1
"13262.0","2010-04-18 12:14:00","2011-03-21 15:06:00",3,573.45,263,1
"13263.0","2010-10-22 17:07:00","2011-12-08 13:59:00",38,8679.47,1,0
"13264.0","2010-09-23 12:42:00","2010-09-23 12:42:00",1,722.56,442,1
"13265.0","2011-03-11 09:54:00","2011-10-17 15:02:00",5,2107.66,53,1
"13266.0","2009-12-17 10:52:00","2011-11-28 14:39:00",19,6135.04,11,0
"13267.0","2009-12-07 16:56:00","2011-12-07 11:12:00",36,9758.26,2,0
"13268.0","2011-03-17 13:20:00","2011-11-22 11:34:00",10,3192.65,17,0
"13269.0","2009-12-02 11:47:00","2011-12-08 14:53:00",28,8891.7,1,0
"13270.0","2010-12-08 14:53:00","2010-12-08 14:53:00",1,1180.0,366,1
"13271.0","2011-11-02 14:31:00","2011-11-02 14:31:00",1,217.38,37,1
"13272.0","2011-09-11 12:06:00","2011-11-08 14:00:00",2,276.56,31,1
"13273.0","2011-08-18 14:02:00","2011-08-18 14:02:00",1,138.98,113,1
"13274.0","2010-10-26 13:48:00","2010-10-26 13:48:00",1,360.85,409,1
"13275.0","2010-03-17 14:05:00","2010-11-21 12:09:00",2,241.66,383,1
"13276.0","2010-03-07 14:05:00","2011-10-07 12:44:00",5,1939.26,63,1
"13277.0","2010-06-18 08:45:00","2011-11-24 09:21:00",7,523.3,15,0
"13278.0","2010-04-08 11:59:00","2011-10-30 11:49:00",4,1425.35,40,1
"13279.0","2011-09-22 17:24:00","2011-09-22 17:24:00",1,137.75,78,1
"13280.0","2010-03-05 09:07:00","2011-08-09 13:14:00",7,2322.63,122,1
"13281.0","2010-09-26 16:03:00","2010-09-26 16:03:00",1,350.85,439,1
"13282.0","2010-10-29 14:11:00","2011-11-21 15:33:00",4,1313.19,18,0
"13283.0","2010-03-09 14:36:00","2011-10-11 09:50:00",4,373.36,59,1
"13284.0","2011-01-13 09:23:00","2011-01-13 09:23:00",1,201.19,330,1
"13285.0","2010-03-25 14:26:00","2011-11-16 13:19:00",6,3364.59,23,0
"13286.0","2010-04-18 15:35:00","2010-04-18 15:35:00",1,734.91,600,1
"13287.0","2010-01-04 10:43:00","2010-04-15 15:26:00",3,781.59,603,1
"13288.0","2010-02-11 14:59:00","2010-09-22 16:32:00",5,927.61,443,1
"13289.0","2009-12-16 11:53:00","2009-12-16 11:53:00",1,307.95,723,1
"13291.0","2010-02-11 18:36:00","2011-07-07 10:36:00",11,3320.84,155,1
"13292.0","2010-07-01 14:36:00","2011-11-01 10:04:00",5,994.51,38,1
"13293.0","2010-02-09 12:05:00","2010-11-12 13:28:00",6,1192.94,392,1
"13294.0","2010-03-03 12:54:00","2011-06-03 08:54:00",3,1689.53,189,1
"13295.0","2010-05-12 09:13:00","2010-12-15 11:21:00",4,1101.97,359,1
"13296.0","2010-05-11 14:29:00","2011-07-25 13:46:00",6,792.51,137,1
"13297.0","2010-06-15 12:35:00","2011-12-02 09:32:00",7,4368.62,7,0
"13298.0","2011-12-08 13:11:00","2011-12-08 13:11:00",1,360.0,1,0
"13299.0","2010-06-29 11:30:00","2011-03-16 12:55:00",3,1218.7,268,1
"13300.0","2010-05-14 15:56:00","2011-06-23 13:09:00",3,1285.51,169,1
"13301.0","2011-02-20 13:13:00","2011-08-28 11:25:00",4,600.19,103,1
"13302.0","2010-07-01 12:32:00","2011-07-07 17:56:00",2,159.2,155,1
"13303.0","2010-11-04 14:55:00","2010-11-04 14:55:00",1,61.72,400,1
"13304.0","2010-02-08 12:42:00","2010-12-23 14:35:00",4,1217.99,351,1
"13305.0","2010-03-10 14:49:00","2011-12-05 15:15:00",16,3754.71,4,0
"13306.0","2010-10-05 14:55:00","2010-10-05 14:55:00",1,53.65,430,1
"13307.0","2010-04-26 13:28:00","2011-08-11 17:14:00",3,273.34,120,1
"13308.0","2010-04-22 09:22:00","2011-11-17 09:31:00",4,1670.37,22,0
"13309.0","2010-11-12 12:10:00","2011-12-02 16:34:00",6,1706.37,7,0
"13310.0","2010-11-02 17:03:00","2011-11-11 17:23:00",5,1541.2,28,0
"13311.0","2011-07-12 14:26:00","2011-12-05 12:55:00",2,598.57,4,0
"13312.0","2010-09-14 14:36:00","2010-09-14 14:36:00",1,124.75,451,1
"13313.0","2009-12-02 16:18:00","2011-11-17 16:48:00",12,3445.32,22,0
"13314.0","2011-09-27 10:20:00","2011-12-08 12:29:00",3,775.94,1,0
"13315.0","2010-01-19 15:34:00","2010-01-19 15:34:00",1,310.26,689,1
"13316.0","2010-03-10 10:01:00","2011-11-02 13:40:00",10,13191.57,37,1
"13317.0","2009-12-13 11:11:00","2011-10-04 13:35:00",19,6486.09,66,1
"13318.0","2011-11-02 13:26:00","2011-12-08 18:51:00",3,640.76,1,0
"13319.0","2009-12-06 14:46:00","2011-12-04 13:34:00",58,22082.5,5,0
"13320.0","2010-08-18 10:29:00","2011-09-22 18:07:00",6,2228.1,78,1
"13321.0","2011-09-14 15:18:00","2011-09-28 15:24:00",2,567.36,72,1
"13322.0","2011-11-22 14:21:00","2011-11-22 14:21:00",1,199.48,17,0
"13323.0","2011-09-16 13:23:00","2011-12-06 17:12:00",5,787.85,3,0
"13324.0","2010-05-25 10:23:00","2011-11-03 16:28:00",18,10513.47,36,1
"13325.0","2011-09-19 10:36:00","2011-09-19 10:36:00",1,675.3,81,1
"13326.0","2010-10-03 16:00:00","2010-10-03 16:00:00",1,281.76,432,1
"13327.0","2009-12-18 15:35:00","2011-11-01 10:21:00",19,9797.87,38,1
"13328.0","2011-01-27 15:22:00","2011-01-27 15:22:00",1,1308.48,316,1
"13329.0","2009-12-04 15:41:00","2011-11-08 10:29:00",8,5112.97,31,1
"13330.0","2010-02-23 10:12:00","2011-09-08 12:27:00",6,2806.18,92,1
"13331.0","2010-11-03 08:04:00","2010-11-03 08:04:00",1,262.4,401,1
"13332.0","2011-11-25 13:30:00","2011-11-25 13:30:00",1,350.9,14,0
"13333.0","2010-02-19 09:26:00","2010-10-24 13:24:00",3,1015.74,411,1
"13334.0","2010-02-25 12:21:00","2011-09-18 15:21:00",5,6263.75,82,1
"13336.0","2011-09-23 14:05:00","2011-09-23 14:05:00",1,795.12,77,1
"13337.0","2010-06-11 13:27:00","2010-06-11 13:27:00",1,1575.26,546,1
"13338.0","2010-01-05 12:25:00","2011-07-05 09:06:00",4,2445.62,157,1
"13339.0","2011-05-23 08:31:00","2011-05-23 08:31:00",1,860.12,200,1
"13340.0","2010-02-22 14:54:00","2011-10-25 13:15:00",12,22100.56,45,1
"13341.0","2011-03-24 09:50:00","2011-03-24 09:50:00",1,775.85,260,1
"13343.0","2011-06-15 12:24:00","2011-06-15 12:24:00",1,353.43,177,1
"13344.0","2011-03-07 10:28:00","2011-10-03 09:45:00",3,2543.72,67,1
"13345.0","2011-02-25 09:01:00","2011-02-25 09:01:00",1,389.5,287,1
"13346.0","2010-04-22 12:34:00","2010-09-03 11:41:00",6,299.4,462,1
"13347.0","2011-09-30 13:28:00","2011-09-30 13:28:00",1,341.36,70,1
"13348.0","2011-10-06 17:28:00","2011-10-06 17:28:00",1,233.76,64,1
"13349.0","2011-11-29 08:07:00","2011-11-29 08:07:00",1,247.32,10,0
"13350.0","2011-09-21 13:33:00","2011-11-23 16:33:00",2,979.12,16,0
"13351.0","2011-10-04 12:55:00","2011-10-04 12:55:00",1,373.94,66,1
"13352.0","2011-10-10 13:55:00","2011-10-10 13:55:00",1,397.98,60,1
"13354.0","2011-09-29 13:17:00","2011-09-29 13:17:00",1,743.53,71,1
"13355.0","2011-08-09 14:48:00","2011-08-09 14:48:00",1,674.7,122,1
"13356.0","2011-09-20 14:33:00","2011-09-20 14:33:00",1,768.24,80,1
"13357.0","2010-03-22 14:30:00","2011-03-27 13:56:00",5,3817.36,257,1
"13358.0","2011-03-16 11:52:00","2011-03-16 11:52:00",1,439.03,268,1
"13359.0","2010-11-01 15:05:00","2011-10-07 09:30:00",2,1043.31,63,1
"13360.0","2010-01-08 11:16:00","2010-10-04 12:37:00",4,1553.65,431,1
"13361.0","2010-04-01 07:49:00","2010-08-24 14:56:00",2,1450.5,472,1
"13362.0","2010-10-10 15:27:00","2011-11-30 14:41:00",7,5394.07,9,0
"13363.0","2010-10-26 11:07:00","2011-11-22 12:40:00",3,1723.86,17,0
"13364.0","2011-09-29 18:13:00","2011-09-29 18:13:00",1,134.96,71,1
"13365.0","2011-05-06 12:00:00","2011-11-06 12:36:00",2,2225.37,33,1
"13366.0","2011-10-20 13:37:00","2011-10-20 13:37:00",1,56.16,50,1
"13367.0","2010-10-04 10:00:00","2010-10-04 10:00:00",1,510.2,431,1
"13368.0","2010-10-12 10:43:00","2011-03-28 09:59:00",4,1121.5,256,1
"13369.0","2010-12-09 11:30:00","2010-12-09 11:30:00",1,616.56,365,1
"13370.0","2010-12-03 10:26:00","2010-12-03 10:26:00",1,1509.74,371,1
"13371.0","2010-03-17 15:29:00","2010-07-22 17:33:00",2,2297.66,505,1
"13372.0","2011-09-11 12:46:00","2011-09-11 12:46:00",1,378.64,89,1
"13373.0","2009-12-06 12:34:00","2011-10-10 10:51:00",6,7587.19,60,1
"13374.0","2010-09-16 10:29:00","2010-10-21 10:04:00",2,422.8,414,1
"13375.0","2010-09-21 08:12:00","2011-09-12 10:19:00",2,1792.23,88,1
"13376.0","2011-04-19 13:03:00","2011-09-01 16:16:00",3,1019.76,99,1
"13377.0","2010-03-04 10:06:00","2010-11-08 12:20:00",2,1552.88,396,1
"13379.0","2011-07-26 12:26:00","2011-11-13 13:45:00",3,572.56,26,0
"13380.0","2010-10-03 10:18:00","2010-10-03 10:18:00",1,62.4,432,1
"13381.0","2009-12-01 15:19:00","2011-11-08 11:58:00",12,8224.37,31,1
"13382.0","2009-12-08 09:56:00","2011-03-04 10:03:00",5,1387.58,280,1
"13383.0","2010-06-14 11:45:00","2010-06-14 11:45:00",1,305.28,543,1
"13384.0","2010-07-27 12:22:00","2011-11-09 11:04:00",11,6680.83,30,0
"13385.0","2011-01-14 09:52:00","2011-01-14 09:52:00",1,534.57,329,1
"13386.0","2010-09-28 13:09:00","2010-10-21 12:52:00",2,835.46,414,1
"13387.0","2010-10-18 14:07:00","2010-10-18 14:07:00",1,184.34,417,1
"13388.0","2010-04-15 10:18:00","2011-07-31 12:52:00",3,1185.65,131,1
"13389.0","2011-04-21 12:12:00","2011-11-28 14:01:00",3,797.96,11,0
"13390.0","2011-09-26 08:38:00","2011-09-26 08:38:00",1,544.08,74,1
"13391.0","2011-05-20 10:50:00","2011-05-20 10:50:00",1,59.8,203,1
"13392.0","2010-01-31 13:34:00","2010-01-31 13:34:00",1,91.14,677,1
"13393.0","2009-12-07 18:12:00","2010-05-05 09:34:00",4,1131.45,583,1
"13394.0","2009-12-01 11:58:00","2011-12-08 11:36:00",19,6621.7,1,0
"13395.0","2010-10-14 13:00:00","2011-06-07 15:04:00",3,1180.23,185,1
"13396.0","2011-01-24 13:37:00","2011-11-10 16:59:00",2,1360.99,29,0
"13397.0","2010-01-20 09:50:00","2011-09-28 10:56:00",10,3191.87,72,1
"13398.0","2010-09-17 09:34:00","2011-05-31 13:17:00",2,670.34,192,1
"13399.0","2010-07-08 17:47:00","2010-09-01 13:59:00",3,275.4,464,1
"13400.0","2010-05-06 09:00:00","2010-05-06 09:00:00",1,310.83,582,1
"13402.0","2010-05-24 10:56:00","2011-08-04 15:51:00",4,1535.13,127,1
"13403.0","2009-12-16 13:23:00","2011-11-22 08:28:00",3,229.5,17,0
"13404.0","2011-05-11 11:57:00","2011-12-08 15:37:00",2,252.49,1,0
"13405.0","2009-12-15 14:13:00","2011-05-19 16:31:00",5,1198.81,204,1
"13406.0","2010-03-18 07:29:00","2010-10-08 14:44:00",2,568.92,427,1
"13407.0","2010-02-16 11:13:00","2010-05-10 12:41:00",3,2244.7,578,1
"13408.0","2009-12-04 09:31:00","2011-12-08 09:05:00",106,51733.46,1,0
"13410.0","2009-12-08 13:43:00","2011-11-15 15:33:00",9,2201.96,24,0
"13411.0","2011-08-24 13:57:00","2011-08-24 13:57:00",1,213.55,107,1
"13412.0","2010-03-29 16:28:00","2010-03-29 16:28:00",1,487.35,620,1
"13413.0","2010-01-21 17:43:00","2010-03-10 12:17:00",6,429.44,639,1
"13414.0","2010-04-15 17:00:00","2011-07-29 11:45:00",6,2494.14,133,1
"13415.0","2009-12-11 14:20:00","2010-08-24 11:38:00",4,800.67,472,1
"13416.0","2009-12-03 13:02:00","2011-10-27 08:56:00",3,940.8,43,1
"13417.0","2010-02-08 12:39:00","2011-12-05 08:49:00",6,1669.49,4,0
"13418.0","2009-12-11 12:51:00","2011-11-28 10:23:00",31,12233.6,11,0
"13419.0","2011-10-07 12:49:00","2011-10-07 12:49:00",1,221.06,63,1
"13420.0","2011-06-22 11:35:00","2011-07-13 08:48:00",2,159.85,149,1
"13421.0","2010-02-14 14:45:00","2011-10-30 14:21:00",8,4092.62,40,1
"13422.0","2011-10-06 13:42:00","2011-10-06 13:42:00",1,2626.3,64,1
"13423.0","2010-10-07 09:02:00","2010-10-07 09:02:00",1,217.03,428,1
"13424.0","2010-09-16 10:49:00","2010-09-16 10:49:00",1,572.77,449,1
"13425.0","2010-05-09 14:35:00","2011-08-23 17:13:00",5,3403.63,108,1
"13426.0","2009-12-09 15:16:00","2011-12-09 08:59:00",22,8167.38,0,0
"13427.0","2009-12-17 13:44:00","2011-11-20 13:02:00",6,1006.53,19,0
"13428.0","2010-07-13 13:20:00","2011-11-29 14:20:00",3,499.98,10,0
"13429.0","2011-09-25 15:59:00","2011-11-29 09:10:00",4,1006.8,10,0
"13430.0","2011-09-14 14:26:00","2011-11-21 08:19:00",2,679.45,18,0
"13431.0","2010-02-18 11:53:00","2011-10-03 13:49:00",8,3316.24,67,1
"13432.0","2010-04-06 14:42:00","2010-05-17 13:18:00",2,436.55,571,1
"13433.0","2010-01-12 08:59:00","2010-07-26 16:55:00",4,658.32,501,1
"13434.0","2010-02-22 09:54:00","2011-09-26 14:30:00",5,1666.86,74,1
"13435.0","2010-07-27 16:56:00","2011-12-04 14:45:00",9,4475.23,5,0
"13436.0","2011-12-08 10:33:00","2011-12-08 10:33:00",1,196.89,1,0
"13437.0","2011-06-02 14:30:00","2011-11-25 14:00:00",7,3408.06,14,0
"13438.0","2010-06-10 18:46:00","2010-06-10 18:46:00",1,46.5,547,1
"13439.0","2010-07-01 14:36:00","2011-03-29 14:20:00",3,986.61,255,1
"13440.0","2010-09-14 10:34:00","2010-10-12 13:11:00",7,1295.25,423,1
"13441.0","2010-10-04 10:38:00","2011-09-09 09:38:00",2,720.9,91,1
"13442.0","2009-12-01 14:59:00","2010-02-10 14:03:00",3,419.87,667,1
"13443.0","2010-01-31 13:30:00","2010-09-17 12:31:00",6,1276.37,448,1
"13444.0","2010-07-21 14:34:00","2010-11-30 13:02:00",2,631.68,374,1
"13445.0","2010-03-23 15:34:00","2010-03-23 15:34:00",1,241.9,626,1
"13446.0","2010-02-14 11:52:00","2010-10-05 18:51:00",11,3881.89,430,1
"13447.0","2011-11-04 10:10:00","2011-11-16 13:38:00",3,1129.14,23,0
"13448.0","2009-12-06 12:14:00","2011-11-23 12:33:00",12,8881.16,16,0
"13449.0","2011-11-16 08:28:00","2011-11-16 08:28:00",1,291.88,23,0
"13450.0","2010-04-15 19:15:00","2011-11-13 11:54:00",13,4120.04,26,0
"13451.0","2010-03-21 16:13:00","2011-11-13 15:58:00",11,7189.78,26,0
"13452.0","2010-08-24 09:53:00","2011-03-25 14:19:00",3,729.8,259,1
"13453.0","2010-11-02 13:23:00","2011-06-27 09:34:00",3,781.69,165,1
"13454.0","2010-03-08 14:40:00","2010-03-08 14:40:00",1,219.87,641,1
"13455.0","2009-12-09 08:58:00","2011-11-15 11:21:00",6,2905.93,24,0
"13456.0","2011-05-16 15:34:00","2011-11-22 09:18:00",6,1766.72,17,0
"13457.0","2009-12-02 12:46:00","2010-01-20 08:48:00",2,148.22,688,1
"13458.0","2010-11-16 14:01:00","2011-12-02 15:29:00",16,11959.27,7,0
"13459.0","2010-01-26 13:35:00","2010-03-25 10:24:00",2,1160.41,624,1
"13460.0","2011-10-21 09:50:00","2011-11-10 17:17:00",2,183.44,29,0
"13461.0","2010-04-21 16:01:00","2011-11-01 09:01:00",6,4160.0,38,1
"13462.0","2009-12-14 09:48:00","2011-04-01 11:20:00",5,1153.85,252,1
"13464.0","2010-03-31 15:22:00","2011-10-12 15:01:00",6,3097.64,58,1
"13465.0","2010-05-02 15:30:00","2010-09-19 15:13:00",2,931.12,446,1
"13466.0","2010-03-21 13:50:00","2011-06-08 16:39:00",5,1013.35,184,1
"13467.0","2011-11-03 16:56:00","2011-11-29 10:01:00",2,1083.71,10,0
"13468.0","2009-12-03 13:32:00","2011-12-08 10:39:00",72,13390.51,1,0
"13469.0","2010-02-24 15:03:00","2010-02-24 15:03:00",1,82.4,653,1
"13470.0","2011-08-16 17:06:00","2011-09-01 14:57:00",2,165.0,99,1
"13471.0","2011-10-23 13:10:00","2011-12-08 15:44:00",4,2531.58,1,0
"13472.0","2010-06-02 09:48:00","2010-09-02 09:41:00",2,592.24,463,1
"13473.0","2009-12-15 19:02:00","2011-10-10 11:20:00",8,2657.76,60,1
"13474.0","2010-08-01 14:40:00","2011-04-17 13:53:00",3,663.79,236,1
"13475.0","2011-02-14 12:36:00","2011-06-01 13:52:00",4,1431.78,191,1
"13476.0","2010-03-05 09:39:00","2011-06-14 12:00:00",5,2061.47,178,1
"13477.0","2010-01-25 11:52:00","2011-11-02 12:04:00",11,2834.17,37,1
"13478.0","2010-01-31 15:51:00","2010-08-27 13:23:00",5,2215.78,469,1
"13479.0","2010-08-19 16:18:00","2011-05-23 10:45:00",4,851.37,200,1
"13480.0","2010-01-29 12:35:00","2010-10-19 11:53:00",2,627.82,416,1
"13481.0","2009-12-04 12:37:00","2011-10-25 09:07:00",11,3830.84,45,1
"13482.0","2010-03-22 10:31:00","2011-04-21 17:03:00",2,336.09,232,1
"13483.0","2011-10-05 11:53:00","2011-10-05 11:53:00",1,140.34,65,1
"13484.0","2010-03-10 11:46:00","2011-04-12 16:30:00",3,790.72,241,1
"13485.0","2009-12-03 13:46:00","2011-04-20 13:58:00",11,3015.22,233,1
"13486.0","2011-07-07 17:19:00","2011-09-22 13:13:00",3,1122.41,78,1
"13487.0","2009-12-05 10:25:00","2011-10-13 12:07:00",5,846.87,57,1
"13488.0","2010-01-25 10:13:00","2011-11-22 14:41:00",23,15587.88,17,0
"13489.0","2011-02-18 10:42:00","2011-08-26 13:16:00",4,449.52,105,1
"13490.0","2010-02-23 14:48:00","2010-02-23 14:48:00",1,154.25,654,1
"13491.0","2009-12-07 08:24:00","2011-10-19 08:32:00",27,4566.56,51,1
"13492.0","2011-05-09 10:06:00","2011-07-26 14:25:00",3,1269.84,136,1
"13493.0","2011-02-25 16:42:00","2011-03-09 15:35:00",2,498.63,275,1
"13494.0","2011-02-01 11:58:00","2011-02-01 11:58:00",1,316.26,311,1
"13495.0","2009-12-07 12:12:00","2011-12-02 11:21:00",10,5374.26,7,0
"13496.0","2010-12-15 10:17:00","2011-11-29 10:58:00",2,653.33,10,0
"13497.0","2010-02-08 10:27:00","2011-03-02 09:04:00",6,1320.33,282,1
"13498.0","2009-12-09 15:26:00","2009-12-09 15:26:00",1,327.38,730,1
"13499.0","2011-03-15 08:52:00","2011-11-22 11:21:00",5,1159.11,17,0
"13500.0","2010-11-03 13:16:00","2011-11-16 15:35:00",4,1466.3,23,0
"13501.0","2010-05-18 13:24:00","2011-02-24 18:59:00",3,2885.11,288,1
"13502.0","2010-06-09 10:52:00","2011-11-23 10:39:00",5,780.5,16,0
"13503.0","2010-02-16 13:49:00","2011-09-29 13:23:00",5,1824.19,71,1
"13504.0","2011-10-06 13:20:00","2011-10-06 13:20:00",1,295.93,64,1
"13505.0","2011-04-21 12:07:00","2011-09-28 11:56:00",4,3633.63,72,1
"13506.0","2010-09-05 12:33:00","2011-01-27 13:53:00",5,1639.2,316,1
"13507.0","2011-07-17 11:50:00","2011-12-06 13:13:00",4,2479.16,3,0
"13508.0","2010-03-07 11:58:00","2011-04-10 11:58:00",2,287.05,243,1
"13509.0","2010-07-20 12:10:00","2011-12-01 10:10:00",7,1099.72,8,0
"13510.0","2009-12-21 11:53:00","2011-12-08 13:46:00",11,4558.29,1,0
"13511.0","2010-02-01 12:10:00","2010-02-01 12:10:00",1,282.76,676,1
"13512.0","2010-05-05 13:22:00","2011-03-24 10:03:00",4,713.39,260,1
"13513.0","2010-02-22 16:36:00","2011-08-05 11:50:00",3,824.59,126,1
"13514.0","2010-01-26 15:11:00","2011-09-27 09:39:00",4,815.9,73,1
"13515.0","2010-03-05 11:58:00","2011-09-28 11:26:00",6,1265.82,72,1
"13516.0","2010-10-18 08:52:00","2011-11-18 13:15:00",4,1685.26,21,0
"13517.0","2011-06-13 08:44:00","2011-10-11 11:43:00",3,2128.42,59,1
"13518.0","2011-09-15 10:29:00","2011-09-15 10:29:00",1,659.44,85,1
"13519.0","2010-09-23 11:45:00","2011-09-22 18:24:00",2,343.21,78,1
"13520.0","2009-12-17 11:11:00","2011-10-12 10:20:00",11,5669.4,58,1
"13521.0","2011-11-29 15:09:00","2011-12-08 13:50:00",3,1092.39,1,0
"13522.0","2011-11-09 15:11:00","2011-11-09 15:11:00",1,125.8,30,0
"13523.0","2010-11-02 14:55:00","2011-11-06 15:11:00",6,5101.52,33,1
"13524.0","2011-05-04 12:26:00","2011-10-30 12:34:00",5,680.18,40,1
"13525.0","2011-04-05 15:36:00","2011-11-25 12:01:00",2,628.78,14,0
"13526.0","2009-12-01 12:56:00","2009-12-01 13:13:00",2,1182.0,738,1
"13527.0","2010-01-21 12:37:00","2011-11-06 12:04:00",12,4683.74,33,1
"13529.0","2011-05-19 11:50:00","2011-09-22 09:15:00",2,307.76,78,1
"13530.0","2010-03-15 14:10:00","2010-03-15 14:10:00",1,402.98,634,1
"13531.0","2009-12-03 15:20:00","2011-05-18 16:56:00",6,1738.52,205,1
"13532.0","2011-11-06 12:25:00","2011-11-06 12:25:00",1,210.31,33,1
"13533.0","2011-03-17 12:47:00","2011-06-10 11:54:00",3,270.79,182,1
"13534.0","2010-07-07 15:00:00","2011-12-07 14:52:00",35,7720.9,2,0
"13535.0","2010-11-02 11:49:00","2010-11-02 11:49:00",1,89.5,402,1
"13536.0","2011-09-25 13:30:00","2011-12-08 16:38:00",7,3448.29,1,0
"13537.0","2010-09-14 10:41:00","2010-10-10 12:45:00",2,717.85,425,1
"13538.0","2010-02-02 12:47:00","2011-10-27 16:34:00",12,3112.73,43,1
"13539.0","2010-04-28 12:04:00","2011-09-15 10:18:00",7,1569.36,85,1
"13540.0","2010-02-22 09:22:00","2010-08-29 14:20:00",3,632.39,467,1
"13541.0","2010-05-18 16:15:00","2010-10-08 16:37:00",2,785.25,427,1
"13542.0","2009-12-10 19:53:00","2010-11-28 11:24:00",17,4006.17,376,1
"13543.0","2010-01-21 14:30:00","2010-03-15 13:34:00",2,1439.61,634,1
"13544.0","2010-03-05 11:31:00","2011-10-31 11:57:00",6,829.0,39,1
"13545.0","2010-06-13 11:49:00","2010-11-14 11:27:00",2,374.64,390,1
"13546.0","2010-10-11 17:23:00","2011-11-27 14:50:00",5,1092.14,12,0
"13547.0","2010-10-27 14:14:00","2010-10-27 14:14:00",1,172.98,408,1
"13548.0","2010-08-25 13:44:00","2011-09-04 14:50:00",3,908.99,96,1
"13549.0","2010-11-17 12:17:00","2011-11-14 09:20:00",8,1005.8,25,0
"13550.0","2010-11-21 15:24:00","2010-11-21 15:24:00",1,349.51,383,1
"13551.0","2010-02-11 15:01:00","2011-01-24 14:46:00",2,244.2,319,1
"13552.0","2010-02-19 13:28:00","2011-10-04 15:19:00",22,6978.92,66,1
"13553.0","2010-02-03 12:21:00","2010-02-03 12:21:00",1,517.8,674,1
"13554.0","2010-09-19 12:39:00","2010-11-24 15:05:00",7,1638.28,380,1
"13555.0","2010-01-19 13:20:00","2011-09-27 12:36:00",13,8999.19,73,1
"13556.0","2010-09-30 09:01:00","2010-10-06 16:44:00",2,200.82,429,1
"13557.0","2009-12-08 17:41:00","2011-11-11 15:24:00",13,3032.26,28,0
"13558.0","2011-10-02 13:01:00","2011-12-04 11:24:00",4,605.06,5,0
"13559.0","2010-06-14 11:52:00","2010-07-15 09:52:00",2,990.0,512,1
"13560.0","2011-12-02 13:11:00","2011-12-02 13:11:00",1,174.37,7,0
"13561.0","2010-02-28 13:42:00","2011-05-08 12:39:00",11,1820.72,215,1
"13562.0","2010-01-14 16:33:00","2011-09-19 10:51:00",8,4838.18,81,1
"13563.0","2011-07-22 17:21:00","2011-09-16 14:45:00",2,777.53,84,1
"13564.0","2009-12-02 11:55:00","2010-12-20 16:50:00",36,16630.8,354,1
"13565.0","2010-10-24 15:51:00","2011-11-20 14:33:00",3,414.8,19,0
"13566.0","2010-03-10 12:22:00","2011-10-30 11:59:00",5,1704.27,40,1
"13567.0","2010-06-16 12:48:00","2010-10-07 12:51:00",4,1083.69,428,1
"13568.0","2011-06-19 14:42:00","2011-06-19 14:42:00",1,192.85,173,1
"13569.0","2010-10-07 13:05:00","2011-11-22 13:07:00",4,892.28,17,0
"13570.0","2011-04-10 13:36:00","2011-04-10 13:36:00",1,239.49,243,1
"13571.0","2009-12-08 13:02:00","2011-11-27 10:47:00",26,4546.54,12,0
"13572.0","2011-05-18 11:59:00","2011-05-18 11:59:00",1,1384.25,205,1
"13573.0","2010-03-12 16:06:00","2011-10-20 14:33:00",6,915.02,50,1
"13574.0","2010-10-24 13:28:00","2010-10-24 13:28:00",1,421.25,411,1
"13575.0","2011-06-16 14:24:00","2011-11-16 13:14:00",5,732.07,23,0
"13576.0","2009-12-08 15:12:00","2011-11-29 15:34:00",28,11551.74,10,0
"13577.0","2009-12-14 16:10:00","2011-11-14 15:19:00",11,3484.28,25,0
"13578.0","2010-10-26 13:44:00","2010-10-26 13:44:00",1,147.66,409,1
"13579.0","2010-02-18 13:53:00","2011-11-25 08:41:00",5,1539.04,14,0
"13580.0","2010-10-29 15:01:00","2010-10-29 15:01:00",1,107.75,406,1
"13581.0","2010-10-21 16:30:00","2011-02-03 14:41:00",2,280.53,309,1
"13582.0","2010-04-01 11:38:00","2010-11-15 11:34:00",2,241.68,389,1
"13583.0","2010-01-29 13:53:00","2011-07-07 10:40:00",2,1445.03,155,1
"13584.0","2010-02-02 08:40:00","2011-02-06 12:49:00",3,392.45,306,1
"13585.0","2009-12-01 14:56:00","2010-06-27 12:33:00",3,684.54,530,1
"13586.0","2010-06-16 13:47:00","2010-06-16 13:47:00",1,131.53,541,1
"13587.0","2010-02-14 13:17:00","2011-10-07 12:31:00",4,1673.5,63,1
"13588.0","2011-03-29 15:53:00","2011-11-24 10:42:00",9,2478.95,15,0
"13589.0","2009-12-06 10:26:00","2011-11-25 12:10:00",6,1120.74,14,0
"13590.0","2009-12-01 13:37:00","2011-11-28 12:54:00",18,6349.59,11,0
"13591.0","2009-12-14 15:44:00","2011-10-06 12:26:00",7,2093.94,64,1
"13592.0","2011-03-20 14:01:00","2011-11-04 09:49:00",4,247.96,35,1
"13593.0","2010-03-02 16:36:00","2011-08-23 13:35:00",14,5523.69,108,1
"13594.0","2010-08-11 10:23:00","2011-10-18 10:19:00",2,533.32,52,1
"13595.0","2010-03-03 14:42:00","2010-07-11 12:36:00",3,818.22,516,1
"13596.0","2011-11-27 11:57:00","2011-12-04 12:01:00",2,697.04,5,0
"13597.0","2010-11-02 09:30:00","2010-11-04 14:54:00",2,396.71,400,1
"13598.0","2010-02-26 11:22:00","2011-10-23 14:28:00",5,789.59,47,1
"13599.0","2009-12-01 12:30:00","2011-12-08 16:10:00",33,10167.63,1,0
"13600.0","2010-03-15 17:16:00","2011-01-31 15:27:00",2,518.42,312,1
"13601.0","2010-06-11 15:03:00","2011-10-25 17:31:00",4,1185.14,45,1
"13602.0","2010-05-28 11:49:00","2011-10-06 11:47:00",4,1025.17,64,1
"13603.0","2011-11-13 15:57:00","2011-11-13 15:57:00",1,164.34,26,0
"13604.0","2010-02-19 12:02:00","2010-02-19 12:02:00",1,717.62,658,1
"13605.0","2010-05-17 15:46:00","2010-11-17 17:16:00",2,522.67,387,1
"13606.0","2011-02-01 11:42:00","2011-11-10 17:46:00",3,280.54,29,0
"13607.0","2010-11-02 11:48:00","2011-10-30 16:17:00",2,1078.31,40,1
"13608.0","2010-06-17 12:28:00","2010-06-17 12:28:00",1,236.2,540,1
"13609.0","2010-04-25 13:26:00","2010-04-25 13:26:00",1,167.35,593,1
"13610.0","2010-01-05 14:12:00","2011-11-27 15:38:00",14,2174.63,12,0
"13611.0","2009-12-03 07:57:00","2011-09-11 14:51:00",10,3319.53,89,1
"13612.0","2010-03-17 12:14:00","2010-03-17 12:14:00",1,818.29,632,1
"13613.0","2010-02-17 12:40:00","2010-09-13 12:01:00",5,1039.85,452,1
"13614.0","2010-06-06 13:42:00","2011-11-15 14:47:00",6,2359.19,24,0
"13615.0","2010-01-28 15:43:00","2011-01-25 08:21:00",8,6272.53,318,1
"13616.0","2010-01-17 14:56:00","2010-05-20 12:59:00",2,288.1,568,1
"13617.0","2010-08-01 15:23:00","2011-10-30 13:50:00",8,1278.75,40,1
"13618.0","2011-06-19 11:09:00","2011-06-19 11:09:00",1,177.34,173,1
"13619.0","2010-02-03 14:16:00","2010-06-13 11:39:00",2,230.19,544,1
"13620.0","2010-06-29 15:02:00","2010-06-29 15:02:00",1,112.34,528,1
"13621.0","2011-08-15 08:26:00","2011-08-15 08:26:00",1,213.85,116,1
"13622.0","2010-01-12 13:22:00","2010-01-12 13:22:00",1,658.95,696,1
"13623.0","2009-12-02 13:57:00","2011-11-09 12:00:00",10,2566.49,30,0
"13624.0","2010-11-16 13:43:00","2010-11-16 13:43:00",1,462.08,388,1
"13625.0","2010-04-22 10:50:00","2010-04-22 10:50:00",1,301.26,596,1
"13626.0","2010-11-25 16:12:00","2011-04-01 10:05:00",2,707.04,252,1
"13627.0","2010-03-09 14:03:00","2011-10-11 14:20:00",7,2245.9,59,1
"13628.0","2010-02-01 14:44:00","2010-02-01 14:44:00",1,310.14,676,1
"13629.0","2010-02-11 17:34:00","2011-11-16 13:21:00",19,13370.86,23,0
"13630.0","2011-02-27 12:49:00","2011-12-04 15:16:00",7,2031.78,5,0
"13631.0","2011-03-17 17:13:00","2011-09-01 09:57:00",11,3070.42,99,1
"13632.0","2010-04-07 10:59:00","2011-11-15 10:51:00",8,3648.15,24,0
"13634.0","2010-01-10 14:26:00","2011-11-06 13:40:00",15,5027.78,33,1
"13635.0","2009-12-01 09:46:00","2011-10-03 10:55:00",4,2999.16,67,1
"13636.0","2011-02-27 14:29:00","2011-11-03 10:30:00",5,949.12,36,1
"13637.0","2011-04-27 13:06:00","2011-10-18 13:32:00",3,809.25,52,1
"13638.0","2011-11-24 10:38:00","2011-11-24 10:38:00",1,122.64,15,0
"13639.0","2010-09-29 10:05:00","2011-09-26 13:36:00",2,1346.27,74,1
"13640.0","2010-04-07 15:33:00","2010-04-07 15:33:00",1,405.0,611,1
"13641.0","2009-12-05 13:17:00","2010-03-09 07:37:00",4,942.37,640,1
"13642.0","2010-10-03 12:23:00","2011-05-08 12:34:00",4,514.72,215,1
"13643.0","2009-12-08 12:48:00","2011-11-08 15:37:00",10,2156.77,31,1
"13644.0","2011-08-26 11:53:00","2011-11-23 14:07:00",4,2624.26,16,0
"13645.0","2011-08-11 16:11:00","2011-08-11 16:11:00",1,252.1,120,1
"13646.0","2010-11-05 12:00:00","2010-11-05 12:13:00",2,326.25,399,1
"13647.0","2010-04-15 12:55:00","2011-11-30 12:00:00",8,3071.68,9,0
"13648.0","2009-12-01 18:13:00","2010-11-04 14:46:00",8,1759.07,400,1
"13649.0","2010-06-30 16:35:00","2011-03-28 11:51:00",6,1678.88,256,1
"13650.0","2010-01-26 08:44:00","2011-11-23 12:22:00",10,3288.0,16,0
"13651.0","2010-11-23 09:44:00","2011-10-31 12:11:00",2,211.85,39,1
"13652.0","2010-02-25 17:37:00","2011-10-25 08:51:00",5,2570.85,45,1
"13653.0","2010-08-09 08:19:00","2010-08-09 08:19:00",1,152.2,487,1
"13654.0","2009-12-02 11:43:00","2011-10-27 16:24:00",11,6308.0,43,1
"13655.0","2010-04-27 09:59:00","2011-08-17 14:25:00",6,2280.51,114,1
"13656.0","2010-04-23 12:50:00","2011-06-28 10:31:00",4,1078.85,164,1
"13657.0","2011-05-22 12:35:00","2011-11-29 12:32:00",2,382.14,10,0
"13658.0","2010-02-05 13:17:00","2011-11-30 10:13:00",9,6025.5,9,0
"13659.0","2010-02-17 09:05:00","2011-05-18 12:37:00",12,4894.88,205,1
"13660.0","2010-11-04 16:10:00","2010-11-04 16:10:00",1,314.59,400,1
"13661.0","2010-04-15 14:58:00","2010-04-15 14:58:00",1,325.24,603,1
"13662.0","2010-02-19 13:21:00","2011-09-15 12:04:00",11,2250.11,85,1
"13663.0","2010-03-03 10:11:00","2011-06-13 15:44:00",5,2047.51,179,1
"13665.0","2010-07-23 13:29:00","2010-11-18 13:06:00",3,1711.66,386,1
"13666.0","2009-12-04 10:48:00","2011-10-10 15:39:00",5,127.05,60,1
"13667.0","2011-07-13 15:42:00","2011-07-13 15:42:00",1,305.02,149,1
"13668.0","2009-12-11 14:28:00","2011-12-07 12:11:00",35,13089.94,2,0
"13669.0","2010-10-28 15:05:00","2011-10-20 09:32:00",3,413.55,50,1
"13670.0","2011-09-25 15:25:00","2011-09-25 15:25:00",1,349.7,75,1
"13671.0","2010-11-10 10:50:00","2010-11-10 10:50:00",1,194.95,394,1
"13672.0","2009-12-09 11:40:00","2011-02-11 13:53:00",3,419.92,301,1
"13673.0","2011-11-07 15:40:00","2011-11-21 12:11:00",2,396.92,18,0
"13674.0","2010-10-03 10:41:00","2010-10-03 10:41:00",1,240.68,432,1
"13675.0","2011-02-28 12:14:00","2011-07-11 12:57:00",2,486.82,151,1
"13676.0","2010-03-30 16:53:00","2010-06-18 17:30:00",2,243.9,539,1
"13677.0","2010-07-07 17:25:00","2010-10-31 11:32:00",2,556.19,404,1
"13678.0","2011-07-11 10:14:00","2011-07-11 10:14:00",1,232.6,151,1
"13679.0","2009-12-04 16:52:00","2010-08-03 12:13:00",3,281.26,493,1
"13680.0","2009-12-04 14:14:00","2011-12-08 13:47:00",12,11435.67,1,0
"13681.0","2011-07-07 15:21:00","2011-11-22 11:13:00",4,827.83,17,0
"13682.0","2011-06-05 14:06:00","2011-06-05 14:06:00",1,59.5,187,1
"13683.0","2010-09-08 10:00:00","2010-09-08 10:00:00",1,258.6,457,1
"13684.0","2010-03-28 14:48:00","2011-02-27 10:13:00",4,596.98,285,1
"13685.0","2011-10-10 12:59:00","2011-12-07 11:41:00",7,3119.44,2,0
"13686.0","2010-11-03 13:44:00","2011-06-10 09:10:00",3,409.04,182,1
"13687.0","2010-09-27 16:30:00","2010-09-27 16:30:00",1,11880.84,438,1
"13688.0","2010-03-14 14:11:00","2010-03-14 14:11:00",1,375.5,635,1
"13689.0","2010-09-21 10:27:00","2011-10-07 13:21:00",2,1259.5,63,1
"13690.0","2011-10-11 15:03:00","2011-10-11 15:03:00",1,172.25,59,1
"13691.0","2010-11-08 17:34:00","2010-11-08 17:34:00",1,210.78,396,1
"13692.0","2010-10-15 13:28:00","2011-11-15 11:17:00",5,3114.4,24,0
"13693.0","2009-12-07 11:29:00","2010-11-30 18:21:00",9,2011.82,374,1
"13694.0","2009-12-04 15:26:00","2011-12-06 09:32:00",143,196482.81,3,0
"13695.0","2010-05-11 11:07:00","2011-11-08 14:26:00",16,2770.73,31,1
"13696.0","2010-02-11 14:17:00","2010-10-14 09:44:00",3,2020.4,421,1
"13697.0","2011-11-01 09:14:00","2011-11-01 09:14:00",1,151.3,38,1
"13698.0","2010-01-27 09:02:00","2010-04-22 11:52:00",2,465.53,596,1
"13699.0","2010-06-07 13:03:00","2011-07-07 16:51:00",2,764.15,155,1
"13700.0","2010-02-07 10:53:00","2011-11-13 13:00:00",13,2613.46,26,0
"13701.0","2010-09-19 12:39:00","2010-09-19 12:39:00",1,161.0,446,1
"13702.0","2010-09-20 11:40:00","2010-09-20 11:40:00",1,135.18,445,1
"13703.0","2010-10-20 13:11:00","2011-01-25 13:10:00",2,425.56,318,1
"13704.0","2011-09-12 14:40:00","2011-12-04 15:13:00",9,2308.06,5,0
"13705.0","2010-03-25 17:19:00","2011-12-02 12:32:00",7,2035.33,7,0
"13706.0","2010-03-23 09:18:00","2011-02-10 09:21:00",2,631.17,302,1
"13707.0","2010-06-21 11:57:00","2011-03-17 18:03:00",5,3365.86,267,1
"13708.0","2011-03-13 13:46:00","2011-03-13 13:46:00",1,294.88,271,1
"13709.0","2010-01-11 10:40:00","2011-12-06 10:28:00",18,7591.75,3,0
"13710.0","2010-04-06 12:54:00","2011-11-08 08:16:00",3,509.52,31,1
"13711.0","2009-12-15 19:04:00","2011-05-05 10:31:00",9,1792.26,218,1
"13712.0","2010-04-08 11:16:00","2011-04-07 12:33:00",2,766.42,246,1
"13713.0","2010-05-05 16:48:00","2010-10-27 16:18:00",3,743.26,408,1
"13714.0","2010-08-31 13:57:00","2010-08-31 13:57:00",1,161.35,465,1
"13715.0","2010-03-11 15:33:00","2011-03-03 19:21:00",17,8483.29,281,1
"13716.0","2011-03-15 13:49:00","2011-03-15 13:49:00",1,138.28,269,1
"13717.0","2010-08-11 09:40:00","2011-11-07 14:13:00",8,1763.3,32,1
"13718.0","2011-02-17 11:58:00","2011-04-07 13:24:00",2,306.55,246,1
"13719.0","2010-05-17 14:36:00","2011-11-24 15:26:00",11,2814.27,15,0
"13720.0","2011-03-30 09:17:00","2011-08-15 12:46:00",4,799.9,116,1
"13721.0","2010-11-09 17:59:00","2011-11-03 14:05:00",2,741.54,36,1
"13722.0","2010-03-03 14:13:00","2011-07-31 12:44:00",10,5635.41,131,1
"13723.0","2010-04-07 14:32:00","2011-05-06 17:04:00",6,1209.2,217,1
"13724.0","2010-03-12 15:28:00","2010-03-12 15:28:00",1,213.01,637,1
"13725.0","2011-02-04 12:18:00","2011-10-21 10:03:00",8,1980.56,49,1
"13726.0","2011-08-31 11:06:00","2011-11-01 10:49:00",2,1079.66,38,1
"13727.0","2009-12-09 13:25:00","2011-11-11 09:46:00",8,1080.05,28,0
"13728.0","2009-12-09 17:13:00","2011-11-03 10:49:00",16,2855.17,36,1
"13729.0","2010-01-24 14:57:00","2010-09-30 10:44:00",3,724.73,435,1
"13730.0","2011-07-01 12:47:00","2011-07-27 08:35:00",2,752.6,135,1
"13731.0","2011-04-07 10:10:00","2011-05-04 14:33:00",2,610.59,219,1
"13732.0","2011-11-11 15:49:00","2011-11-11 15:49:00",1,491.86,28,0
"13733.0","2009-12-04 15:28:00","2010-10-25 12:18:00",2,487.03,410,1
"13734.0","2010-04-16 08:42:00","2010-07-19 12:04:00",4,6701.64,508,1
"13735.0","2009-12-13 13:31:00","2011-11-15 11:14:00",13,9813.22,24,0
"13736.0","2009-12-06 12:07:00","2011-12-04 15:19:00",7,2766.21,5,0
"13737.0","2011-05-23 16:32:00","2011-05-23 16:32:00",1,339.6,200,1
"13738.0","2010-11-08 15:23:00","2010-11-08 15:23:00",1,440.93,396,1
"13739.0","2010-06-30 10:25:00","2011-11-21 13:35:00",2,292.2,18,0
"13740.0","2009-12-02 12:22:00","2011-04-13 10:32:00",5,1597.77,240,1
"13741.0","2011-05-06 13:43:00","2011-09-29 09:19:00",3,668.43,71,1
"13742.0","2011-01-23 14:59:00","2011-11-23 11:07:00",12,3131.02,16,0
"13743.0","2011-03-25 14:46:00","2011-12-07 10:09:00",7,1341.6,2,0
"13744.0","2011-02-20 14:08:00","2011-09-05 15:19:00",2,1156.36,95,1
"13745.0","2010-06-11 17:19:00","2011-06-30 16:43:00",2,777.36,162,1
"13746.0","2010-10-22 11:55:00","2010-10-22 11:55:00",1,176.69,413,1
"13747.0","2010-10-11 09:15:00","2010-12-01 10:37:00",2,249.4,373,1
"13748.0","2009-12-01 16:44:00","2011-09-05 09:45:00",9,2268.35,95,1
"13750.0","2010-04-01 14:49:00","2011-10-17 12:16:00",11,3602.18,53,1
"13751.0","2011-02-24 15:56:00","2011-02-24 15:56:00",1,296.25,288,1
"13752.0","2010-06-30 10:23:00","2011-08-07 14:16:00",7,1590.73,124,1
"13753.0","2009-12-03 10:20:00","2011-02-25 12:48:00",4,2094.57,287,1
"13754.0","2010-09-28 15:29:00","2011-07-11 11:51:00",3,447.05,151,1
"13755.0","2011-10-07 15:45:00","2011-12-06 12:26:00",9,2161.35,3,0
"13756.0","2009-12-15 15:18:00","2011-12-07 16:44:00",23,9207.5,2,0
"13757.0","2010-02-03 12:37:00","2010-02-03 12:37:00",1,195.55,674,1
"13758.0","2009-12-01 10:06:00","2011-11-28 11:11:00",14,9314.14,11,0
"13759.0","2011-09-29 15:40:00","2011-11-06 14:47:00",2,659.41,33,1
"13760.0","2010-04-25 13:10:00","2011-10-16 16:13:00",5,1363.64,54,1
"13761.0","2010-02-21 11:08:00","2011-10-20 14:01:00",6,1952.17,50,1
"13762.0","2010-01-10 12:13:00","2011-05-05 09:15:00",5,2472.48,218,1
"13763.0","2010-09-30 17:39:00","2011-10-07 15:13:00",3,5217.44,63,1
"13764.0","2010-03-07 12:56:00","2011-09-30 12:03:00",6,2942.31,70,1
"13765.0","2010-02-24 13:46:00","2010-02-24 13:46:00",1,352.82,653,1
"13766.0","2010-08-01 14:25:00","2010-08-01 14:25:00",1,190.35,495,1
"13767.0","2009-12-01 10:52:00","2011-12-07 15:00:00",73,35540.53,2,0
"13768.0","2009-12-09 10:25:00","2009-12-13 10:41:00",2,875.97,726,1
"13769.0","2009-12-16 11:59:00","2011-12-07 15:08:00",20,5800.42,2,0
"13770.0","2009-12-09 14:44:00","2010-10-13 15:10:00",4,785.37,422,1
"13771.0","2010-02-25 12:37:00","2011-10-06 14:18:00",9,5728.82,64,1
"13772.0","2010-02-23 13:55:00","2011-11-06 11:43:00",8,3114.22,33,1
"13773.0","2010-02-18 10:27:00","2010-11-08 11:49:00",2,301.54,396,1
"13774.0","2011-09-19 12:06:00","2011-09-19 12:06:00",1,345.0,81,1
"13775.0","2010-04-28 12:15:00","2010-04-28 12:15:00",1,1049.66,590,1
"13777.0","2009-12-02 09:47:00","2011-12-09 12:25:00",61,56478.42,0,0
"13778.0","2010-05-23 13:34:00","2011-08-28 15:25:00",4,1124.49,103,1
"13779.0","2010-07-12 11:24:00","2010-07-12 11:24:00",1,161.13,515,1
"13780.0","2010-10-28 19:51:00","2011-12-02 13:49:00",3,735.82,7,0
"13781.0","2009-12-18 15:46:00","2011-04-03 12:08:00",3,778.83,250,1
"13782.0","2009-12-06 12:52:00","2011-11-27 11:54:00",13,1793.72,12,0
"13783.0","2010-02-04 13:47:00","2010-08-09 09:23:00",4,1542.09,487,1
"13784.0","2010-09-15 12:27:00","2011-11-30 09:33:00",14,2910.23,9,0
"13785.0","2010-09-05 16:01:00","2010-10-07 09:25:00",4,542.49,428,1
"13786.0","2009-12-03 15:32:00","2010-12-07 13:53:00",6,3358.94,367,1
"13787.0","2010-01-14 10:13:00","2011-09-25 12:06:00",6,1222.5,75,1
"13788.0","2010-07-22 15:50:00","2010-07-22 15:50:00",1,3.75,505,1
"13789.0","2010-11-16 15:31:00","2010-11-16 15:31:00",1,239.46,388,1
"13790.0","2011-12-05 15:48:00","2011-12-05 15:48:00",1,348.8,4,0
"13791.0","2011-06-24 16:38:00","2011-08-04 11:44:00",2,1516.0,127,1
"13792.0","2010-10-13 11:05:00","2011-10-04 14:31:00",3,383.95,66,1
"13793.0","2010-03-03 08:25:00","2010-03-03 08:25:00",1,96.0,646,1
"13794.0","2010-06-11 12:30:00","2010-06-11 12:30:00",1,126.03,546,1
"13795.0","2010-03-12 12:44:00","2010-11-16 17:25:00",4,836.3,388,1
"13796.0","2010-07-28 14:45:00","2010-07-28 14:45:00",1,289.7,499,1
"13797.0","2010-03-02 12:17:00","2010-09-29 10:34:00",3,1179.45,436,1
"13798.0","2009-12-08 16:21:00","2011-12-08 15:51:00",110,75836.87,1,0
"13799.0","2010-03-05 16:39:00","2011-08-15 12:07:00",9,2803.57,116,1
"13800.0","2009-12-03 10:03:00","2011-02-03 12:27:00",3,1679.56,309,1
"13801.0","2011-10-04 10:15:00","2011-10-04 10:15:00",1,324.8,66,1
"13802.0","2010-02-16 10:11:00","2011-07-24 10:54:00",19,26259.11,138,1
"13803.0","2010-03-31 10:00:00","2011-03-29 12:57:00",3,1338.91,255,1
"13804.0","2010-09-29 10:26:00","2011-11-09 12:32:00",9,3208.52,30,0
"13805.0","2011-08-02 15:29:00","2011-10-18 14:50:00",2,924.6,52,1
"13806.0","2011-10-07 11:43:00","2011-10-07 11:43:00",1,256.38,63,1
"13807.0","2009-12-04 12:41:00","2010-12-07 15:48:00",3,534.8,367,1
"13808.0","2011-09-04 12:07:00","2011-12-04 12:18:00",5,1747.66,5,0
"13809.0","2010-09-05 11:42:00","2011-02-07 13:15:00",3,679.7,305,1
"13810.0","2011-10-14 12:57:00","2011-11-11 08:33:00",2,827.51,28,0
"13811.0","2011-04-14 18:40:00","2011-06-09 09:54:00",2,519.75,183,1
"13812.0","2011-08-26 12:54:00","2011-10-28 14:27:00",3,485.0,42,1
"13813.0","2009-12-06 10:16:00","2011-10-31 10:38:00",8,2387.47,39,1
"13814.0","2010-06-30 14:12:00","2011-09-08 13:48:00",3,2257.32,92,1
"13815.0","2010-02-12 10:26:00","2011-11-17 14:19:00",8,6737.74,22,0
"13816.0","2011-10-06 14:37:00","2011-11-16 08:38:00",2,499.67,23,0
"13817.0","2010-12-23 11:46:00","2011-11-10 17:49:00",2,328.98,29,0
"13818.0","2010-10-06 12:35:00","2010-10-06 12:35:00",1,61.28,429,1
"13819.0","2009-12-01 16:18:00","2011-02-11 10:38:00",6,2642.35,301,1
"13820.0","2010-01-28 12:26:00","2010-10-17 13:46:00",3,660.65,418,1
"13821.0","2010-01-04 13:36:00","2011-07-18 09:49:00",6,1410.73,144,1
"13822.0","2011-10-30 15:55:00","2011-12-04 12:13:00",2,632.0,5,0
"13823.0","2009-12-15 14:34:00","2011-11-21 10:22:00",7,3403.45,18,0
"13824.0","2010-03-12 15:17:00","2011-11-07 12:41:00",12,3314.76,32,1
"13825.0","2009-12-09 14:30:00","2010-03-28 11:02:00",2,255.59,621,1
"13826.0","2011-06-16 13:48:00","2011-06-16 13:48:00",1,189.5,176,1
"13827.0","2011-07-19 15:38:00","2011-10-13 12:38:00",3,412.05,57,1
"13828.0","2011-11-17 16:02:00","2011-11-17 16:02:00",1,209.49,22,0
"13829.0","2010-10-14 18:19:00","2010-10-14 18:19:00",1,102.0,421,1
"13830.0","2010-05-07 12:24:00","2010-05-07 12:24:00",1,156.85,581,1
"13831.0","2009-12-10 14:50:00","2011-11-23 15:41:00",18,7023.58,16,0
"13832.0","2010-10-13 14:41:00","2011-11-20 15:36:00",2,613.69,19,0
"13833.0","2010-10-31 14:11:00","2011-07-03 13:27:00",2,701.36,159,1
"13834.0","2010-02-08 12:52:00","2010-05-12 10:27:00",2,324.19,576,1
"13835.0","2010-03-04 08:26:00","2011-11-14 15:37:00",7,1095.27,25,0
"13836.0","2010-10-21 13:27:00","2010-11-05 13:31:00",2,620.37,399,1
"13837.0","2011-01-26 12:15:00","2011-05-12 12:10:00",2,271.24,211,1
"13838.0","2010-05-09 11:40:00","2011-12-04 11:00:00",10,1966.09,5,0
"13839.0","2010-08-10 13:52:00","2010-08-10 13:52:00",1,139.95,486,1
"13840.0","2010-10-19 13:34:00","2010-10-19 13:34:00",1,651.4,416,1
"13841.0","2011-04-01 12:10:00","2011-04-01 12:10:00",1,85.0,252,1
"13842.0","2010-02-16 15:54:00","2011-10-12 10:51:00",18,5629.91,58,1
"13843.0","2010-11-23 17:48:00","2010-11-23 17:48:00",1,319.75,381,1
"13844.0","2011-11-28 13:21:00","2011-11-28 13:21:00",1,361.62,11,0
"13845.0","2011-10-06 08:25:00","2011-10-06 08:25:00",1,312.98,64,1
"13846.0","2010-11-05 09:47:00","2011-11-15 12:07:00",4,1307.79,24,0
"13847.0","2009-12-20 10:41:00","2009-12-20 10:41:00",1,310.72,719,1
"13848.0","2009-12-09 16:17:00","2011-09-08 12:58:00",8,3335.0,92,1
"13849.0","2010-03-25 12:03:00","2011-10-19 10:59:00",5,3469.3,51,1
"13850.0","2011-08-02 14:04:00","2011-08-02 14:04:00",1,1595.48,129,1
"13851.0","2010-01-29 11:54:00","2011-09-05 12:36:00",8,4606.46,95,1
"13852.0","2010-04-08 09:06:00","2010-04-08 09:06:00",1,187.35,610,1
"13853.0","2011-10-13 14:18:00","2011-10-13 14:18:00",1,1090.14,57,1
"13854.0","2010-01-08 11:28:00","2011-12-01 09:06:00",39,12253.96,8,0
"13855.0","2009-12-08 16:56:00","2010-07-27 09:53:00",4,1310.34,500,1
"13856.0","2010-03-30 15:40:00","2011-06-24 10:03:00",11,1142.03,168,1
"13857.0","2010-05-17 14:21:00","2010-11-11 12:54:00",6,1000.91,393,1
"13858.0","2011-10-13 16:17:00","2011-10-13 16:17:00",1,216.17,57,1
"13859.0","2010-06-28 15:36:00","2011-01-17 16:14:00",2,515.86,326,1
"13860.0","2011-09-14 09:27:00","2011-12-08 12:57:00",5,1245.9,1,0
"13861.0","2010-06-27 11:37:00","2010-10-06 14:20:00",2,273.26,429,1
"13862.0","2010-11-15 13:43:00","2011-11-21 16:24:00",9,2556.09,18,0
"13863.0","2010-04-25 13:09:00","2011-04-06 10:20:00",4,1239.55,247,1
"13864.0","2010-11-18 12:50:00","2010-11-18 12:50:00",1,662.4,386,1
"13865.0","2011-02-23 12:04:00","2011-10-12 13:31:00",4,501.56,58,1
"13866.0","2011-09-26 14:54:00","2011-09-26 14:54:00",1,145.67,74,1
"13867.0","2011-05-05 17:28:00","2011-11-08 15:48:00",3,1015.29,31,1
"13868.0","2011-11-01 12:45:00","2011-12-02 16:32:00",2,3192.54,7,0
"13869.0","2010-01-17 14:53:00","2011-08-08 13:53:00",10,8111.57,123,1
"13870.0","2010-02-08 12:08:00","2011-12-07 13:23:00",15,5712.08,2,0
"13871.0","2009-12-20 13:09:00","2011-11-17 10:49:00",17,7885.85,22,0
"13872.0","2009-12-14 09:56:00","2010-06-30 15:35:00",3,919.57,527,1
"13873.0","2010-03-03 12:31:00","2011-08-12 10:08:00",8,1038.92,119,1
"13874.0","2010-02-04 18:39:00","2010-12-16 18:20:00",7,2049.15,358,1
"13875.0","2009-12-17 10:30:00","2011-10-17 09:36:00",14,4814.37,53,1
"13876.0","2011-10-07 10:22:00","2011-10-07 10:22:00",1,122.7,63,1
"13877.0","2010-01-19 10:53:00","2011-09-14 15:49:00",3,449.68,86,1
"13878.0","2010-04-14 13:50:00","2011-10-16 12:19:00",4,2473.06,54,1
"13879.0","2010-03-04 10:49:00","2010-03-04 10:49:00",1,395.5,645,1
"13880.0","2010-05-26 14:29:00","2011-11-18 13:44:00",17,4391.66,21,0
"13881.0","2010-03-04 14:41:00","2011-12-06 12:50:00",43,45179.1,3,0
"13882.0","2011-10-06 15:28:00","2011-12-07 11:16:00",5,1191.13,2,0
"13883.0","2010-02-28 12:53:00","2011-11-29 10:45:00",14,6535.37,10,0
"13884.0","2010-08-26 19:57:00","2011-12-02 16:30:00",10,1888.48,7,0
"13885.0","2011-05-23 08:52:00","2011-06-03 15:07:00",2,506.8,189,1
"13886.0","2011-09-29 13:17:00","2011-09-29 13:17:00",1,243.56,71,1
"13887.0","2011-05-19 17:22:00","2011-05-19 17:22:00",1,349.55,204,1
"13888.0","2010-05-13 11:57:00","2011-08-12 10:13:00",7,2169.05,119,1
"13889.0","2010-01-22 14:32:00","2011-09-08 09:13:00",6,1991.23,92,1
"13890.0","2009-12-06 15:15:00","2011-12-08 15:36:00",14,2927.38,1,0
"13891.0","2010-05-06 16:02:00","2010-11-26 15:57:00",3,863.56,378,1
"13892.0","2010-05-13 10:32:00","2011-11-13 11:50:00",6,1267.65,26,0
"13893.0","2011-02-15 11:30:00","2011-02-15 11:30:00",1,821.1,297,1
"13894.0","2011-02-02 12:54:00","2011-11-16 09:44:00",3,564.62,23,0
"13895.0","2009-12-03 13:09:00","2011-11-11 16:57:00",6,4008.52,28,0
"13896.0","2010-03-24 08:55:00","2010-03-24 08:55:00",1,388.55,625,1
"13897.0","2010-01-31 13:48:00","2011-10-20 14:30:00",3,1160.72,50,1
"13898.0","2010-10-24 15:42:00","2011-01-18 10:28:00",2,686.4,325,1
"13899.0","2011-03-10 09:30:00","2011-11-23 13:40:00",2,388.52,16,0
"13900.0","2010-03-25 13:46:00","2011-06-09 19:26:00",6,1610.59,183,1
"13901.0","2010-01-05 09:29:00","2011-09-28 14:48:00",15,5676.34,72,1
"13902.0","2009-12-15 10:02:00","2010-03-17 13:09:00",5,34023.26,632,1
"13903.0","2010-11-04 17:44:00","2010-11-04 17:44:00",1,165.45,400,1
"13904.0","2011-02-18 11:18:00","2011-11-02 13:41:00",2,332.64,37,1
"13905.0","2009-12-07 11:41:00","2009-12-07 11:41:00",1,312.65,732,1
"13906.0","2010-10-26 15:00:00","2010-10-26 15:00:00",1,42.0,409,1
"13907.0","2010-01-17 12:22:00","2010-01-17 12:22:00",1,136.8,691,1
"13908.0","2011-03-08 12:04:00","2011-09-21 11:49:00",4,2369.55,79,1
"13909.0","2010-07-06 16:52:00","2010-10-12 17:22:00",2,286.6,423,1
"13911.0","2010-03-01 16:31:00","2011-10-13 15:43:00",20,4234.99,57,1
"13912.0","2010-10-12 08:43:00","2010-10-12 08:43:00",1,124.95,423,1
"13913.0","2010-07-21 10:11:00","2010-07-21 10:11:00",1,42.22,506,1
"13914.0","2011-11-03 16:28:00","2011-11-28 10:35:00",2,626.45,11,0
"13915.0","2010-11-10 15:17:00","2010-11-10 15:17:00",1,70.8,394,1
"13916.0","2010-02-02 10:06:00","2010-09-02 10:04:00",4,1275.81,463,1
"13917.0","2011-06-01 12:46:00","2011-10-21 09:56:00",2,272.04,49,1
"13918.0","2011-03-31 18:05:00","2011-10-21 12:25:00",2,1212.84,49,1
"13919.0","2010-06-17 09:30:00","2011-10-11 14:24:00",4,1252.68,59,1
"13920.0","2010-05-26 15:48:00","2010-10-04 12:37:00",4,1774.68,431,1
"13921.0","2009-12-18 12:19:00","2010-11-02 16:32:00",4,730.7,402,1
"13922.0","2010-08-29 14:36:00","2010-12-23 10:38:00",3,865.2,351,1
"13923.0","2011-10-17 12:33:00","2011-10-17 12:33:00",1,351.13,53,1
"13924.0","2011-09-28 15:07:00","2011-12-08 09:39:00",6,1838.85,1,0
"13925.0","2011-07-28 12:09:00","2011-09-08 12:47:00",4,678.25,92,1
"13926.0","2011-11-16 13:16:00","2011-11-16 13:16:00",1,223.85,23,0
"13927.0","2010-09-28 16:12:00","2011-09-26 12:00:00",2,708.26,74,1
"13928.0","2011-07-29 15:59:00","2011-11-29 10:33:00",4,464.57,10,0
"13929.0","2010-01-14 07:25:00","2011-06-23 15:26:00",11,3494.1,169,1
"13930.0","2011-07-26 11:00:00","2011-10-13 09:45:00",2,337.34,57,1
"13931.0","2009-12-03 10:26:00","2011-09-05 10:12:00",11,5257.38,95,1
"13932.0","2011-02-18 12:02:00","2011-02-18 12:02:00",1,307.4,294,1
"13933.0","2011-07-14 13:35:00","2011-08-22 14:03:00",2,608.79,109,1
"13934.0","2011-03-21 08:39:00","2011-03-21 08:39:00",1,922.1,263,1
"13935.0","2010-02-25 16:01:00","2010-04-22 11:21:00",3,6116.92,596,1
"13936.0","2010-10-21 14:21:00","2011-06-13 08:47:00",3,939.66,179,1
"13937.0","2010-11-02 12:37:00","2011-06-23 16:35:00",2,880.13,169,1
"13938.0","2011-11-04 14:37:00","2011-11-04 14:37:00",1,71.66,35,1
"13939.0","2010-04-06 12:43:00","2011-11-16 13:33:00",7,1560.96,23,0
"13940.0","2011-07-18 16:05:00","2011-11-22 15:15:00",4,839.14,17,0
"13941.0","2009-12-16 16:10:00","2011-11-18 09:43:00",15,11122.3,21,0
"13942.0","2010-06-23 12:35:00","2010-06-23 12:35:00",1,320.0,534,1
"13943.0","2010-05-11 11:30:00","2010-05-11 11:30:00",1,246.54,577,1
"13944.0","2010-02-24 15:02:00","2010-02-24 15:02:00",1,200.43,653,1
"13945.0","2010-08-17 09:59:00","2010-11-10 10:00:00",2,854.15,394,1
"13946.0","2009-12-04 11:07:00","2011-09-21 13:33:00",6,1876.23,79,1
"13947.0","2011-10-05 14:42:00","2011-10-05 14:42:00",1,90.6,65,1
"13948.0","2009-12-04 12:14:00","2010-12-14 10:18:00",4,548.76,360,1
"13949.0","2011-09-06 11:55:00","2011-12-07 09:35:00",6,2427.32,2,0
"13950.0","2011-04-07 11:29:00","2011-11-28 14:44:00",4,745.06,11,0
"13951.0","2011-02-18 15:21:00","2011-06-16 16:43:00",3,674.45,176,1
"13952.0","2009-12-16 09:41:00","2011-05-06 09:00:00",14,12823.52,217,1
"13953.0","2009-12-11 12:58:00","2011-12-02 16:04:00",12,6640.68,7,0
"13954.0","2011-09-30 10:52:00","2011-12-08 12:50:00",2,439.92,1,0
"13955.0","2010-11-29 17:35:00","2011-07-08 17:19:00",3,545.17,154,1
"13956.0","2011-03-13 12:51:00","2011-12-04 13:20:00",5,1026.42,5,0
"13957.0","2010-02-19 10:32:00","2010-10-18 10:02:00",3,458.25,417,1
"13958.0","2009-12-05 13:12:00","2010-11-25 10:11:00",8,4709.23,379,1
"13959.0","2010-07-16 15:11:00","2011-09-21 15:06:00",6,1076.18,79,1
"13960.0","2011-09-29 12:39:00","2011-11-18 15:27:00",2,230.22,21,0
"13961.0","2010-11-12 14:40:00","2010-11-12 14:40:00",1,538.4,392,1
"13962.0","2010-09-30 10:35:00","2011-11-18 08:47:00",3,362.8,21,0
"13963.0","2010-04-21 16:20:00","2011-02-04 14:43:00",17,3011.87,308,1
"13964.0","2010-10-05 12:38:00","2010-11-17 13:53:00",2,438.9,387,1
"13965.0","2010-01-05 15:21:00","2010-08-20 10:40:00",3,996.61,476,1
"13966.0","2010-09-30 13:08:00","2010-09-30 13:08:00",1,390.86,435,1
"13967.0","2010-11-08 13:24:00","2011-07-17 12:02:00",2,166.3,145,1
"13968.0","2010-10-12 13:22:00","2010-10-12 13:22:00",1,123.66,423,1
"13969.0","2010-03-25 13:15:00","2011-12-02 15:11:00",35,13365.87,7,0
"13970.0","2010-09-28 11:53:00","2010-11-18 13:21:00",2,846.55,386,1
"13971.0","2010-01-26 09:51:00","2011-11-21 12:06:00",14,4667.57,18,0
"13972.0","2011-05-22 11:34:00","2011-09-30 11:54:00",2,190.25,70,1
"13973.0","2011-02-25 15:21:00","2011-02-25 15:21:00",1,264.7,287,1
"13974.0","2010-05-06 17:55:00","2011-10-21 14:41:00",2,677.72,49,1
"13975.0","2010-02-02 13:13:00","2011-11-08 13:19:00",12,5358.84,31,1
"13976.0","2010-02-09 13:08:00","2011-05-17 09:13:00",4,1192.36,206,1
"13977.0","2010-10-24 14:08:00","2010-10-24 14:08:00",1,519.81,411,1
"13978.0","2011-10-25 15:04:00","2011-11-25 11:36:00",2,196.79,14,0
"13979.0","2009-12-03 10:02:00","2011-09-27 13:32:00",7,3409.93,73,1
"13980.0","2010-02-21 14:18:00","2011-10-10 13:34:00",5,799.92,60,1
"13981.0","2010-10-20 10:03:00","2010-10-20 10:03:00",1,331.14,415,1
"13982.0","2010-01-20 14:04:00","2011-10-31 16:24:00",9,4445.59,39,1
"13983.0","2009-12-09 13:53:00","2011-11-10 11:06:00",21,7108.45,29,0
"13984.0","2009-12-07 11:51:00","2011-11-13 12:38:00",12,2048.6,26,0
"13985.0","2010-02-09 13:56:00","2011-12-05 17:06:00",22,10020.86,4,0
"13986.0","2011-11-22 15:00:00","2011-11-22 15:00:00",1,320.46,17,0
"13987.0","2010-11-04 09:54:00","2010-11-25 10:20:00",2,682.54,379,1
"13988.0","2010-03-24 11:05:00","2011-11-20 10:15:00",8,4757.8,19,0
"13989.0","2010-05-25 12:13:00","2011-10-05 09:47:00",5,2026.06,65,1
"13990.0","2011-05-10 15:19:00","2011-05-10 15:19:00",1,311.3,213,1
"13991.0","2011-07-19 12:58:00","2011-11-27 16:18:00",6,854.97,12,0
"13992.0","2010-09-02 17:04:00","2011-11-09 15:23:00",3,219.5,30,0
"13993.0","2009-12-03 11:57:00","2011-10-28 09:06:00",19,6775.71,42,1
"13994.0","2011-07-14 18:28:00","2011-12-06 11:05:00",6,2313.14,3,0
"13995.0","2009-12-18 12:43:00","2011-11-24 14:22:00",14,3902.01,15,0
"13996.0","2010-11-05 15:07:00","2010-11-18 16:27:00",2,895.76,386,1
"13997.0","2010-06-07 17:33:00","2010-07-08 18:06:00",3,382.31,519,1
"13998.0","2010-05-12 13:18:00","2010-09-19 10:20:00",3,566.7,446,1
"13999.0","2009-12-05 12:42:00","2011-11-29 13:40:00",29,9502.26,10,0
"14000.0","2009-12-02 09:50:00","2011-05-12 16:50:00",5,2046.34,211,1
"14001.0","2010-08-03 12:49:00","2011-10-25 10:31:00",9,4530.09,45,1
"14002.0","2011-07-06 14:59:00","2011-07-28 15:55:00",2,529.73,134,1
"14003.0","2009-12-07 08:53:00","2009-12-07 08:53:00",1,209.41,732,1
"14004.0","2010-09-30 09:39:00","2011-10-27 14:40:00",11,6258.45,43,1
"14005.0","2011-05-08 10:33:00","2011-11-30 12:41:00",5,2874.72,9,0
"14006.0","2010-02-25 09:45:00","2011-08-16 09:39:00",7,2196.67,115,1
"14007.0","2010-07-15 09:06:00","2010-07-15 09:06:00",1,79.48,512,1
"14008.0","2010-10-03 13:09:00","2010-10-03 13:09:00",1,509.04,432,1
"14009.0","2010-09-03 12:08:00","2011-05-25 15:47:00",3,1099.91,198,1
"14010.0","2010-05-23 12:46:00","2010-05-23 13:00:00",2,445.15,565,1
"14011.0","2010-04-11 13:40:00","2010-08-16 15:31:00",2,457.82,480,1
"14012.0","2011-03-07 12:26:00","2011-03-07 12:26:00",1,328.8,277,1
"14013.0","2010-03-26 10:02:00","2011-08-21 15:01:00",5,1084.57,110,1
"14014.0","2010-05-12 09:04:00","2011-09-23 13:18:00",3,1948.21,77,1
"14015.0","2011-10-18 10:02:00","2011-10-18 10:02:00",1,917.34,52,1
"14016.0","2010-01-08 14:12:00","2011-07-01 11:29:00",11,11403.41,161,1
"14017.0","2010-05-17 14:52:00","2010-05-17 14:52:00",1,229.75,571,1
"14018.0","2010-03-04 14:23:00","2010-03-04 14:23:00",1,367.15,645,1
"14019.0","2011-07-24 15:39:00","2011-10-24 10:13:00",3,1421.61,46,1
"14020.0","2010-06-28 15:29:00","2011-11-23 09:22:00",4,1249.01,16,0
"14021.0","2010-04-26 11:22:00","2011-07-07 15:46:00",7,1716.58,155,1
"14022.0","2010-08-10 09:38:00","2011-04-28 14:39:00",2,792.15,225,1
"14023.0","2011-04-03 15:50:00","2011-12-02 13:58:00",2,584.07,7,0
"14024.0","2010-11-14 10:51:00","2011-08-10 11:30:00",3,645.74,121,1
"14025.0","2010-05-05 09:56:00","2010-09-01 10:11:00",8,4057.9,464,1
"14026.0","2010-03-24 14:10:00","2010-08-26 10:31:00",2,713.11,470,1
"14027.0","2011-10-10 09:01:00","2011-10-10 09:01:00",1,104.82,60,1
"14028.0","2010-06-07 12:02:00","2010-06-07 13:33:00",3,10396.5,550,1
"14029.0","2011-07-18 16:57:00","2011-10-07 14:46:00",2,467.66,63,1
"14030.0","2009-12-10 17:27:00","2011-11-21 16:48:00",20,8262.29,18,0
"14031.0","2009-12-03 15:35:00","2011-12-02 17:13:00",44,40999.17,7,0
"14032.0","2009-12-14 12:02:00","2011-12-07 15:23:00",16,4850.27,2,0
"14033.0","2010-06-02 15:10:00","2010-06-02 15:10:00",1,109.44,555,1
"14034.0","2011-07-05 13:06:00","2011-11-17 14:02:00",3,651.82,22,0
"14035.0","2010-04-06 12:39:00","2011-11-11 10:03:00",9,2856.72,28,0
"14036.0","2011-02-28 09:26:00","2011-02-28 09:26:00",1,626.65,284,1
"14037.0","2009-12-07 11:39:00","2011-06-16 13:57:00",6,836.95,176,1
"14038.0","2010-02-04 08:56:00","2011-09-22 13:37:00",5,3069.88,78,1
"14039.0","2010-05-13 10:15:00","2011-11-06 13:48:00",2,267.28,33,1
"14040.0","2009-12-01 12:14:00","2011-10-30 12:42:00",35,12645.57,40,1
"14041.0","2011-03-18 13:25:00","2011-03-18 13:25:00",1,141.41,266,1
"14042.0","2009-12-14 15:07:00","2009-12-14 15:07:00",1,431.98,725,1
"14043.0","2009-12-10 15:56:00","2010-08-05 18:18:00",2,304.25,491,1
"14044.0","2010-01-24 15:14:00","2011-11-13 12:05:00",10,3119.35,26,0
"14045.0","2010-01-08 10:08:00","2011-08-22 15:27:00",16,11313.03,109,1
"14046.0","2011-02-28 14:48:00","2011-02-28 14:48:00",1,151.59,284,1
"14047.0","2010-02-01 10:05:00","2011-12-01 11:43:00",14,4255.03,8,0
"14048.0","2010-11-22 14:08:00","2011-02-07 14:53:00",3,748.69,305,1
"14049.0","2010-04-01 14:52:00","2011-11-23 12:20:00",13,13239.03,16,0
"14050.0","2011-08-25 13:46:00","2011-11-08 10:00:00",2,746.36,31,1
"14051.0","2009-12-03 11:53:00","2011-12-09 10:20:00",37,22434.0,0,0
"14052.0","2010-11-14 11:37:00","2011-11-20 12:30:00",2,480.81,19,0
"14053.0","2010-08-10 11:02:00","2011-08-07 14:27:00",4,572.3,124,1
"14054.0","2011-10-05 15:49:00","2011-10-05 15:49:00",1,92.46,65,1
"14055.0","2009-12-16 15:11:00","2011-08-25 15:04:00",3,1520.96,106,1
"14056.0","2011-02-28 15:19:00","2011-12-08 13:36:00",23,8214.65,1,0
"14057.0","2009-12-03 13:17:00","2011-11-16 10:32:00",22,8408.84,23,0
"14058.0","2010-06-27 11:29:00","2010-09-03 09:31:00",2,469.19,462,1
"14059.0","2011-03-18 10:06:00","2011-03-18 10:06:00",1,183.6,266,1
"14060.0","2010-03-11 09:47:00","2011-12-05 12:29:00",30,9519.08,4,0
"14061.0","2009-12-01 18:03:00","2010-07-20 17:22:00",3,917.43,507,1
"14062.0","2009-12-10 14:28:00","2011-11-30 10:04:00",24,25604.2,9,0
"14063.0","2009-12-08 13:46:00","2010-01-22 11:28:00",7,9471.5,686,1
"14064.0","2010-01-21 13:22:00","2011-11-10 13:14:00",15,3332.42,29,0
"14065.0","2010-10-04 12:03:00","2010-11-15 16:13:00",3,891.02,389,1
"14066.0","2011-03-18 12:21:00","2011-03-18 12:21:00",1,152.55,266,1
"14067.0","2011-09-04 12:00:00","2011-10-07 10:21:00",2,374.7,63,1
"14068.0","2010-01-31 10:10:00","2011-01-23 16:02:00",4,1528.37,320,1
"14069.0","2010-05-27 12:30:00","2010-07-13 12:12:00",2,230.06,514,1
"14070.0","2010-01-24 12:27:00","2010-01-24 12:27:00",1,326.55,684,1
"14071.0","2011-03-20 11:33:00","2011-12-06 12:27:00",8,1424.0,3,0
"14072.0","2010-02-11 12:31:00","2010-02-11 12:31:00",1,390.85,666,1
"14073.0","2011-11-07 15:49:00","2011-11-07 15:49:00",1,151.04,32,1
"14074.0","2010-03-26 13:55:00","2010-03-26 13:55:00",1,219.4,623,1
"14075.0","2010-08-26 13:42:00","2011-12-05 08:38:00",5,1724.87,4,0
"14076.0","2011-08-02 15:19:00","2011-08-02 15:19:00",1,122.47,129,1
"14077.0","2010-11-09 16:01:00","2011-10-30 12:35:00",6,615.08,40,1
"14078.0","2010-03-28 15:05:00","2011-08-30 12:16:00",9,1690.98,101,1
"14079.0","2011-08-07 12:10:00","2011-08-07 12:10:00",1,375.1,124,1
"14080.0","2009-12-02 15:01:00","2011-11-07 11:09:00",5,1115.68,32,1
"14081.0","2009-12-10 18:27:00","2011-02-10 16:17:00",10,5370.1,302,1
"14082.0","2010-11-12 11:47:00","2010-12-10 11:02:00",2,413.36,364,1
"14083.0","2009-12-18 11:34:00","2011-12-05 13:14:00",11,1407.26,4,0
"14084.0","2010-07-15 14:36:00","2010-07-15 14:36:00",1,150.5,512,1
"14085.0","2009-12-08 13:41:00","2011-12-07 13:46:00",32,10089.97,2,0
"14086.0","2010-09-03 10:52:00","2010-09-03 10:52:00",1,39.95,462,1
"14087.0","2009-12-04 15:27:00","2011-12-07 12:41:00",3,846.22,2,0
"14088.0","2010-10-14 19:46:00","2011-11-29 16:16:00",16,64036.8,10,0
"14089.0","2011-10-14 10:38:00","2011-10-14 10:38:00",1,161.0,56,1
"14090.0","2011-01-19 10:51:00","2011-01-19 10:51:00",1,76.32,324,1
"14091.0","2010-01-10 13:41:00","2010-02-23 15:17:00",2,9530.08,654,1
"14092.0","2009-12-16 16:24:00","2011-12-02 12:13:00",24,7229.45,7,0
"14093.0","2011-11-27 16:27:00","2011-11-27 16:27:00",1,442.85,12,0
"14094.0","2010-09-26 11:58:00","2010-09-26 11:58:00",1,335.22,439,1
"14095.0","2009-12-17 12:49:00","2009-12-17 12:49:00",1,2.95,722,1
"14096.0","2011-08-30 10:49:00","2011-12-05 17:17:00",17,53258.43,4,0
"14097.0","2010-03-04 10:46:00","2010-08-15 14:20:00",2,422.86,481,1
"14098.0","2011-11-03 10:13:00","2011-11-03 10:13:00",1,147.35,36,1
"14099.0","2009-12-10 11:55:00","2011-11-23 13:53:00",20,5765.71,16,0
"14100.0","2011-07-25 11:01:00","2011-07-25 11:01:00",1,194.9,137,1
"14101.0","2010-03-28 13:36:00","2011-09-27 12:28:00",13,9961.93,73,1
"14102.0","2011-10-26 12:46:00","2011-12-04 15:38:00",5,1360.28,5,0
"14104.0","2010-05-28 16:11:00","2011-07-08 12:50:00",5,768.58,154,1
"14105.0","2009-12-18 16:57:00","2011-04-14 17:58:00",5,5988.83,239,1
"14106.0","2009-12-02 14:09:00","2009-12-02 14:09:00",1,214.8,737,1
"14107.0","2009-12-09 14:20:00","2011-10-19 12:12:00",11,4877.3,51,1
"14108.0","2009-12-01 18:07:00","2011-11-09 10:41:00",4,1044.96,30,0
"14109.0","2011-09-28 10:18:00","2011-09-28 10:18:00",1,144.2,72,1
"14110.0","2009-12-01 09:50:00","2011-12-06 12:26:00",33,12987.95,3,0
"14111.0","2011-04-12 11:36:00","2011-11-25 13:44:00",4,692.85,14,0
"14112.0","2010-02-23 14:16:00","2011-11-17 12:30:00",13,5834.59,22,0
"14113.0","2009-12-08 07:42:00","2011-12-06 12:18:00",16,7092.61,3,0
"14114.0","2010-04-12 11:07:00","2011-03-11 09:42:00",7,1364.09,273,1
"14115.0","2010-02-11 11:44:00","2010-07-26 12:36:00",2,622.67,501,1
"14116.0","2011-08-10 12:44:00","2011-11-20 10:29:00",5,1382.74,19,0
"14117.0","2011-07-19 09:49:00","2011-07-19 09:49:00",1,90.0,143,1
"14118.0","2010-10-07 11:59:00","2010-10-07 11:59:00",1,458.45,428,1
"14119.0","2009-12-21 14:52:00","2010-11-29 10:33:00",2,183.37,375,1
"14121.0","2011-10-11 10:39:00","2011-12-06 12:19:00",4,2780.15,3,0
"14122.0","2009-12-02 14:22:00","2010-10-29 15:11:00",3,362.42,406,1
"14123.0","2009-12-06 15:35:00","2009-12-06 15:35:00",1,436.18,733,1
"14124.0","2011-09-16 13:32:00","2011-09-16 13:32:00",1,419.58,84,1
"14125.0","2011-09-22 15:40:00","2011-11-29 12:47:00",3,2740.43,10,0
"14126.0","2010-09-21 14:51:00","2011-12-02 11:45:00",4,1172.46,7,0
"14127.0","2010-10-10 11:53:00","2011-08-09 10:49:00",6,1900.08,122,1
"14128.0","2010-06-06 14:05:00","2011-10-10 12:00:00",3,924.21,60,1
"14129.0","2010-05-09 14:54:00","2011-12-08 11:02:00",9,2591.34,1,0
"14130.0","2009-12-11 16:33:00","2011-01-24 16:05:00",4,1882.67,319,1
"14131.0","2010-03-01 11:59:00","2010-03-01 11:59:00",1,187.87,648,1
"14132.0","2011-06-09 12:04:00","2011-12-07 13:35:00",11,3586.03,2,0
"14133.0","2009-12-06 12:10:00","2011-08-02 11:34:00",4,911.14,129,1
"14134.0","2009-12-10 09:25:00","2010-11-22 12:26:00",15,11123.35,382,1
"14135.0","2009-12-02 08:58:00","2011-12-08 11:38:00",24,9643.92,1,0
"14136.0","2009-12-08 09:19:00","2010-11-04 11:53:00",5,1570.81,400,1
"14137.0","2010-01-13 12:30:00","2010-01-13 12:30:00",1,332.7,695,1
"14138.0","2011-10-07 09:38:00","2011-12-08 12:44:00",2,982.38,1,0
"14139.0","2010-06-15 09:17:00","2011-10-24 13:34:00",4,1086.8,46,1
"14140.0","2011-11-08 11:20:00","2011-12-06 09:05:00",2,935.05,3,0
"14141.0","2011-08-26 14:40:00","2011-12-07 09:53:00",4,915.13,2,0
"14142.0","2010-03-03 15:13:00","2010-12-01 16:33:00",2,983.15,373,1
"14143.0","2011-07-29 09:48:00","2011-07-29 09:48:00",1,115.8,133,1
"14144.0","2010-08-10 15:17:00","2010-08-10 15:17:00",1,30.6,486,1
"14145.0","2010-04-08 09:47:00","2011-10-24 12:10:00",7,7600.05,46,1
"14146.0","2010-01-13 16:04:00","2011-12-01 10:18:00",12,9450.3,8,0
"14147.0","2010-03-09 13:43:00","2011-09-22 18:10:00",9,2590.2,78,1
"14148.0","2010-10-21 14:08:00","2011-04-20 12:02:00",2,466.29,233,1
"14149.0","2011-05-03 09:44:00","2011-05-03 09:44:00",1,446.62,220,1
"14150.0","2010-12-15 10:04:00","2011-11-04 10:05:00",2,658.64,35,1
"14151.0","2009-12-23 10:54:00","2010-02-04 15:35:00",2,679.45,673,1
"14152.0","2010-02-18 13:57:00","2011-09-25 12:54:00",7,1997.34,75,1
"14153.0","2010-08-13 14:35:00","2010-08-13 14:35:00",1,233.4,483,1
"14154.0","2010-01-13 12:47:00","2011-04-14 16:26:00",8,6460.7,239,1
"14155.0","2011-03-18 14:13:00","2011-03-18 14:13:00",1,118.75,266,1
"14156.0","2009-12-01 12:30:00","2011-11-30 10:54:00",145,305228.63,9,0
"14157.0","2010-03-03 16:49:00","2011-11-20 11:32:00",5,1002.78,19,0
"14158.0","2011-10-30 15:08:00","2011-10-30 15:08:00",1,507.66,40,1
"14159.0","2009-12-03 12:31:00","2011-11-20 12:36:00",20,7926.79,19,0
"14160.0","2010-01-10 12:06:00","2010-04-08 14:30:00",7,8421.47,610,1
"14161.0","2009-12-13 11:46:00","2011-05-08 11:41:00",7,3318.88,215,1
"14162.0","2011-02-20 12:32:00","2011-06-19 11:36:00",2,289.36,173,1
"14163.0","2010-09-03 17:15:00","2011-09-13 15:18:00",5,2594.62,87,1
"14164.0","2011-09-20 12:18:00","2011-09-30 12:24:00",2,1631.77,70,1
"14165.0","2011-03-09 12:39:00","2011-03-09 12:39:00",1,122.54,275,1
"14166.0","2010-03-23 15:10:00","2010-07-22 19:42:00",2,256.85,505,1
"14167.0","2010-01-27 16:07:00","2011-10-31 14:29:00",8,1296.49,39,1
"14168.0","2010-05-24 12:28:00","2010-10-15 10:49:00",2,370.45,420,1
"14169.0","2010-09-21 13:39:00","2010-10-05 08:45:00",2,616.03,430,1
"14170.0","2010-11-09 14:06:00","2010-11-29 13:10:00",3,597.33,375,1
"14171.0","2009-12-09 13:50:00","2011-09-02 16:43:00",2,498.79,98,1
"14172.0","2010-03-07 10:58:00","2010-04-13 13:26:00",3,402.72,605,1
"14173.0","2009-12-09 12:46:00","2011-11-29 11:54:00",6,586.0,10,0
"14174.0","2011-11-06 13:17:00","2011-11-06 13:17:00",1,134.46,33,1
"14175.0","2010-03-22 10:43:00","2011-10-11 11:55:00",8,7678.88,59,1
"14176.0","2010-11-23 13:21:00","2011-02-15 13:12:00",5,916.01,297,1
"14177.0","2010-02-26 11:59:00","2011-09-14 15:11:00",13,2229.34,86,1
"14178.0","2011-06-10 12:51:00","2011-12-01 12:01:00",7,1600.93,8,0
"14179.0","2011-10-18 14:00:00","2011-10-30 12:07:00",2,719.78,40,1
"14180.0","2010-06-09 14:56:00","2011-11-29 10:56:00",33,6319.25,10,0
"14181.0","2010-05-26 12:32:00","2010-10-25 08:27:00",2,310.55,410,1
"14182.0","2010-04-22 15:36:00","2010-09-22 11:45:00",4,678.77,443,1
"14183.0","2010-08-15 15:36:00","2010-10-24 14:45:00",2,286.29,411,1
"14184.0","2011-10-04 12:43:00","2011-10-04 12:43:00",1,452.89,66,1
"14185.0","2011-01-12 13:52:00","2011-01-12 13:52:00",1,197.65,331,1
"14186.0","2010-03-05 11:17:00","2010-10-08 13:30:00",5,1550.63,427,1
"14187.0","2010-08-23 12:06:00","2010-08-23 12:06:00",1,123.5,473,1
"14188.0","2011-02-02 13:46:00","2011-11-09 12:45:00",6,2054.36,30,0
"14189.0","2010-11-16 09:28:00","2011-12-07 15:55:00",16,5814.39,2,0
"14190.0","2010-02-11 14:27:00","2010-02-11 14:27:00",1,79.9,666,1
"14191.0","2009-12-11 10:48:00","2011-12-08 09:23:00",15,4817.66,1,0
"14192.0","2010-11-16 17:44:00","2010-11-16 17:44:00",1,293.74,388,1
"14193.0","2010-11-08 12:31:00","2011-10-03 09:34:00",3,1210.19,67,1
"14194.0","2010-01-06 12:16:00","2011-12-05 10:38:00",36,18670.59,4,0
"14195.0","2010-03-15 17:12:00","2011-05-22 10:29:00",6,2615.6,201,1
"14196.0","2011-08-25 10:25:00","2011-08-25 10:25:00",1,335.52,106,1
"14197.0","2010-10-25 10:01:00","2010-10-25 10:01:00",1,390.05,410,1
"14198.0","2010-01-05 10:07:00","2011-11-21 16:35:00",9,1569.73,18,0
"14199.0","2010-06-27 12:13:00","2011-05-05 13:44:00",4,1091.7,218,1
"14200.0","2010-04-01 13:01:00","2010-04-01 13:01:00",1,379.2,617,1
"14201.0","2010-04-30 13:00:00","2011-10-10 13:27:00",10,1193.54,60,1
"14202.0","2010-03-25 10:36:00","2010-11-23 17:13:00",3,847.76,381,1
"14203.0","2010-11-07 13:35:00","2010-11-07 13:35:00",1,339.34,397,1
"14204.0","2009-12-02 13:26:00","2011-12-07 13:38:00",4,1062.96,2,0
"14205.0","2010-03-07 12:20:00","2011-11-23 10:55:00",9,2414.2,16,0
"14206.0","2010-11-02 11:37:00","2011-04-14 16:38:00",3,1185.01,239,1
"14207.0","2010-01-21 09:33:00","2010-01-21 09:33:00",1,157.8,687,1
"14208.0","2010-06-06 13:11:00","2011-09-06 12:48:00",2,567.05,94,1
"14209.0","2010-01-22 10:28:00","2011-11-29 10:18:00",15,4993.27,10,0
"14210.0","2010-01-06 10:17:00","2011-08-26 12:36:00",16,5861.52,105,1
"14211.0","2009-12-09 12:48:00","2011-10-17 13:23:00",18,4402.29,53,1
"14212.0","2010-09-20 11:48:00","2011-09-11 12:45:00",2,2190.14,89,1
"14213.0","2010-10-31 10:37:00","2010-10-31 10:37:00",1,1192.2,404,1
"14214.0","2011-03-07 12:26:00","2011-11-09 10:31:00",5,1004.38,30,0
"14215.0","2009-12-08 09:35:00","2011-11-28 12:19:00",9,3416.33,11,0
"14216.0","2010-10-21 15:07:00","2011-12-06 14:56:00",5,2150.04,3,0
"14217.0","2010-06-30 12:54:00","2011-12-08 11:53:00",23,3416.89,1,0
"14218.0","2011-10-28 10:00:00","2011-10-28 10:00:00",1,169.48,42,1
"14219.0","2010-08-03 14:42:00","2011-12-05 16:23:00",3,633.83,4,0
"14220.0","2010-05-19 13:26:00","2011-04-06 13:23:00",4,1515.0,247,1
"14221.0","2010-04-06 14:10:00","2011-10-28 13:42:00",17,6517.49,42,1
"14222.0","2011-06-15 16:42:00","2011-06-15 16:42:00",1,683.17,177,1
"14223.0","2011-03-20 16:02:00","2011-09-08 13:38:00",3,991.13,92,1
"14224.0","2010-06-13 13:46:00","2011-08-21 13:24:00",9,1897.9,110,1
"14225.0","2010-01-12 15:02:00","2010-10-01 10:32:00",4,2037.02,434,1
"14226.0","2010-09-24 14:32:00","2011-11-11 11:34:00",6,3002.53,28,0
"14227.0","2010-02-08 09:38:00","2011-11-13 15:48:00",15,6366.16,26,0
"14228.0","2010-06-11 12:29:00","2010-09-28 09:45:00",3,745.5,437,1
"14229.0","2010-08-25 11:47:00","2011-10-19 10:03:00",7,2594.04,51,1
"14230.0","2010-06-09 13:56:00","2010-09-30 09:07:00",3,979.8,435,1
"14231.0","2010-09-15 09:52:00","2011-06-09 11:05:00",4,1235.62,183,1
"14232.0","2011-03-20 12:44:00","2011-10-28 11:09:00",5,2048.07,42,1
"14233.0","2010-03-05 16:35:00","2011-10-21 15:54:00",7,2904.27,49,1
"14234.0","2011-10-13 13:58:00","2011-11-17 17:53:00",4,775.46,22,0
"14235.0","2010-03-30 13:36:00","2011-09-25 14:37:00",9,4717.99,75,1
"14236.0","2010-07-22 14:27:00","2011-09-20 09:13:00",5,1744.64,80,1
"14237.0","2010-04-28 10:04:00","2010-12-01 13:20:00",2,632.14,373,1
"14238.0","2009-12-05 10:58:00","2011-01-17 14:40:00",3,434.23,326,1
"14239.0","2009-12-05 12:36:00","2011-10-27 14:40:00",21,4263.17,43,1
"14240.0","2010-10-12 12:48:00","2011-11-09 13:45:00",3,1247.49,30,0
"14241.0","2010-01-12 15:11:00","2011-06-09 11:46:00",2,333.7,183,1
"14242.0","2011-01-18 08:53:00","2011-04-19 11:46:00",2,280.55,234,1
"14243.0","2010-08-20 13:41:00","2011-12-01 11:12:00",17,7431.05,8,0
"14244.0","2010-02-17 11:40:00","2010-02-17 11:40:00",1,366.42,660,1
"14245.0","2011-03-21 10:41:00","2011-05-04 08:40:00",2,1693.45,219,1
"14246.0","2011-04-08 08:25:00","2011-08-21 11:50:00",3,1474.06,110,1
"14247.0","2010-06-06 15:07:00","2011-03-06 15:21:00",5,772.66,278,1
"14248.0","2010-07-12 14:27:00","2011-01-25 14:45:00",3,1032.95,318,1
"14249.0","2010-01-29 14:21:00","2010-10-25 12:34:00",12,5625.46,410,1
"14250.0","2011-09-11 13:44:00","2011-12-02 14:30:00",3,1904.05,7,0
"14251.0","2011-10-13 12:46:00","2011-12-08 08:32:00",5,2879.7,1,0
"14252.0","2010-11-23 13:36:00","2010-11-23 13:36:00",1,350.99,381,1
"14253.0","2010-03-26 15:08:00","2010-08-03 14:55:00",2,363.4,493,1
"14254.0","2010-10-03 11:52:00","2010-10-03 11:52:00",1,601.03,432,1
"14256.0","2010-01-14 10:35:00","2011-03-24 13:17:00",5,2473.99,260,1
"14257.0","2010-03-01 15:36:00","2011-10-06 16:54:00",9,5954.45,64,1
"14258.0","2009-12-04 08:36:00","2011-11-30 15:27:00",25,32051.34,9,0
"14259.0","2011-07-21 10:44:00","2011-07-21 10:44:00",1,120.0,141,1
"14260.0","2010-06-09 11:23:00","2010-08-25 14:55:00",3,824.28,471,1
"14261.0","2011-09-22 10:47:00","2011-10-20 10:04:00",2,1163.45,50,1
"14262.0","2011-04-13 12:23:00","2011-12-01 14:17:00",8,2618.23,8,0
"14263.0","2010-10-12 14:09:00","2010-10-12 14:09:00",1,322.93,423,1
"14264.0","2010-04-07 13:21:00","2011-07-08 10:20:00",6,1517.36,154,1
"14265.0","2010-04-06 14:39:00","2011-08-22 13:32:00",4,1373.35,109,1
"14266.0","2010-10-07 13:32:00","2010-10-07 13:32:00",1,40.56,428,1
"14267.0","2011-03-24 11:38:00","2011-06-30 10:09:00",3,1516.24,162,1
"14268.0","2010-08-26 10:45:00","2010-08-26 10:45:00",1,354.85,470,1
"14269.0","2010-09-26 12:53:00","2010-09-26 12:53:00",1,295.73,439,1
"14270.0","2011-01-12 09:33:00","2011-01-12 09:33:00",1,492.65,331,1
"14271.0","2010-10-26 17:01:00","2011-04-28 12:47:00",2,219.13,225,1
"14272.0","2010-05-06 14:01:00","2011-09-27 10:08:00",4,920.81,73,1
"14273.0","2011-04-11 13:24:00","2011-10-19 13:20:00",4,559.97,51,1
"14274.0","2010-01-22 12:51:00","2010-01-22 12:51:00",1,256.6,686,1
"14275.0","2010-04-11 12:32:00","2010-11-09 09:06:00",6,1189.38,395,1
"14276.0","2010-02-17 13:10:00","2011-09-02 09:45:00",7,2102.68,98,1
"14277.0","2009-12-13 15:43:00","2011-11-24 15:01:00",8,16817.36,15,0
"14278.0","2010-10-26 12:07:00","2010-10-26 12:07:00",1,205.83,409,1
"14279.0","2010-01-27 16:34:00","2010-07-07 08:42:00",2,191.86,520,1
"14280.0","2011-05-27 10:37:00","2011-05-27 10:37:00",1,134.04,196,1
"14281.0","2010-10-27 14:45:00","2010-10-27 14:45:00",1,245.15,408,1
"14282.0","2010-02-15 11:22:00","2011-12-06 17:04:00",25,7849.66,3,0
"14283.0","2010-05-19 12:22:00","2010-09-02 14:46:00",4,628.44,463,1
"14284.0","2010-02-24 12:06:00","2011-11-09 08:11:00",3,1299.65,30,0
"14285.0","2009-12-08 14:13:00","2011-11-18 14:50:00",8,3284.42,21,0
"14286.0","2009-12-04 08:40:00","2011-11-16 10:34:00",7,8479.76,23,0
"14287.0","2011-05-25 11:41:00","2011-12-01 13:25:00",3,176.63,8,0
"14288.0","2011-05-10 13:22:00","2011-05-10 13:22:00",1,426.6,213,1
"14289.0","2011-02-23 12:33:00","2011-12-01 11:44:00",6,911.26,8,0
"14290.0","2009-12-08 11:44:00","2011-11-28 14:02:00",8,4516.56,11,0
"14291.0","2009-12-09 10:46:00","2011-12-08 10:26:00",23,7904.1,1,0
"14292.0","2010-03-19 11:10:00","2011-12-02 11:50:00",16,9226.25,7,0
"14293.0","2009-12-10 10:57:00","2011-12-06 15:17:00",9,3267.93,3,0
"14294.0","2010-10-28 16:25:00","2010-10-28 16:25:00",1,375.34,407,1
"14295.0","2009-12-09 13:06:00","2011-10-30 15:50:00",4,2352.91,40,1
"14296.0","2010-05-14 14:34:00","2010-10-14 14:14:00",2,456.4,421,1
"14297.0","2011-03-10 08:31:00","2011-11-22 09:06:00",4,1305.33,17,0
"14298.0","2009-12-11 13:49:00","2011-12-01 13:12:00",82,91194.49,8,0
"14299.0","2009-12-02 10:58:00","2011-12-01 16:05:00",27,14499.49,8,0
"14300.0","2011-11-21 08:57:00","2011-11-21 08:57:00",1,43.2,18,0
"14301.0","2010-02-11 13:07:00","2011-08-14 15:33:00",4,1992.18,117,1
"14302.0","2009-12-02 08:16:00","2010-10-05 08:10:00",3,742.9,430,1
"14303.0","2010-10-01 10:31:00","2010-10-28 15:37:00",2,277.94,407,1
"14304.0","2010-05-18 10:50:00","2011-05-01 11:50:00",3,1725.01,222,1
"14305.0","2011-07-27 14:14:00","2011-09-29 15:29:00",3,1858.96,71,1
"14306.0","2010-01-31 13:42:00","2011-10-19 13:23:00",6,3151.4,51,1
"14307.0","2009-12-07 13:06:00","2011-09-12 09:38:00",10,5071.03,88,1
"14309.0","2010-06-07 10:24:00","2011-12-01 13:33:00",11,3780.81,8,0
"14310.0","2010-10-03 12:34:00","2010-10-03 12:34:00",1,492.1,432,1
"14311.0","2010-05-21 10:28:00","2011-04-11 10:14:00",2,516.45,242,1
"14312.0","2010-07-23 15:05:00","2011-10-24 09:46:00",11,3090.29,46,1
"14314.0","2010-10-05 08:00:00","2011-08-25 10:39:00",2,229.8,106,1
"14315.0","2010-03-15 12:49:00","2011-10-26 12:06:00",8,3197.82,44,1
"14316.0","2010-03-19 15:18:00","2010-10-13 16:31:00",5,1370.34,422,1
"14317.0","2011-10-06 10:44:00","2011-10-06 10:44:00",1,508.58,64,1
"14318.0","2010-09-05 15:32:00","2010-09-05 15:32:00",1,158.02,460,1
"14319.0","2010-10-11 13:38:00","2010-10-11 13:38:00",1,494.85,424,1
"14320.0","2010-01-21 11:44:00","2011-05-17 09:24:00",5,1346.75,206,1
"14321.0","2010-08-23 12:56:00","2011-11-29 09:47:00",7,2218.06,10,0
"14322.0","2010-02-18 08:49:00","2010-10-06 15:17:00",4,474.1,429,1
"14323.0","2011-04-15 11:44:00","2011-08-17 11:37:00",2,605.06,114,1
"14324.0","2010-01-15 13:31:00","2010-10-26 11:44:00",2,701.61,409,1
"14325.0","2010-05-19 09:20:00","2010-05-19 09:20:00",1,245.48,569,1
"14326.0","2010-06-25 12:10:00","2011-04-11 15:04:00",3,940.98,242,1
"14327.0","2010-01-08 14:04:00","2011-06-29 13:58:00",6,1894.93,163,1
"14329.0","2009-12-16 15:31:00","2011-11-22 15:50:00",15,9927.22,17,0
"14330.0","2010-03-26 09:10:00","2010-03-26 09:10:00",1,200.63,623,1
"14331.0","2011-07-27 15:14:00","2011-08-07 13:17:00",2,462.66,124,1
"14332.0","2010-10-19 13:01:00","2011-11-17 11:54:00",5,1943.51,22,0
"14333.0","2011-10-03 10:38:00","2011-10-03 10:38:00",1,415.2,67,1
"14334.0","2010-05-20 10:04:00","2011-11-23 10:01:00",12,4318.48,16,0
"14335.0","2011-09-04 13:07:00","2011-11-23 13:41:00",2,468.26,16,0
"14336.0","2011-03-08 16:48:00","2011-11-23 11:40:00",4,1614.91,16,0
"14338.0","2010-06-21 10:32:00","2011-07-01 14:08:00",3,928.1,161,1
"14339.0","2010-10-07 08:50:00","2011-04-11 11:06:00",2,620.27,242,1
"14340.0","2011-05-05 09:44:00","2011-05-05 09:44:00",1,134.7,218,1
"14341.0","2009-12-01 12:20:00","2011-10-25 15:48:00",18,4467.32,45,1
"14342.0","2010-08-24 13:03:00","2011-11-18 13:21:00",6,918.44,21,0
"14343.0","2010-01-18 16:47:00","2010-10-14 13:05:00",4,1088.91,421,1
"14344.0","2010-03-23 15:47:00","2011-08-04 13:51:00",20,3333.7,127,1
"14345.0","2011-11-01 09:51:00","2011-11-01 09:51:00",1,108.98,38,1
"14346.0","2010-07-30 10:44:00","2011-08-11 09:47:00",5,2315.75,120,1
"14347.0","2009-12-03 10:49:00","2009-12-03 10:49:00",1,82.6,736,1
"14348.0","2011-03-24 16:23:00","2011-03-24 16:23:00",1,409.57,260,1
"14349.0","2011-11-29 15:39:00","2011-11-29 15:39:00",1,133.5,10,0
"14350.0","2010-10-05 15:52:00","2011-03-10 14:14:00",3,972.03,274,1
"14351.0","2011-06-28 11:56:00","2011-06-28 11:56:00",1,51.0,164,1
"14352.0","2011-03-11 14:58:00","2011-07-05 15:41:00",4,1078.96,157,1
"14353.0","2010-10-04 12:38:00","2011-05-08 16:06:00",3,376.5,215,1
"14354.0","2011-11-09 15:36:00","2011-12-04 11:32:00",2,163.62,5,0
"14355.0","2010-03-22 15:08:00","2010-12-09 12:16:00",3,1014.45,365,1
"14356.0","2011-09-19 14:43:00","2011-09-21 09:18:00",2,701.23,79,1
"14357.0","2011-10-27 16:23:00","2011-10-27 16:23:00",1,225.77,43,1
"14358.0","2010-10-07 17:26:00","2010-11-15 15:51:00",2,400.06,389,1
"14359.0","2011-09-13 09:03:00","2011-11-20 13:17:00",3,912.18,19,0
"14360.0","2011-09-06 11:58:00","2011-11-08 09:12:00",4,2128.23,31,1
"14361.0","2010-05-10 12:29:00","2010-05-10 12:29:00",1,214.71,578,1
"14362.0","2011-11-17 15:08:00","2011-11-17 15:08:00",1,161.2,22,0
"14363.0","2010-09-14 14:39:00","2010-11-02 17:01:00",2,227.47,402,1
"14364.0","2011-05-12 12:56:00","2011-08-23 11:01:00",8,3717.35,108,1
"14365.0","2010-01-27 09:44:00","2010-11-10 09:52:00",2,634.68,394,1
"14366.0","2010-07-02 17:23:00","2010-07-02 17:23:00",1,136.0,525,1
"14367.0","2011-03-08 14:12:00","2011-12-01 13:19:00",16,9261.52,8,0
"14368.0","2011-01-24 09:52:00","2011-01-24 09:52:00",1,155.0,319,1
"14369.0","2010-02-16 10:28:00","2010-03-07 15:47:00",2,469.13,642,1
"14370.0","2010-02-01 08:35:00","2010-09-15 10:53:00",6,1175.78,450,1
"14371.0","2011-02-17 16:35:00","2011-02-17 16:35:00",1,100.5,295,1
"14372.0","2010-04-19 15:57:00","2010-09-22 16:17:00",2,860.08,443,1
"14373.0","2010-12-16 15:40:00","2010-12-16 15:40:00",1,76.55,358,1
"14374.0","2010-06-16 14:25:00","2010-06-16 14:25:00",1,108.0,541,1
"14375.0","2010-06-16 14:34:00","2011-06-07 13:44:00",3,1132.99,185,1
"14376.0","2010-01-25 15:36:00","2010-01-25 15:36:00",1,215.46,683,1
"14377.0","2011-03-22 13:38:00","2011-06-01 13:32:00",2,617.05,191,1
"14378.0","2010-03-28 12:22:00","2010-03-28 12:22:00",1,131.25,621,1
"14379.0","2010-08-16 15:31:00","2011-10-26 16:43:00",4,1268.91,44,1
"14381.0","2010-09-14 16:15:00","2011-10-18 17:10:00",2,631.34,52,1
"14382.0","2010-11-14 16:32:00","2011-11-13 16:18:00",2,1246.8,26,0
"14383.0","2011-06-29 10:18:00","2011-11-01 15:53:00",3,1247.69,38,1
"14384.0","2010-07-27 09:53:00","2010-07-27 09:53:00",1,58.5,500,1
"14385.0","2011-11-16 11:55:00","2011-11-30 15:36:00",3,202.11,9,0
"14386.0","2011-02-16 09:45:00","2011-02-16 09:45:00",1,142.4,296,1
"14387.0","2011-08-22 14:13:00","2011-11-07 12:29:00",3,1770.56,32,1
"14388.0","2010-01-20 11:54:00","2011-11-29 13:32:00",16,6701.0,10,0
"14389.0","2010-04-28 14:57:00","2011-10-05 15:17:00",5,1898.01,65,1
"14390.0","2010-10-10 14:30:00","2011-11-29 13:49:00",13,6399.83,10,0
"14391.0","2010-05-12 09:42:00","2010-05-12 09:42:00",1,135.6,576,1
"14392.0","2010-10-03 12:56:00","2010-10-03 12:56:00",1,266.4,432,1
"14393.0","2011-05-05 18:16:00","2011-05-05 18:16:00",1,67.95,218,1
"14394.0","2010-05-24 10:43:00","2010-05-24 10:43:00",1,93.8,564,1
"14395.0","2010-04-18 13:12:00","2011-12-07 14:34:00",20,8208.01,2,0
"14396.0","2009-12-02 14:21:00","2011-10-05 16:09:00",7,2121.93,65,1
"14397.0","2011-05-10 12:25:00","2011-12-07 09:22:00",19,2612.96,2,0
"14398.0","2010-06-30 11:57:00","2010-11-03 13:46:00",2,707.79,401,1
"14399.0","2010-02-03 13:09:00","2010-11-10 13:23:00",8,2113.16,394,1
"14400.0","2010-03-18 12:11:00","2011-07-13 15:50:00",3,1732.47,149,1
"14401.0","2009-12-14 13:22:00","2011-12-05 13:30:00",22,6795.9,4,0
"14402.0","2010-02-25 13:20:00","2010-02-25 13:20:00",1,285.6,652,1
"14403.0","2010-03-10 14:00:00","2011-08-01 12:57:00",6,1880.51,130,1
"14404.0","2009-12-20 14:40:00","2011-11-06 12:30:00",13,2899.11,33,1
"14405.0","2010-11-18 11:40:00","2010-11-18 11:40:00",1,195.0,386,1
"14406.0","2011-08-12 16:54:00","2011-08-12 16:54:00",1,156.75,119,1
"14407.0","2011-03-08 11:59:00","2011-08-24 14:02:00",5,2142.73,107,1
"14408.0","2009-12-07 12:18:00","2011-11-29 11:41:00",11,4109.77,10,0
"14409.0","2010-05-21 16:45:00","2011-09-29 18:18:00",9,3756.09,71,1
"14410.0","2010-09-28 15:46:00","2011-09-08 15:08:00",11,2650.14,92,1
"14411.0","2011-02-02 10:56:00","2011-02-02 10:56:00",1,1063.0,310,1
"14412.0","2010-10-11 12:33:00","2011-10-28 10:45:00",3,1426.19,42,1
"14413.0","2010-01-19 14:27:00","2010-12-12 13:37:00",3,427.57,362,1
"14414.0","2010-11-30 10:12:00","2011-09-09 12:09:00",8,2399.33,91,1
"14415.0","2009-12-16 14:08:00","2011-12-08 14:38:00",23,12091.6,1,0
"14416.0","2011-10-28 15:10:00","2011-11-17 15:22:00",2,490.22,22,0
"14417.0","2010-11-17 10:55:00","2010-11-17 10:55:00",1,604.2,387,1
"14418.0","2011-08-23 17:18:00","2011-12-06 11:39:00",3,1937.25,3,0
"14419.0","2010-11-22 11:09:00","2011-11-29 11:22:00",7,1260.91,10,0
"14420.0","2010-01-17 12:41:00","2011-09-01 18:07:00",4,1639.17,99,1
"14421.0","2010-01-17 11:30:00","2011-10-13 13:24:00",6,2469.37,57,1
"14422.0","2009-12-17 12:12:00","2011-12-09 11:26:00",19,10271.52,0,0
"14423.0","2010-01-14 11:49:00","2011-05-05 15:12:00",3,916.61,218,1
"14424.0","2011-11-22 11:48:00","2011-11-22 11:48:00",1,322.08,17,0
"14425.0","2009-12-02 11:31:00","2010-10-01 10:24:00",3,661.39,434,1
"14426.0","2010-03-04 14:36:00","2011-11-16 12:25:00",17,11727.94,23,0
"14427.0","2010-03-18 09:49:00","2011-10-20 14:23:00",4,1263.52,50,1
"14428.0","2011-01-18 16:39:00","2011-12-02 13:17:00",5,1244.83,7,0
"14429.0","2010-11-01 10:08:00","2010-11-01 10:08:00",1,516.28,403,1
"14430.0","2010-04-11 15:59:00","2010-07-16 11:35:00",3,1220.9,511,1
"14431.0","2010-01-21 10:49:00","2011-02-10 10:40:00",4,2614.2,302,1
"14432.0","2011-09-11 14:09:00","2011-11-30 08:04:00",6,2255.51,9,0
"14433.0","2010-08-31 12:35:00","2010-08-31 12:35:00",1,289.6,465,1
"14434.0","2011-09-28 15:31:00","2011-11-18 08:56:00",6,1372.8,21,0
"14435.0","2010-07-26 12:33:00","2010-07-26 12:33:00",1,90.42,501,1
"14436.0","2010-06-04 11:32:00","2011-09-02 10:13:00",2,271.7,98,1
"14437.0","2010-05-05 12:20:00","2010-12-09 09:27:00",5,958.84,365,1
"14438.0","2011-02-06 14:56:00","2011-02-06 14:56:00",1,131.9,306,1
"14439.0","2010-01-21 14:01:00","2011-01-24 11:39:00",5,9443.04,319,1
"14440.0","2009-12-02 12:13:00","2011-12-01 15:42:00",13,6638.73,8,0
"14441.0","2010-01-18 10:40:00","2011-12-09 09:07:00",11,4611.69,0,0
"14442.0","2010-01-18 12:59:00","2011-05-19 11:36:00",7,5367.02,204,1
"14443.0","2010-11-25 14:18:00","2011-10-17 10:10:00",5,2386.47,53,1
"14444.0","2010-09-09 18:56:00","2010-09-09 18:56:00",1,132.04,456,1
"14445.0","2010-09-10 11:09:00","2010-09-10 11:09:00",1,221.65,455,1
"14446.0","2010-11-18 12:08:00","2011-12-09 11:34:00",5,1236.51,0,0
"14447.0","2010-11-04 13:32:00","2011-11-21 08:28:00",6,1711.73,18,0
"14448.0","2010-12-10 17:26:00","2011-11-30 13:50:00",2,375.35,9,0
"14449.0","2010-09-29 13:15:00","2011-11-21 12:06:00",8,2482.8,18,0
"14450.0","2010-04-08 12:09:00","2011-06-12 10:46:00",7,1128.44,180,1
"14451.0","2010-01-17 10:35:00","2011-10-10 13:38:00",12,3308.77,60,1
"14452.0","2010-07-06 13:13:00","2011-11-29 12:06:00",4,665.59,10,0
"14453.0","2011-06-02 14:15:00","2011-06-02 14:15:00",1,119.93,190,1
"14454.0","2009-12-06 12:56:00","2010-11-28 13:26:00",5,977.3,376,1
"14455.0","2010-08-01 13:26:00","2010-10-03 15:48:00",4,628.21,432,1
"14456.0","2011-07-20 13:06:00","2011-12-04 13:59:00",9,3059.44,5,0
"14457.0","2011-02-02 09:39:00","2011-02-02 09:39:00",1,113.64,310,1
"14458.0","2010-11-24 12:43:00","2010-11-24 12:43:00",1,228.62,380,1
"14459.0","2010-02-26 13:26:00","2011-07-07 13:35:00",2,5375.74,155,1
"14460.0","2009-12-15 19:06:00","2011-08-21 14:19:00",9,1093.5,110,1
"14461.0","2010-01-18 12:48:00","2011-07-14 17:11:00",13,6713.11,148,1
"14462.0","2010-10-03 14:13:00","2011-10-04 15:55:00",12,2265.01,66,1
"14463.0","2010-07-28 11:35:00","2011-09-02 15:20:00",4,786.57,98,1
"14464.0","2010-03-22 15:20:00","2010-05-20 18:00:00",2,111.0,568,1
"14465.0","2010-01-07 15:03:00","2011-04-07 12:38:00",11,3946.03,246,1
"14466.0","2009-12-13 15:44:00","2011-11-10 14:07:00",13,4646.9,29,0
"14467.0","2009-12-02 12:44:00","2011-11-22 12:48:00",12,2220.99,17,0
"14468.0","2009-12-06 12:21:00","2009-12-06 12:21:00",1,204.24,733,1
"14469.0","2010-01-29 11:12:00","2010-10-19 14:30:00",4,2112.21,416,1
"14470.0","2010-10-05 12:39:00","2011-11-28 10:31:00",3,712.04,11,0
"14471.0","2009-12-07 12:26:00","2010-04-27 17:12:00",2,400.95,591,1
"14472.0","2010-01-19 13:09:00","2011-08-28 11:01:00",9,2228.22,103,1
"14473.0","2011-03-02 13:56:00","2011-09-26 15:10:00",2,234.34,74,1
"14474.0","2010-05-09 12:12:00","2011-10-24 13:26:00",2,1278.08,46,1
"14475.0","2010-10-27 09:20:00","2011-09-29 10:46:00",4,1151.15,71,1
"14476.0","2011-03-27 15:39:00","2011-03-27 15:39:00",1,215.7,257,1
"14477.0","2010-01-04 15:41:00","2011-11-20 11:11:00",7,1969.6,19,0
"14478.0","2009-12-01 13:20:00","2010-11-22 15:29:00",4,1276.66,382,1
"14479.0","2009-12-06 13:48:00","2011-03-31 09:07:00",4,1299.11,253,1
"14480.0","2009-12-21 16:32:00","2011-11-28 16:35:00",4,1299.52,11,0
"14481.0","2010-01-31 12:43:00","2011-06-28 10:38:00",5,2311.49,164,1
"14482.0","2010-08-26 14:13:00","2011-11-21 13:14:00",12,4357.91,18,0
"14483.0","2009-12-03 10:16:00","2011-03-03 10:26:00",2,257.1,281,1
"14484.0","2009-12-17 10:57:00","2011-10-20 14:11:00",4,1070.98,50,1
"14485.0","2011-11-01 12:25:00","2011-11-01 12:25:00",1,165.75,38,1
"14486.0","2010-06-04 10:30:00","2010-07-16 09:42:00",2,175.5,511,1
"14487.0","2010-11-25 13:36:00","2011-11-13 12:17:00",7,1453.61,26,0
"14488.0","2011-10-03 09:30:00","2011-10-03 09:30:00",1,1064.28,67,1
"14489.0","2010-04-06 09:52:00","2011-05-16 14:51:00",4,1574.93,207,1
"14490.0","2010-10-07 11:36:00","2010-10-29 15:04:00",2,1273.47,406,1
"14491.0","2010-12-02 12:10:00","2011-06-17 15:22:00",2,468.13,175,1
"14492.0","2010-03-30 14:23:00","2010-10-05 13:21:00",7,1921.91,430,1
"14493.0","2010-03-08 08:33:00","2011-12-02 16:14:00",10,5130.15,7,0
"14494.0","2009-12-08 13:25:00","2011-11-14 09:21:00",3,401.46,25,0
"14495.0","2010-02-18 08:49:00","2011-10-20 12:28:00",3,174.8,50,1
"14496.0","2010-03-16 13:15:00","2011-02-01 09:01:00",7,2668.23,311,1
"14497.0","2010-02-04 09:59:00","2011-02-03 17:01:00",2,697.06,309,1
"14498.0","2010-06-07 16:05:00","2011-10-28 12:09:00",10,3911.27,42,1
"14499.0","2010-08-27 11:57:00","2011-11-13 13:01:00",7,2138.97,26,0
"14500.0","2011-06-03 10:08:00","2011-09-12 16:45:00",3,356.85,88,1
"14501.0","2011-01-24 10:43:00","2011-06-09 12:02:00",2,251.21,183,1
"14502.0","2011-01-30 15:52:00","2011-11-20 11:50:00",11,2467.63,19,0
"14503.0","2011-06-14 10:00:00","2011-12-06 13:30:00",6,3543.26,3,0
"14504.0","2011-03-06 14:38:00","2011-10-23 16:00:00",4,673.26,47,1
"14505.0","2009-12-09 14:48:00","2011-11-22 15:45:00",19,11995.84,17,0
"14506.0","2010-04-19 08:27:00","2011-11-22 13:02:00",7,3290.67,17,0
"14507.0","2009-12-10 17:04:00","2011-11-16 12:21:00",11,3284.43,23,0
"14508.0","2010-06-17 13:02:00","2011-11-17 19:48:00",5,874.94,22,0
"14509.0","2010-06-23 13:21:00","2010-06-23 13:21:00",1,110.95,534,1
"14510.0","2010-09-29 13:35:00","2010-11-29 12:46:00",3,1007.28,375,1
"14511.0","2011-07-29 12:13:00","2011-11-28 17:05:00",5,1314.81,11,0
"14512.0","2009-12-07 13:49:00","2011-06-05 12:39:00",7,1223.47,187,1
"14513.0","2010-05-20 17:57:00","2011-08-31 11:25:00",6,788.01,100,1
"14514.0","2009-12-13 13:21:00","2011-10-09 16:05:00",9,4598.98,61,1
"14515.0","2010-06-07 12:37:00","2011-11-22 11:37:00",12,3749.26,17,0
"14516.0","2010-07-11 14:07:00","2010-07-11 14:07:00",1,163.92,516,1
"14517.0","2011-07-21 11:42:00","2011-11-06 14:20:00",2,330.45,33,1
"14518.0","2011-10-06 14:43:00","2011-10-06 14:43:00",1,174.37,64,1
"14519.0","2009-12-11 10:40:00","2010-01-25 11:18:00",2,206.09,683,1
"14520.0","2011-02-22 09:15:00","2011-12-08 09:46:00",2,270.6,1,0
"14521.0","2010-08-05 16:35:00","2010-08-05 16:35:00",1,199.45,491,1
"14522.0","2010-01-24 13:55:00","2011-11-15 13:24:00",8,1758.62,24,0
"14523.0","2011-08-23 13:13:00","2011-08-23 13:13:00",1,241.09,108,1
"14524.0","2010-10-19 11:44:00","2011-11-08 12:29:00",13,2933.71,31,1
"14525.0","2009-12-13 14:01:00","2011-11-20 11:37:00",17,8232.69,19,0
"14526.0","2010-11-15 13:32:00","2010-11-15 13:32:00",1,262.4,389,1
"14527.0","2009-12-02 12:06:00","2011-12-07 12:19:00",121,27736.52,2,0
"14528.0","2011-11-02 17:09:00","2011-11-02 17:09:00",1,364.22,37,1
"14529.0","2011-08-21 14:10:00","2011-10-10 15:27:00",3,620.04,60,1
"14530.0","2010-01-21 11:25:00","2011-11-14 10:38:00",16,6197.4,25,0
"14531.0","2010-08-17 10:16:00","2010-08-17 10:16:00",1,376.34,479,1
"14532.0","2010-01-10 11:47:00","2011-04-17 13:05:00",11,3859.18,236,1
"14533.0","2010-04-08 12:13:00","2011-11-15 12:05:00",11,3466.37,24,0
"14534.0","2010-03-15 14:16:00","2011-12-07 12:19:00",26,6266.51,2,0
"14535.0","2010-02-24 15:03:00","2011-10-10 15:39:00",9,6019.39,60,1
"14536.0","2011-03-25 12:21:00","2011-03-25 12:21:00",1,171.8,259,1
"14537.0","2010-03-26 13:44:00","2011-10-13 10:54:00",2,641.4,57,1
"14538.0","2010-01-25 15:42:00","2011-10-06 10:31:00",5,1370.84,64,1
"14539.0","2011-10-26 12:03:00","2011-11-24 09:50:00",2,537.48,15,0
"14540.0","2009-12-07 13:00:00","2011-11-30 10:15:00",11,3795.34,9,0
"14541.0","2010-01-07 11:59:00","2011-10-12 10:08:00",14,2499.68,58,1
"14542.0","2011-06-07 08:19:00","2011-06-07 08:19:00",1,103.25,185,1
"14543.0","2009-12-01 13:47:00","2011-11-11 12:45:00",39,14867.12,28,0
"14544.0","2010-08-26 16:00:00","2011-11-15 15:06:00",3,2982.43,24,0
"14545.0","2010-02-03 15:23:00","2010-02-03 15:23:00",1,349.25,674,1
"14546.0","2009-12-06 13:10:00","2011-12-04 13:00:00",11,5197.9,5,0
"14547.0","2011-10-16 14:35:00","2011-12-06 11:06:00",8,4007.54,3,0
"14548.0","2009-12-06 14:00:00","2011-07-12 12:19:00",9,2627.49,150,1
"14549.0","2009-12-02 14:06:00","2011-02-01 13:47:00",4,916.55,311,1
"14550.0","2010-08-13 12:05:00","2011-11-29 12:12:00",4,1353.31,10,0
"14551.0","2010-01-27 12:06:00","2011-11-21 13:36:00",7,880.04,18,0
"14552.0","2010-04-26 13:44:00","2011-07-11 12:49:00",3,511.28,151,1
"14553.0","2010-07-18 12:07:00","2011-11-20 13:20:00",9,1841.54,19,0
"14554.0","2011-10-18 13:04:00","2011-11-29 16:44:00",4,2381.04,10,0
"14555.0","2009-12-18 11:39:00","2011-10-13 16:24:00",6,2315.63,57,1
"14556.0","2010-01-20 11:49:00","2010-04-22 14:57:00",3,835.34,596,1
"14557.0","2011-09-15 15:48:00","2011-09-15 15:48:00",1,788.38,85,1
"14558.0","2009-12-08 10:41:00","2010-02-23 12:51:00",3,655.5,654,1
"14559.0","2010-11-14 16:05:00","2010-11-14 16:05:00",1,75.6,390,1
"14560.0","2009-12-02 10:15:00","2011-12-02 15:22:00",44,6114.03,7,0
"14561.0","2011-06-08 13:26:00","2011-09-25 12:39:00",3,1080.76,75,1
"14562.0","2010-02-07 14:10:00","2011-12-06 11:05:00",26,6729.4,3,0
"14563.0","2010-04-26 12:51:00","2010-07-18 12:01:00",2,664.32,509,1
"14564.0","2009-12-04 09:27:00","2010-10-01 09:02:00",2,2605.62,434,1
"14565.0","2010-08-23 09:48:00","2011-09-05 09:07:00",5,3859.22,95,1
"14566.0","2010-06-24 10:34:00","2011-08-21 11:05:00",4,4092.0,110,1
"14567.0","2011-08-01 13:48:00","2011-10-14 10:21:00",2,1530.36,56,1
"14568.0","2010-09-30 17:15:00","2010-09-30 17:15:00",1,919.7,435,1
"14569.0","2010-04-15 11:49:00","2011-12-08 14:58:00",4,598.98,1,0
"14570.0","2010-09-22 13:07:00","2011-03-04 10:58:00",3,512.4,280,1
"14571.0","2010-10-10 15:06:00","2010-10-10 15:06:00",1,161.65,425,1
"14572.0","2010-03-28 13:47:00","2011-12-06 14:40:00",11,5609.28,3,0
"14573.0","2010-01-08 16:34:00","2011-06-13 11:15:00",13,2621.42,179,1
"14574.0","2009-12-07 12:42:00","2009-12-07 12:42:00",1,143.7,732,1
"14575.0","2010-08-08 14:51:00","2010-08-08 14:51:00",1,460.71,488,1
"14576.0","2010-12-02 17:51:00","2010-12-02 17:51:00",1,70.8,372,1
"14577.0","2009-12-11 12:09:00","2011-11-27 12:47:00",7,1374.25,12,0
"14578.0","2011-12-06 17:18:00","2011-12-06 17:18:00",1,168.63,3,0
"14579.0","2010-10-03 14:36:00","2010-10-03 14:36:00",1,105.56,432,1
"14580.0","2010-07-09 15:20:00","2010-07-09 15:20:00",1,14.85,518,1
"14581.0","2010-06-13 15:48:00","2011-11-23 12:39:00",2,433.8,16,0
"14582.0","2011-10-30 11:56:00","2011-10-30 11:56:00",1,114.11,40,1
"14583.0","2010-03-28 15:16:00","2011-12-04 12:32:00",8,1781.03,5,0
"14584.0","2010-02-17 14:01:00","2011-06-23 18:33:00",8,1747.91,169,1
"14585.0","2010-10-19 12:17:00","2011-10-20 14:33:00",5,1143.27,50,1
"14586.0","2011-03-08 10:04:00","2011-03-08 10:04:00",1,237.36,276,1
"14587.0","2011-01-12 13:16:00","2011-11-21 11:34:00",9,1601.14,18,0
"14588.0","2010-05-10 15:08:00","2010-05-10 15:08:00",1,135.39,578,1
"14589.0","2010-12-03 11:42:00","2010-12-03 11:42:00",1,79.5,371,1
"14590.0","2009-12-07 14:10:00","2010-10-11 12:06:00",20,3006.62,424,1
"14591.0","2011-05-10 14:09:00","2011-11-24 13:57:00",4,1447.14,15,0
"14592.0","2011-10-06 18:08:00","2011-11-04 16:35:00",3,570.46,35,1
"14593.0","2009-12-09 12:57:00","2011-11-18 12:48:00",12,3704.51,21,0
"14594.0","2010-12-01 13:54:00","2011-12-02 13:28:00",2,634.83,7,0
"14595.0","2010-01-20 13:59:00","2011-11-20 12:12:00",8,2164.45,19,0
"14596.0","2010-03-23 12:13:00","2010-03-23 12:13:00",1,229.47,626,1
"14597.0","2010-09-28 13:17:00","2011-11-28 13:13:00",6,2201.54,11,0
"14598.0","2010-05-19 13:07:00","2011-10-26 13:19:00",2,384.04,44,1
"14599.0","2010-07-18 15:54:00","2010-11-14 14:49:00",2,474.54,390,1
"14600.0","2010-11-11 15:56:00","2011-02-07 09:48:00",2,865.17,305,1
"14601.0","2011-11-29 09:48:00","2011-11-29 09:48:00",1,213.96,10,0
"14602.0","2010-02-21 15:47:00","2010-02-21 15:47:00",1,205.36,656,1
"14603.0","2011-03-10 10:27:00","2011-03-10 10:27:00",1,660.0,274,1
"14604.0","2010-03-16 13:00:00","2010-03-16 13:00:00",1,136.36,633,1
"14605.0","2009-12-08 13:59:00","2010-11-30 14:07:00",4,936.31,374,1
"14606.0","2009-12-03 12:40:00","2011-12-08 19:28:00",184,30558.44,1,0
"14607.0","2009-12-15 11:25:00","2011-11-24 10:35:00",20,22589.63,15,0
"14608.0","2009-12-06 12:34:00","2011-12-05 16:52:00",10,3342.94,4,0
"14609.0","2010-02-09 09:48:00","2011-09-28 12:54:00",10,1486.2,72,1
"14610.0","2010-07-13 16:06:00","2010-11-09 10:58:00",2,24.35,395,1
"14611.0","2010-04-20 10:19:00","2010-09-22 09:19:00",2,604.33,443,1
"14612.0","2010-10-20 16:01:00","2010-10-20 16:01:00",1,877.7,415,1
"14613.0","2010-01-28 13:02:00","2010-01-28 13:02:00",1,76.32,680,1
"14614.0","2010-11-18 13:04:00","2010-11-18 13:04:00",1,295.13,386,1
"14615.0","2010-06-09 13:59:00","2010-11-10 13:36:00",5,951.76,394,1
"14616.0","2010-06-09 09:42:00","2011-04-11 09:54:00",5,527.78,242,1
"14617.0","2010-10-20 10:40:00","2010-11-02 11:41:00",2,190.47,402,1
"14618.0","2010-06-11 10:11:00","2011-11-30 13:45:00",7,1342.32,9,0
"14619.0","2010-06-16 14:41:00","2011-04-08 07:37:00",2,1291.24,245,1
"14620.0","2011-03-01 08:30:00","2011-05-18 11:58:00",2,412.78,205,1
"14621.0","2010-01-25 09:08:00","2011-12-08 16:22:00",9,3000.57,1,0
"14622.0","2011-06-08 12:42:00","2011-06-08 12:42:00",1,320.58,184,1
"14623.0","2010-04-16 17:12:00","2011-11-07 13:56:00",10,2054.9,32,1
"14624.0","2010-04-14 10:44:00","2011-10-13 13:44:00",6,814.07,57,1
"14625.0","2009-12-16 13:23:00","2011-05-27 15:32:00",11,4497.88,196,1
"14626.0","2009-12-10 14:57:00","2011-11-16 10:37:00",11,5410.92,23,0
"14627.0","2010-11-25 16:32:00","2010-11-25 16:32:00",1,462.75,379,1
"14628.0","2010-01-25 14:40:00","2011-09-09 14:58:00",5,1998.0,91,1
"14629.0","2011-10-23 16:13:00","2011-12-05 16:55:00",2,959.01,4,0
"14630.0","2010-08-12 16:38:00","2010-08-12 16:38:00",1,338.65,484,1
"14631.0","2010-08-09 14:45:00","2011-10-20 11:17:00",6,2025.69,50,1
"14632.0","2011-03-22 08:49:00","2011-03-22 08:49:00",1,114.56,262,1
"14633.0","2011-03-18 17:07:00","2011-03-18 17:07:00",1,344.9,266,1
"14634.0","2010-06-16 09:48:00","2010-09-28 10:40:00",4,2124.46,437,1
"14635.0","2010-09-12 10:47:00","2010-09-12 10:47:00",1,215.22,453,1
"14636.0","2011-03-16 09:52:00","2011-11-03 16:12:00",2,609.85,36,1
"14637.0","2010-01-31 15:52:00","2010-01-31 15:52:00",1,106.68,677,1
"14638.0","2011-10-20 10:10:00","2011-10-20 10:10:00",1,443.6,50,1
"14639.0","2010-02-16 12:35:00","2011-10-18 15:06:00",9,4978.96,52,1
"14640.0","2010-01-22 15:44:00","2011-11-15 13:07:00",10,3667.06,24,0
"14641.0","2011-11-18 10:42:00","2011-11-18 10:42:00",1,110.46,21,0
"14642.0","2011-10-12 11:08:00","2011-10-12 11:08:00",1,96.12,58,1
"14643.0","2009-12-11 11:52:00","2011-06-22 14:41:00",5,1679.89,170,1
"14644.0","2009-12-03 16:24:00","2011-10-03 08:30:00",7,2247.72,67,1
"14645.0","2010-03-15 11:33:00","2011-07-06 09:15:00",3,876.89,156,1
"14646.0","2009-12-02 16:52:00","2011-12-08 12:12:00",145,526751.52,1,0
"14647.0","2010-07-04 13:27:00","2011-05-22 13:40:00",2,519.97,201,1
"14648.0","2009-12-10 13:59:00","2010-10-19 13:12:00",15,4543.6,416,1
"14649.0","2010-01-20 13:10:00","2011-12-05 12:30:00",9,3775.31,4,0
"14650.0","2010-04-29 20:27:00","2010-04-29 20:27:00",1,62.5,589,1
"14651.0","2010-03-18 11:39:00","2011-10-03 15:52:00",9,2034.12,67,1
"14652.0","2011-09-23 14:21:00","2011-09-23 14:21:00",1,114.18,77,1
"14653.0","2009-12-02 11:51:00","2011-12-08 13:45:00",11,3426.28,1,0
"14654.0","2009-12-01 12:57:00","2009-12-01 12:57:00",1,246.86,738,1
"14655.0","2010-04-22 14:29:00","2011-12-01 16:28:00",7,3878.51,8,0
"14656.0","2010-04-15 12:10:00","2011-06-23 13:51:00",5,814.65,169,1
"14657.0","2010-09-30 19:57:00","2011-11-22 12:47:00",6,1460.87,17,0
"14658.0","2011-08-14 15:42:00","2011-12-04 15:35:00",2,247.15,5,0
"14659.0","2011-01-28 12:43:00","2011-12-01 12:17:00",9,2529.93,8,0
"14660.0","2011-08-31 10:40:00","2011-09-14 11:34:00",2,285.74,86,1
"14661.0","2011-11-13 11:51:00","2011-11-13 11:51:00",1,107.95,26,0
"14662.0","2009-12-03 16:47:00","2011-11-11 12:13:00",7,1416.33,28,0
"14663.0","2010-10-05 13:12:00","2010-10-05 13:21:00",2,490.6,430,1
"14664.0","2011-11-06 14:56:00","2011-11-20 10:59:00",2,637.89,19,0
"14665.0","2010-04-26 11:17:00","2011-10-10 09:14:00",7,2749.65,60,1
"14666.0","2011-11-15 12:57:00","2011-11-15 12:57:00",1,179.95,24,0
"14667.0","2009-12-02 12:38:00","2011-11-29 11:30:00",54,21891.39,10,0
"14668.0","2010-09-20 15:03:00","2010-09-20 15:03:00",1,111.63,445,1
"14669.0","2009-12-02 13:06:00","2011-04-12 11:43:00",7,3243.93,241,1
"14670.0","2009-12-07 13:59:00","2011-03-04 14:13:00",3,602.0,280,1
"14671.0","2010-05-20 18:21:00","2010-06-08 13:39:00",2,1127.45,549,1
"14672.0","2010-01-28 11:33:00","2011-04-19 10:19:00",4,1113.14,234,1
"14673.0","2010-10-26 10:14:00","2011-12-06 14:31:00",7,3410.81,3,0
"14674.0","2010-07-18 14:25:00","2010-07-18 14:25:00",1,173.66,509,1
"14675.0","2010-11-16 12:22:00","2011-11-23 12:58:00",2,1066.9,16,0
"14676.0","2010-03-10 09:30:00","2011-11-08 13:29:00",12,8356.79,31,1
"14677.0","2010-04-26 09:48:00","2010-04-26 09:48:00",1,184.91,592,1
"14678.0","2010-05-09 14:32:00","2010-05-09 14:32:00",1,403.39,579,1
"14679.0","2009-12-08 17:13:00","2010-11-23 11:51:00",3,1289.44,381,1
"14680.0","2009-12-04 12:36:00","2011-11-14 16:59:00",58,57412.77,25,0
"14681.0","2010-02-24 08:54:00","2011-09-29 15:52:00",6,875.15,71,1
"14682.0","2010-02-05 14:47:00","2011-06-05 12:12:00",6,1514.81,187,1
"14683.0","2010-04-30 17:18:00","2010-04-30 17:18:00",1,146.56,588,1
"14684.0","2010-11-14 14:07:00","2011-11-14 11:33:00",6,1468.55,25,0
"14685.0","2009-12-13 11:32:00","2010-05-12 13:08:00",8,4619.79,576,1
"14686.0","2010-02-18 18:29:00","2010-10-21 18:31:00",5,885.83,414,1
"14687.0","2010-06-06 10:36:00","2011-08-25 11:59:00",3,1402.06,106,1
"14688.0","2010-09-09 12:35:00","2011-12-02 12:26:00",28,7713.57,7,0
"14689.0","2011-05-15 11:22:00","2011-05-15 11:22:00",1,112.8,208,1
"14690.0","2010-10-25 12:20:00","2011-10-26 15:39:00",4,794.33,44,1
"14691.0","2011-05-11 09:55:00","2011-11-09 12:30:00",5,2114.33,30,0
"14692.0","2010-04-01 14:04:00","2011-07-25 15:08:00",12,1745.09,137,1
"14693.0","2010-07-02 08:28:00","2011-03-20 12:50:00",7,1165.36,264,1
"14694.0","2010-04-01 19:46:00","2010-04-01 19:46:00",1,244.31,617,1
"14695.0","2009-12-07 11:05:00","2010-07-08 14:18:00",3,1620.07,519,1
"14696.0","2010-10-14 11:43:00","2011-12-05 13:43:00",8,2767.9,4,0
"14697.0","2011-05-05 15:29:00","2011-05-05 15:39:00",2,188.61,218,1
"14698.0","2011-10-19 12:54:00","2011-12-08 12:26:00",5,1250.76,1,0
"14699.0","2010-07-02 12:04:00","2011-05-09 14:54:00",4,702.6,214,1
"14700.0","2010-08-11 12:19:00","2011-11-07 14:40:00",5,3116.26,32,1
"14701.0","2010-01-24 12:15:00","2011-11-29 12:38:00",15,4562.09,10,0
"14702.0","2009-12-10 20:22:00","2011-12-08 19:29:00",29,6742.42,1,0
"14703.0","2011-11-25 09:23:00","2011-11-25 09:23:00",1,318.17,14,0
"14704.0","2010-03-25 17:21:00","2011-11-20 12:20:00",9,1781.23,19,0
"14705.0","2011-05-25 12:39:00","2011-05-25 12:39:00",1,179.0,198,1
"14706.0","2010-03-31 11:09:00","2010-03-31 11:09:00",1,390.69,618,1
"14707.0","2010-05-12 11:07:00","2010-09-30 11:37:00",2,139.2,435,1
"14708.0","2010-09-10 10:26:00","2011-12-07 08:21:00",5,2212.28,2,0
"14709.0","2009-12-05 15:26:00","2011-11-24 15:41:00",25,8886.33,15,0
"14710.0","2009-12-03 17:12:00","2011-11-25 14:53:00",13,1922.59,14,0
"14711.0","2011-03-22 13:32:00","2011-11-29 14:58:00",11,2868.8,10,0
"14712.0","2010-10-17 14:49:00","2011-11-10 12:59:00",4,1328.07,29,0
"14713.0","2009-12-03 19:22:00","2011-11-30 16:26:00",21,5418.47,9,0
"14714.0","2010-01-21 11:51:00","2011-11-15 13:07:00",4,906.24,24,0
"14715.0","2010-01-19 12:18:00","2011-11-15 12:10:00",8,1824.55,24,0
"14716.0","2010-09-21 12:07:00","2011-10-27 17:29:00",3,565.45,43,1
"14717.0","2009-12-06 13:05:00","2009-12-06 13:05:00",1,81.3,733,1
"14718.0","2010-10-25 13:07:00","2010-10-25 13:07:00",1,226.42,410,1
"14719.0","2011-04-04 14:17:00","2011-12-08 12:43:00",5,1602.13,1,0
"14720.0","2011-08-05 12:06:00","2011-12-04 12:02:00",3,663.81,5,0
"14721.0","2010-11-25 13:08:00","2010-11-25 13:08:00",1,115.77,379,1
"14722.0","2010-08-10 13:28:00","2011-07-15 14:58:00",3,513.37,147,1
"14723.0","2009-12-04 11:22:00","2011-11-29 15:23:00",11,2089.66,10,0
"14724.0","2010-04-28 13:26:00","2010-04-28 13:26:00",1,345.25,590,1
"14725.0","2010-06-23 11:34:00","2011-11-15 12:42:00",4,1309.36,24,0
"14726.0","2010-02-23 12:35:00","2010-02-23 12:35:00",1,124.75,654,1
"14727.0","2010-06-11 13:23:00","2011-03-10 14:45:00",3,465.23,274,1
"14728.0","2010-10-22 15:57:00","2010-10-22 15:57:00",1,190.58,413,1
"14729.0","2010-03-24 13:30:00","2010-12-01 12:43:00",3,907.38,373,1
"14730.0","2011-03-08 12:49:00","2011-12-08 14:39:00",8,2005.06,1,0
"14731.0","2011-05-11 13:06:00","2011-10-23 15:54:00",3,380.02,47,1
"14732.0","2009-12-09 10:48:00","2011-12-01 14:34:00",19,5517.07,8,0
"14733.0","2010-11-02 15:42:00","2011-11-23 15:39:00",15,16184.97,16,0
"14734.0","2010-06-06 15:15:00","2010-10-10 12:04:00",4,1056.42,425,1
"14735.0","2009-12-04 11:32:00","2011-12-06 12:09:00",55,12225.16,3,0
"14736.0","2010-08-11 15:13:00","2010-08-11 15:21:00",2,401.08,485,1
"14737.0","2010-11-04 11:29:00","2011-12-06 10:16:00",4,3554.17,3,0
"14738.0","2009-12-07 10:21:00","2011-10-28 08:56:00",9,1821.9,42,1
"14739.0","2009-12-02 13:23:00","2011-12-05 16:54:00",25,12287.5,4,0
"14740.0","2010-02-25 11:40:00","2011-05-26 18:17:00",11,4161.06,197,1
"14741.0","2010-10-18 09:33:00","2011-11-28 08:48:00",7,1897.59,11,0
"14742.0","2010-09-30 14:07:00","2010-09-30 14:07:00",1,579.85,435,1
"14743.0","2010-04-26 10:26:00","2010-04-26 10:26:00",1,50.48,592,1
"14744.0","2010-05-18 14:06:00","2011-11-23 12:51:00",14,3885.08,16,0
"14745.0","2010-03-12 10:33:00","2011-08-19 10:05:00",12,2571.81,112,1
"14746.0","2010-10-12 11:06:00","2010-10-29 14:44:00",4,593.5,406,1
"14747.0","2011-04-04 14:09:00","2011-04-04 14:09:00",1,328.2,249,1
"14748.0","2010-03-04 17:08:00","2011-11-10 18:33:00",10,3152.32,29,0
"14749.0","2010-08-17 12:36:00","2010-08-17 12:36:00",1,310.15,479,1
"14750.0","2009-12-03 17:57:00","2009-12-03 17:57:00",1,112.03,736,1
"14751.0","2009-12-13 14:08:00","2010-01-24 13:37:00",2,126.45,684,1
"14752.0","2011-10-27 11:55:00","2011-10-27 11:55:00",1,389.64,43,1
"14753.0","2010-09-05 11:04:00","2011-09-13 14:50:00",2,869.51,87,1
"14754.0","2010-01-18 11:04:00","2011-10-26 12:01:00",6,1550.48,44,1
"14755.0","2009-12-03 16:51:00","2011-11-30 11:24:00",25,9972.55,9,0
"14756.0","2010-10-11 11:50:00","2011-11-24 18:13:00",3,2653.76,15,0
"14757.0","2011-09-25 14:36:00","2011-09-25 14:36:00",1,420.5,75,1
"14758.0","2010-04-08 08:27:00","2011-07-18 08:21:00",7,2864.97,144,1
"14759.0","2011-04-21 10:55:00","2011-12-05 12:03:00",3,1625.97,4,0
"14760.0","2011-02-15 16:27:00","2011-02-15 16:27:00",1,89.2,297,1
"14761.0","2010-09-21 14:22:00","2011-10-12 12:10:00",3,447.92,58,1
"14762.0","2010-03-23 15:36:00","2011-03-21 08:20:00",2,417.57,263,1
"14764.0","2011-10-24 11:54:00","2011-10-24 11:54:00",1,278.3,46,1
"14765.0","2011-06-16 19:49:00","2011-11-10 19:53:00",3,254.11,29,0
"14766.0","2010-06-06 11:11:00","2011-12-01 16:05:00",11,6556.13,8,0
"14767.0","2010-08-22 14:54:00","2010-08-22 14:54:00",1,382.81,474,1
"14768.0","2011-08-04 13:25:00","2011-11-22 12:54:00",2,192.6,17,0
"14769.0","2009-12-16 09:17:00","2011-12-07 10:24:00",17,15770.23,2,0
"14770.0","2010-02-25 18:58:00","2011-04-21 14:21:00",8,3637.64,232,1
"14771.0","2009-12-03 09:44:00","2010-03-28 12:52:00",2,594.62,621,1
"14772.0","2011-08-19 15:04:00","2011-08-19 15:04:00",1,139.26,112,1
"14773.0","2010-04-26 10:29:00","2010-04-26 10:29:00",1,140.55,592,1
"14774.0","2010-06-29 12:26:00","2010-06-29 12:26:00",1,241.45,528,1
"14775.0","2010-12-02 16:38:00","2011-10-12 15:27:00",3,1418.46,58,1
"14776.0","2010-09-19 14:12:00","2011-10-19 15:34:00",15,3708.3,51,1
"14777.0","2010-11-01 12:50:00","2010-11-01 12:50:00",1,307.56,403,1
"14778.0","2011-02-04 11:43:00","2011-08-04 15:23:00",2,730.86,127,1
"14779.0","2011-01-20 12:04:00","2011-03-04 12:42:00",3,386.15,280,1
"14780.0","2011-09-21 15:15:00","2011-10-16 12:46:00",2,447.68,54,1
"14782.0","2011-01-24 11:12:00","2011-01-24 11:12:00",1,200.1,319,1
"14783.0","2010-02-18 16:16:00","2010-02-18 16:16:00",1,307.3,659,1
"14784.0","2010-11-15 09:49:00","2011-11-13 13:30:00",3,449.93,26,0
"14785.0","2011-11-24 13:40:00","2011-11-29 13:21:00",2,77.4,10,0
"14786.0","2010-06-07 13:42:00","2010-06-07 13:42:00",1,90.96,550,1
"14787.0","2010-08-25 14:38:00","2010-08-25 14:38:00",1,110.65,471,1
"14788.0","2010-04-22 18:16:00","2011-12-02 17:06:00",3,1156.32,7,0
"14789.0","2011-11-11 08:59:00","2011-11-11 08:59:00",1,197.64,28,0
"14790.0","2009-12-11 14:37:00","2011-11-23 09:28:00",10,2526.62,16,0
"14791.0","2010-04-12 10:24:00","2010-04-12 10:24:00",1,303.63,606,1
"14792.0","2011-10-07 09:19:00","2011-10-07 09:19:00",1,6.2,63,1
"14793.0","2010-06-22 16:54:00","2011-11-18 14:50:00",2,625.9,21,0
"14794.0","2010-08-09 15:44:00","2011-12-07 10:11:00",10,1953.9,2,0
"14795.0","2011-06-26 13:04:00","2011-06-26 13:04:00",1,131.45,166,1
"14796.0","2009-12-14 15:06:00","2011-12-08 15:31:00",27,10888.08,1,0
"14797.0","2010-07-20 14:07:00","2010-07-20 14:07:00",1,300.31,507,1
"14798.0","2010-03-01 08:38:00","2011-10-18 10:58:00",8,724.31,52,1
"14799.0","2009-12-02 11:18:00","2011-10-19 16:16:00",2,338.15,51,1
"14800.0","2010-09-30 14:38:00","2011-10-23 12:46:00",17,7763.07,47,1
"14801.0","2011-10-09 15:24:00","2011-10-09 15:24:00",1,193.14,61,1
"14803.0","2011-02-20 13:21:00","2011-06-30 13:58:00",3,845.55,162,1
"14804.0","2011-12-01 11:20:00","2011-12-01 11:20:00",1,353.27,8,0
"14805.0","2010-03-28 12:34:00","2011-11-24 16:20:00",7,1104.64,15,0
"14806.0","2010-09-26 15:50:00","2011-09-25 15:32:00",2,303.43,75,1
"14807.0","2010-02-28 11:33:00","2010-11-14 12:47:00",2,519.29,390,1
"14808.0","2011-06-20 12:53:00","2011-10-31 12:21:00",8,2741.17,39,1
"14809.0","2010-03-28 15:42:00","2010-03-28 15:44:00",2,686.76,621,1
"14810.0","2010-10-06 13:12:00","2011-10-30 11:19:00",13,2537.02,40,1
"14811.0","2010-11-17 13:09:00","2010-11-17 13:09:00",1,170.5,387,1
"14812.0","2010-04-20 12:13:00","2010-04-20 12:13:00",1,185.8,598,1
"14813.0","2010-04-08 11:49:00","2010-12-05 11:57:00",4,1090.87,369,1
"14814.0","2010-05-07 14:10:00","2010-05-07 14:10:00",1,159.21,581,1
"14815.0","2011-10-03 11:36:00","2011-11-03 11:36:00",2,778.5,36,1
"14816.0","2011-05-26 13:16:00","2011-05-26 13:16:00",1,271.85,197,1
"14817.0","2010-03-22 12:10:00","2011-05-23 13:35:00",7,3959.86,200,1
"14818.0","2010-03-02 12:48:00","2011-09-27 11:01:00",6,1170.41,73,1
"14819.0","2009-12-21 15:54:00","2011-10-06 13:41:00",4,470.16,64,1
"14820.0","2010-01-31 12:49:00","2011-11-18 15:41:00",9,1274.76,21,0
"14821.0","2010-02-01 13:33:00","2010-12-08 08:43:00",7,1286.45,366,1
"14822.0","2010-08-11 12:52:00","2010-08-11 12:52:00",1,157.7,485,1
"14823.0","2011-05-29 12:48:00","2011-06-12 13:12:00",3,321.43,180,1
"14824.0","2010-03-12 13:07:00","2011-11-29 14:20:00",10,4022.91,10,0
"14825.0","2010-04-06 14:14:00","2011-12-06 11:38:00",24,4925.08,3,0
"14826.0","2010-01-13 13:08:00","2010-05-07 09:00:00",2,385.2,581,1
"14828.0","2009-12-07 11:19:00","2011-05-27 10:16:00",13,9839.46,196,1
"14829.0","2010-09-29 13:14:00","2011-11-10 16:16:00",7,1692.84,29,0
"14830.0","2011-10-17 14:29:00","2011-10-17 14:29:00",1,196.28,53,1
"14831.0","2009-12-02 09:21:00","2010-01-28 14:31:00",3,1676.57,680,1
"14833.0","2010-07-29 10:06:00","2010-07-29 10:06:00",1,94.8,498,1
"14834.0","2010-10-28 17:37:00","2011-11-22 10:30:00",7,2206.16,17,0
"14835.0","2010-04-01 19:34:00","2010-06-29 10:08:00",2,297.0,528,1
"14836.0","2011-11-09 13:26:00","2011-11-29 16:45:00",3,102.45,10,0
"14837.0","2010-01-24 10:20:00","2011-09-11 10:58:00",9,3460.32,89,1
"14838.0","2009-12-03 09:52:00","2010-10-12 15:46:00",2,773.67,423,1
"14839.0","2010-01-04 16:29:00","2010-10-17 13:01:00",3,915.28,418,1
"14840.0","2010-06-18 15:42:00","2011-03-17 12:00:00",2,362.71,267,1
"14841.0","2009-12-02 16:49:00","2011-10-17 15:03:00",14,7163.0,53,1
"14842.0","2011-02-04 15:32:00","2011-10-27 12:37:00",4,2824.69,43,1
"14843.0","2010-09-29 12:39:00","2010-09-29 12:39:00",1,211.8,436,1
"14844.0","2010-04-12 12:50:00","2011-10-07 10:41:00",10,6702.43,63,1
"14845.0","2010-04-19 10:19:00","2010-04-19 10:19:00",1,150.0,599,1
"14846.0","2010-10-08 17:07:00","2010-10-08 17:07:00",1,437.4,427,1
"14847.0","2010-05-24 12:29:00","2011-07-14 10:52:00",3,1348.95,148,1
"14848.0","2010-10-31 12:22:00","2010-10-31 12:22:00",1,310.56,404,1
"14849.0","2010-01-10 11:40:00","2011-11-18 10:58:00",43,15763.45,21,0
"14850.0","2010-05-20 13:28:00","2011-02-01 11:21:00",7,1794.01,311,1
"14851.0","2010-03-19 11:52:00","2011-11-16 14:20:00",3,829.41,23,0
"14852.0","2010-03-05 14:51:00","2011-10-12 13:20:00",18,6147.18,58,1
"14853.0","2010-04-13 09:26:00","2011-11-15 16:56:00",5,1376.87,24,0
"14854.0","2010-01-22 09:48:00","2011-09-22 17:00:00",11,4322.86,78,1
"14855.0","2010-04-08 10:30:00","2011-08-12 14:02:00",7,6520.3,119,1
"14856.0","2011-10-14 09:35:00","2011-11-03 14:53:00",3,1311.38,36,1
"14857.0","2010-03-15 11:00:00","2011-10-11 09:23:00",7,3651.85,59,1
"14858.0","2010-07-22 10:51:00","2010-07-22 10:51:00",1,180.75,505,1
"14859.0","2010-06-03 10:26:00","2011-11-27 11:18:00",5,1705.64,12,0
"14860.0","2011-11-20 14:17:00","2011-11-20 14:17:00",1,170.32,19,0
"14861.0","2009-12-08 12:12:00","2011-10-18 12:54:00",10,1380.73,52,1
"14862.0","2011-07-14 11:20:00","2011-11-14 10:01:00",2,841.2,25,0
"14863.0","2011-11-10 15:04:00","2011-11-10 15:04:00",1,266.76,29,0
"14865.0","2009-12-01 16:05:00","2011-12-02 16:25:00",4,129.72,7,0
"14866.0","2010-09-21 15:14:00","2011-11-29 11:45:00",17,20803.72,10,0
"14867.0","2009-12-05 15:47:00","2011-06-07 11:39:00",16,2952.06,185,1
"14868.0","2010-10-15 14:52:00","2011-12-06 14:49:00",12,4184.01,3,0
"14869.0","2009-12-16 11:43:00","2011-12-01 12:36:00",6,2804.24,8,0
"14870.0","2010-01-25 09:05:00","2011-03-23 10:51:00",6,1838.95,261,1
"14871.0","2009-12-01 11:57:00","2011-12-06 13:42:00",9,1258.97,3,0
"14872.0","2010-03-16 14:41:00","2010-08-13 12:34:00",3,816.6,483,1
"14873.0","2010-03-16 10:51:00","2011-05-13 13:52:00",2,854.13,210,1
"14874.0","2010-06-22 14:58:00","2010-06-22 14:58:00",1,116.18,535,1
"14875.0","2010-09-24 10:28:00","2011-08-24 12:20:00",3,2862.4,107,1
"14876.0","2010-05-27 13:49:00","2010-07-06 14:57:00",2,256.7,521,1
"14877.0","2010-03-07 12:25:00","2010-10-17 13:09:00",2,437.0,418,1
"14878.0","2010-02-21 11:14:00","2011-11-27 11:15:00",25,4105.24,12,0
"14879.0","2010-01-24 11:35:00","2010-01-24 11:35:00",1,185.06,684,1
"14880.0","2011-02-24 12:27:00","2011-09-23 13:42:00",3,706.19,77,1
"14881.0","2011-11-20 11:06:00","2011-11-20 11:06:00",1,255.4,19,0
"14882.0","2010-03-30 15:02:00","2011-11-13 12:47:00",14,3628.15,26,0
"14883.0","2011-05-12 09:49:00","2011-11-21 10:23:00",6,761.59,18,0
"14884.0","2010-02-08 12:56:00","2010-02-08 12:56:00",1,120.6,669,1
"14885.0","2010-08-31 10:11:00","2011-07-31 12:05:00",3,1598.12,131,1
"14886.0","2011-04-01 08:56:00","2011-04-01 08:56:00",1,364.8,252,1
"14887.0","2011-09-21 15:32:00","2011-09-21 15:32:00",1,1862.0,79,1
"14888.0","2011-05-16 14:58:00","2011-05-16 14:58:00",1,369.2,207,1
"14889.0","2011-01-07 15:19:00","2011-01-07 15:19:00",1,135.9,336,1
"14890.0","2010-02-18 09:00:00","2011-03-31 11:57:00",3,817.25,253,1
"14891.0","2010-09-29 12:41:00","2011-07-14 18:08:00",4,1106.73,148,1
"14892.0","2010-01-18 08:58:00","2010-01-18 08:58:00",1,202.35,690,1
"14893.0","2010-04-01 09:03:00","2011-11-30 12:31:00",3,1809.61,9,0
"14894.0","2009-12-02 10:42:00","2011-09-15 13:51:00",3,1492.81,85,1
"14895.0","2009-12-10 14:22:00","2011-12-02 09:23:00",38,25119.54,7,0
"14896.0","2009-12-06 12:42:00","2011-05-19 10:20:00",8,2092.42,204,1
"14897.0","2009-12-15 17:05:00","2011-12-02 10:32:00",8,3140.54,7,0
"14898.0","2009-12-03 16:40:00","2011-11-16 14:54:00",14,3507.81,23,0
"14899.0","2010-11-09 15:20:00","2010-11-09 15:20:00",1,1384.88,395,1
"14900.0","2010-07-05 15:09:00","2010-07-05 15:09:00",1,13.92,522,1
"14901.0","2010-07-29 11:11:00","2011-11-28 17:09:00",12,2289.65,11,0
"14902.0","2010-06-04 12:35:00","2011-11-14 10:34:00",3,1035.62,25,0
"14903.0","2011-03-06 11:50:00","2011-11-18 16:07:00",5,2810.63,21,0
"14904.0","2010-10-08 12:48:00","2011-12-07 12:55:00",4,1640.64,2,0
"14905.0","2009-12-03 14:36:00","2011-07-05 12:41:00",8,1971.39,157,1
"14907.0","2010-04-16 13:40:00","2011-12-06 14:14:00",16,6165.79,3,0
"14908.0","2010-09-02 16:39:00","2011-09-26 12:56:00",2,381.9,74,1
"14909.0","2010-02-14 15:47:00","2010-09-28 16:56:00",3,1404.68,437,1
"14910.0","2011-10-16 11:06:00","2011-12-07 10:06:00",4,434.35,2,0
"14911.0","2009-12-01 11:41:00","2011-12-08 15:54:00",375,284029.61,1,0
"14912.0","2010-04-28 09:41:00","2011-11-23 09:20:00",5,1849.58,16,0
"14913.0","2010-08-11 08:40:00","2011-11-04 08:29:00",8,4073.13,35,1
"14915.0","2009-12-03 10:17:00","2011-09-09 13:34:00",11,1811.25,91,1
"14916.0","2010-04-01 10:57:00","2011-09-30 09:20:00",8,3042.95,70,1
"14917.0","2010-04-22 09:44:00","2010-04-22 11:28:00",2,1123.75,596,1
"14918.0","2010-04-08 11:18:00","2011-08-16 11:50:00",9,5955.81,115,1
"14919.0","2010-06-18 13:06:00","2010-06-18 13:06:00",1,359.35,539,1
"14920.0","2010-05-23 15:25:00","2011-05-11 10:32:00",3,1607.17,212,1
"14921.0","2011-05-22 12:51:00","2011-11-09 13:17:00",2,1316.07,30,0
"14922.0","2010-07-20 09:45:00","2010-11-11 11:14:00",2,843.74,393,1
"14923.0","2011-10-20 11:51:00","2011-10-20 11:51:00",1,749.1,50,1
"14924.0","2010-03-10 12:51:00","2011-04-08 09:25:00",3,931.01,245,1
"14926.0","2010-04-20 09:59:00","2010-11-23 07:13:00",2,359.4,381,1
"14927.0","2010-11-08 12:30:00","2010-11-08 12:30:00",1,308.2,396,1
"14928.0","2010-03-22 09:14:00","2010-03-22 09:14:00",1,223.91,627,1
"14929.0","2010-10-14 12:22:00","2011-11-07 17:21:00",2,836.69,32,1
"14930.0","2010-04-12 11:22:00","2011-08-23 10:31:00",6,5246.63,108,1
"14931.0","2011-04-13 09:32:00","2011-12-05 10:19:00",4,964.68,4,0
"14932.0","2010-11-19 09:16:00","2010-12-09 11:48:00",2,1029.66,365,1
"14933.0","2010-09-21 17:29:00","2010-09-22 10:47:00",4,1770.0,443,1
"14934.0","2010-09-24 12:08:00","2011-09-19 10:10:00",5,3503.5,81,1
"14935.0","2010-03-30 11:48:00","2011-02-15 14:44:00",2,2849.83,297,1
"14936.0","2010-05-05 12:26:00","2011-11-06 10:30:00",12,12410.81,33,1
"14937.0","2011-08-01 14:16:00","2011-10-14 12:29:00",3,1621.88,56,1
"14938.0","2010-05-26 13:35:00","2010-05-26 13:38:00",2,2322.43,562,1
"14940.0","2009-12-06 15:46:00","2010-10-18 10:47:00",2,531.49,417,1
"14941.0","2010-05-10 11:30:00","2010-05-10 11:30:00",1,182.1,578,1
"14942.0","2009-12-10 10:32:00","2010-11-03 10:51:00",4,746.56,401,1
"14943.0","2010-02-14 16:04:00","2010-02-14 16:04:00",1,107.62,663,1
"14944.0","2010-02-17 08:47:00","2011-11-10 09:10:00",19,9784.67,29,0
"14945.0","2010-10-22 11:26:00","2010-10-22 11:26:00",1,179.4,413,1
"14946.0","2011-11-25 13:33:00","2011-11-25 13:33:00",1,100.9,14,0
"14947.0","2010-03-25 11:29:00","2011-09-28 15:48:00",6,1049.79,72,1
"14948.0","2011-05-04 14:52:00","2011-11-16 17:16:00",6,1101.97,23,0
"14949.0","2009-12-18 15:28:00","2010-08-27 15:38:00",4,515.0,469,1
"14950.0","2011-11-20 13:48:00","2011-11-20 13:48:00",1,371.2,19,0
"14951.0","2011-09-21 15:15:00","2011-09-21 15:15:00",1,311.69,79,1
"14952.0","2009-12-03 15:34:00","2011-10-11 10:33:00",32,17629.35,59,1
"14953.0","2010-09-30 12:16:00","2011-11-14 14:59:00",4,1011.27,25,0
"14954.0","2010-01-05 16:38:00","2011-11-27 14:30:00",2,503.44,12,0
"14955.0","2009-12-07 11:35:00","2009-12-07 11:35:00",1,163.77,732,1
"14956.0","2010-10-14 16:40:00","2010-10-14 16:40:00",1,1325.0,421,1
"14957.0","2010-03-05 10:50:00","2011-03-31 17:59:00",2,333.29,253,1
"14958.0","2009-12-03 16:02:00","2011-07-15 14:20:00",6,957.94,147,1
"14959.0","2011-02-16 13:00:00","2011-10-06 18:23:00",4,695.42,64,1
"14960.0","2011-06-21 13:38:00","2011-12-01 12:54:00",2,221.27,8,0
"14961.0","2009-12-04 11:32:00","2011-11-29 09:42:00",22,16410.15,10,0
"14962.0","2010-05-04 14:57:00","2011-03-14 09:42:00",4,366.91,270,1
"14963.0","2010-07-02 12:43:00","2011-11-30 12:16:00",12,3164.48,9,0
"14964.0","2011-04-06 14:13:00","2011-04-06 14:13:00",1,206.21,247,1
"14965.0","2011-09-04 13:15:00","2011-09-04 13:20:00",2,599.0,96,1
"14966.0","2009-12-15 13:48:00","2011-11-25 12:20:00",6,1115.84,14,0
"14967.0","2009-12-03 14:07:00","2011-10-21 11:06:00",6,1982.61,49,1
"14968.0","2010-09-07 13:28:00","2011-11-09 13:58:00",2,501.24,30,0
"14969.0","2010-01-05 12:43:00","2010-01-05 12:43:00",1,906.23,703,1
"14970.0","2010-02-14 13:37:00","2011-10-02 13:44:00",12,4919.35,68,1
"14971.0","2011-10-27 13:33:00","2011-11-04 17:07:00",3,1116.57,35,1
"14972.0","2010-11-23 16:17:00","2011-08-03 14:54:00",2,145.07,128,1
"14973.0","2011-04-28 12:22:00","2011-08-24 15:51:00",3,1314.45,107,1
"14974.0","2011-11-02 13:01:00","2011-11-02 13:01:00",1,114.39,37,1
"14975.0","2010-10-14 14:11:00","2011-10-13 14:08:00",2,472.39,57,1
"14976.0","2011-01-17 11:09:00","2011-10-13 16:33:00",6,774.86,57,1
"14977.0","2009-12-14 10:37:00","2009-12-14 10:37:00",1,31.93,725,1
"14978.0","2010-04-28 10:50:00","2011-09-28 13:07:00",10,3142.14,72,1
"14979.0","2009-12-04 12:54:00","2009-12-04 12:54:00",1,439.46,735,1
"14980.0","2009-12-02 14:09:00","2009-12-02 14:09:00",1,150.68,737,1
"14981.0","2010-10-12 11:04:00","2011-04-07 13:45:00",2,372.92,246,1
"14982.0","2010-05-16 15:52:00","2010-05-16 15:52:00",1,234.88,572,1
"14983.0","2010-01-19 17:32:00","2010-01-19 17:32:00",1,183.2,689,1
"14984.0","2010-01-11 13:22:00","2011-11-20 14:28:00",6,1271.41,19,0
"14985.0","2010-12-16 19:51:00","2011-05-25 14:29:00",2,296.75,198,1
"14986.0","2010-01-24 15:54:00","2010-11-28 15:25:00",2,566.9,376,1
"14987.0","2009-12-02 14:56:00","2011-11-24 09:59:00",8,1713.85,15,0
"14988.0","2010-04-16 13:34:00","2011-05-12 12:05:00",7,2066.6,211,1
"14989.0","2010-02-16 10:40:00","2010-02-16 10:40:00",1,342.4,661,1
"14990.0","2009-12-09 13:31:00","2010-04-06 13:54:00",2,305.42,612,1
"14991.0","2010-10-05 13:01:00","2010-10-05 13:01:00",1,314.67,430,1
"14992.0","2010-09-23 17:48:00","2010-09-23 17:48:00",1,210.5,442,1
"14993.0","2010-05-25 12:47:00","2010-05-25 12:47:00",1,36.13,563,1
"14994.0","2010-03-26 14:16:00","2010-11-22 12:59:00",5,956.68,382,1
"14995.0","2011-03-04 13:14:00","2011-11-01 11:39:00",2,233.23,38,1
"14996.0","2010-08-15 13:41:00","2010-08-15 13:44:00",2,442.29,481,1
"14997.0","2010-02-22 12:11:00","2011-10-24 13:28:00",4,776.6,46,1
"14998.0","2010-04-13 16:07:00","2011-06-22 17:30:00",4,770.73,170,1
"14999.0","2010-04-26 10:47:00","2010-04-26 10:47:00",1,129.48,592,1
"15000.0","2011-10-23 11:42:00","2011-10-23 11:42:00",1,490.52,47,1
"15001.0","2010-11-10 13:31:00","2010-11-10 13:51:00",2,228.86,394,1
"15002.0","2010-01-12 11:40:00","2011-08-16 10:44:00",9,4817.28,115,1
"15003.0","2010-01-26 13:04:00","2010-08-23 15:44:00",6,1060.7,473,1
"15004.0","2011-07-15 14:05:00","2011-07-15 14:05:00",1,1245.93,147,1
"15005.0","2009-12-01 14:19:00","2011-11-24 12:25:00",56,14104.2,15,0
"15006.0","2010-09-12 13:03:00","2011-10-19 15:08:00",2,820.19,51,1
"15007.0","2011-07-03 16:00:00","2011-07-03 16:00:00",1,156.91,159,1
"15008.0","2010-03-12 11:13:00","2010-08-16 13:09:00",2,360.0,480,1
"15009.0","2011-11-14 17:40:00","2011-11-27 13:35:00",3,1261.78,12,0
"15010.0","2011-11-04 12:42:00","2011-11-04 12:42:00",1,308.94,35,1
"15011.0","2010-10-19 12:05:00","2010-11-09 11:10:00",2,416.6,395,1
"15012.0","2010-05-12 11:49:00","2011-10-17 12:22:00",3,860.62,53,1
"15013.0","2010-01-31 12:15:00","2010-08-09 12:05:00",10,1641.3,487,1
"15014.0","2011-06-16 19:40:00","2011-10-27 20:07:00",2,260.17,43,1
"15015.0","2009-12-14 14:46:00","2010-07-26 13:50:00",13,2354.52,501,1
"15016.0","2010-06-14 13:06:00","2011-06-20 12:06:00",5,630.3,172,1
"15017.0","2011-11-06 10:33:00","2011-11-06 10:33:00",1,125.58,33,1
"15018.0","2010-12-07 10:47:00","2011-11-01 12:47:00",3,607.46,38,1
"15019.0","2011-03-18 12:35:00","2011-03-18 12:35:00",1,266.0,266,1
"15020.0","2010-11-25 13:29:00","2010-11-25 13:29:00",1,203.42,379,1
"15021.0","2010-07-29 16:35:00","2011-12-01 11:53:00",12,2783.83,8,0
"15022.0","2010-01-31 16:02:00","2011-11-28 12:35:00",5,1186.09,11,0
"15023.0","2010-02-03 15:45:00","2011-12-06 17:23:00",20,12147.53,3,0
"15024.0","2010-10-11 16:14:00","2011-11-30 12:06:00",16,4075.51,9,0
"15025.0","2010-05-20 13:28:00","2011-11-06 15:20:00",2,1005.14,33,1
"15026.0","2010-09-17 13:52:00","2011-09-20 13:52:00",5,1056.81,80,1
"15027.0","2010-03-25 14:39:00","2011-11-09 10:16:00",10,3195.6,30,0
"15028.0","2010-11-10 14:32:00","2011-12-01 14:06:00",6,1157.71,8,0
"15029.0","2010-03-30 12:16:00","2010-03-30 12:16:00",1,365.1,619,1
"15030.0","2010-03-04 17:10:00","2011-09-29 10:50:00",8,1979.91,71,1
"15031.0","2009-12-08 13:38:00","2011-12-05 14:19:00",14,3156.58,4,0
"15032.0","2009-12-10 15:27:00","2011-03-28 15:03:00",8,13780.65,256,1
"15033.0","2011-01-14 13:28:00","2011-12-05 12:40:00",10,2583.37,4,0
"15034.0","2010-05-11 13:30:00","2011-11-24 12:11:00",14,8313.4,15,0
"15035.0","2011-09-11 11:08:00","2011-09-11 11:08:00",1,252.73,89,1
"15036.0","2011-06-13 12:19:00","2011-09-28 15:42:00",3,465.55,72,1
"15037.0","2010-11-28 12:14:00","2010-11-28 13:05:00",2,402.51,376,1
"15038.0","2010-10-10 14:35:00","2011-10-12 11:33:00",9,1309.86,58,1
"15039.0","2009-12-10 11:39:00","2011-11-30 11:31:00",93,40031.43,9,0
"15040.0","2010-06-16 11:40:00","2010-06-16 11:40:00",1,7.49,541,1
"15041.0","2010-09-21 13:16:00","2011-06-22 16:16:00",2,293.6,170,1
"15042.0","2010-04-23 14:01:00","2011-05-24 16:25:00",2,315.45,199,1
"15043.0","2010-06-24 15:50:00","2011-11-08 14:26:00",6,2858.8,31,1
"15044.0","2009-12-16 15:13:00","2011-11-20 13:20:00",32,15949.19,19,0
"15045.0","2011-03-27 11:44:00","2011-07-11 11:33:00",2,735.66,151,1
"15046.0","2010-01-14 14:29:00","2011-11-30 15:50:00",25,7793.44,9,0
"15047.0","2011-03-15 10:49:00","2011-03-15 10:49:00",1,343.62,269,1
"15048.0","2010-12-06 12:15:00","2011-10-05 14:55:00",4,482.75,65,1
"15049.0","2011-03-11 12:13:00","2011-03-11 12:13:00",1,121.17,273,1
"15050.0","2010-08-16 12:00:00","2011-11-14 16:17:00",5,4193.79,25,0
"15051.0","2009-12-01 13:29:00","2011-11-16 15:38:00",9,3935.16,23,0
"15052.0","2011-01-24 15:52:00","2011-01-24 15:52:00",1,215.78,319,1
"15053.0","2011-03-03 12:06:00","2011-12-05 12:08:00",3,697.79,4,0
"15054.0","2011-10-30 14:33:00","2011-11-27 15:02:00",2,302.1,12,0
"15055.0","2009-12-16 15:48:00","2010-08-22 11:06:00",3,560.07,474,1
"15056.0","2010-07-07 15:58:00","2010-07-07 15:58:00",1,133.45,520,1
"15057.0","2009-12-05 15:27:00","2011-03-09 15:17:00",5,3255.96,275,1
"15058.0","2010-02-24 14:07:00","2011-11-14 14:57:00",16,3410.03,25,0
"15059.0","2009-12-06 12:17:00","2011-10-30 11:35:00",19,3522.77,40,1
"15060.0","2011-11-30 14:03:00","2011-12-01 13:47:00",4,301.84,8,0
"15061.0","2009-12-01 12:18:00","2011-12-06 12:06:00",127,137817.07,3,0
"15062.0","2010-04-08 15:41:00","2011-09-29 16:51:00",8,2585.62,71,1
"15063.0","2011-05-10 13:25:00","2011-05-10 13:25:00",1,370.8,213,1
"15064.0","2009-12-22 16:17:00","2010-10-25 14:32:00",4,1254.41,410,1
"15065.0","2010-10-25 09:13:00","2011-11-02 09:45:00",5,3326.86,37,1
"15066.0","2011-10-17 13:25:00","2011-10-17 13:25:00",1,893.59,53,1
"15067.0","2010-04-11 15:54:00","2011-09-22 13:20:00",5,3877.88,78,1
"15068.0","2010-03-28 13:18:00","2011-10-24 14:47:00",4,1176.85,46,1
"15069.0","2011-06-13 14:16:00","2011-06-13 14:16:00",1,1109.53,179,1
"15070.0","2009-12-15 13:49:00","2010-12-02 11:23:00",3,843.25,372,1
"15071.0","2010-05-18 12:45:00","2011-09-07 11:43:00",4,1455.56,93,1
"15072.0","2010-08-17 15:46:00","2010-08-17 15:46:00",1,187.52,479,1
"15073.0","2010-01-27 08:48:00","2011-11-30 10:44:00",8,2788.02,9,0
"15074.0","2010-08-29 11:47:00","2011-08-26 14:45:00",3,1566.33,105,1
"15075.0","2011-09-23 12:27:00","2011-09-23 12:27:00",1,773.03,77,1
"15076.0","2010-07-05 14:11:00","2011-06-20 08:23:00",3,1447.74,172,1
"15077.0","2009-12-09 17:10:00","2010-08-02 11:13:00",2,2428.08,494,1
"15078.0","2009-12-04 12:03:00","2011-12-02 15:41:00",52,17751.88,7,0
"15079.0","2009-12-08 11:22:00","2011-05-11 12:45:00",11,3767.35,212,1
"15080.0","2010-07-26 10:03:00","2010-10-08 11:52:00",2,546.25,427,1
"15081.0","2010-06-22 10:25:00","2011-11-17 17:08:00",12,1965.72,22,0
"15082.0","2010-02-09 10:23:00","2010-02-09 10:23:00",1,93.35,668,1
"15083.0","2011-03-28 12:18:00","2011-03-28 12:18:00",1,88.2,256,1
"15084.0","2010-03-04 10:45:00","2010-11-25 11:58:00",2,965.2,379,1
"15085.0","2009-12-10 11:47:00","2009-12-10 11:47:00",1,347.54,729,1
"15086.0","2010-03-24 13:56:00","2010-05-24 12:27:00",2,218.53,564,1
"15087.0","2011-03-03 10:34:00","2011-03-03 10:34:00",1,306.94,281,1
"15088.0","2011-10-03 14:05:00","2011-11-18 13:14:00",2,1160.07,21,0
"15089.0","2011-08-03 14:14:00","2011-11-29 16:31:00",6,2420.84,10,0
"15090.0","2011-02-04 14:03:00","2011-02-04 14:03:00",1,381.32,308,1
"15091.0","2010-02-03 11:46:00","2011-10-03 12:47:00",3,1046.61,67,1
"15092.0","2010-09-03 12:33:00","2011-05-08 14:10:00",3,776.46,215,1
"15093.0","2009-12-08 12:46:00","2011-11-21 13:09:00",23,14326.11,18,0
"15094.0","2010-03-05 12:56:00","2010-09-02 16:55:00",2,83.0,463,1
"15095.0","2010-01-21 09:37:00","2011-08-28 12:01:00",10,3141.64,103,1
"15096.0","2011-10-28 10:27:00","2011-10-28 10:27:00",1,219.39,42,1
"15097.0","2010-05-05 14:22:00","2011-12-05 14:03:00",3,908.35,4,0
"15098.0","2011-06-10 15:22:00","2011-06-10 15:33:00",3,39916.5,182,1
"15099.0","2011-09-16 13:13:00","2011-09-16 13:13:00",1,410.48,84,1
"15100.0","2010-01-07 14:33:00","2011-01-10 10:35:00",7,2894.7,333,1
"15101.0","2010-04-28 15:00:00","2011-12-01 10:18:00",6,1477.94,8,0
"15102.0","2010-06-11 10:16:00","2010-06-27 12:16:00",2,554.67,530,1
"15103.0","2011-09-14 13:54:00","2011-11-08 14:53:00",2,703.36,31,1
"15104.0","2011-03-02 14:16:00","2011-05-27 12:29:00",2,1027.44,196,1
"15105.0","2010-03-23 12:18:00","2011-11-21 16:54:00",9,3094.91,18,0
"15106.0","2011-03-15 12:52:00","2011-11-22 09:16:00",5,1422.52,17,0
"15107.0","2010-09-14 10:47:00","2011-02-01 14:46:00",9,940.35,311,1
"15108.0","2011-04-26 10:54:00","2011-07-21 10:24:00",3,1159.25,141,1
"15109.0","2009-12-04 12:33:00","2011-04-08 09:58:00",3,983.1,245,1
"15110.0","2010-08-11 15:49:00","2011-11-16 11:16:00",6,1505.85,23,0
"15111.0","2010-04-26 13:12:00","2011-11-10 16:58:00",5,2730.87,29,0
"15112.0","2010-04-07 14:17:00","2010-04-07 14:17:00",1,209.4,611,1
"15113.0","2011-10-16 15:27:00","2011-11-30 08:23:00",3,3608.94,9,0
"15114.0","2010-10-14 16:44:00","2011-11-09 15:05:00",12,3400.12,30,0
"15115.0","2009-12-07 11:20:00","2011-11-21 14:59:00",2,531.85,18,0
"15116.0","2011-05-19 08:50:00","2011-11-22 12:25:00",4,1352.75,17,0
"15117.0","2010-03-15 13:39:00","2011-11-25 08:12:00",8,2485.97,14,0
"15118.0","2011-07-28 14:54:00","2011-07-28 14:54:00",1,244.8,134,1
"15119.0","2011-04-08 09:08:00","2011-04-08 09:08:00",1,266.4,245,1
"15120.0","2011-07-29 09:48:00","2011-07-29 09:48:00",1,358.82,133,1
"15121.0","2011-02-24 12:41:00","2011-10-20 14:51:00",2,457.72,50,1
"15122.0","2010-03-30 14:05:00","2011-08-17 16:48:00",11,4497.47,114,1
"15123.0","2010-03-16 09:49:00","2011-12-02 13:12:00",5,4656.17,7,0
"15124.0","2010-02-26 10:49:00","2011-11-17 10:09:00",4,450.82,22,0
"15125.0","2010-03-31 13:29:00","2011-11-14 13:57:00",24,17024.87,25,0
"15126.0","2010-01-21 17:09:00","2010-06-21 12:31:00",2,449.49,536,1
"15127.0","2010-07-08 10:07:00","2011-10-05 10:30:00",2,711.5,65,1
"15128.0","2010-10-05 16:46:00","2011-10-10 13:54:00",5,1783.68,60,1
"15129.0","2010-04-08 17:15:00","2011-10-20 14:40:00",23,6860.18,50,1
"15130.0","2011-06-23 10:15:00","2011-06-23 10:15:00",1,330.11,169,1
"15131.0","2010-11-10 12:07:00","2010-11-10 12:07:00",1,80.28,394,1
"15132.0","2011-03-22 12:02:00","2011-11-21 17:10:00",5,977.93,18,0
"15133.0","2010-07-07 12:31:00","2011-08-04 10:44:00",5,1806.9,127,1
"15134.0","2010-10-13 12:44:00","2011-11-25 08:55:00",10,1596.29,14,0
"15135.0","2010-06-01 13:33:00","2011-04-14 19:16:00",2,305.68,239,1
"15136.0","2011-09-04 16:05:00","2011-12-07 12:26:00",4,1286.7,2,0
"15137.0","2010-01-28 15:45:00","2010-07-07 09:41:00",2,823.4,520,1
"15138.0","2010-11-11 09:16:00","2010-11-11 09:16:00",1,502.52,393,1
"15139.0","2011-01-07 12:44:00","2011-04-14 11:39:00",2,178.96,239,1
"15140.0","2010-09-23 13:07:00","2011-10-18 14:07:00",8,3243.69,52,1
"15141.0","2010-03-28 15:58:00","2010-09-08 11:33:00",7,1388.47,457,1
"15142.0","2010-07-27 09:05:00","2011-10-24 12:51:00",6,2619.92,46,1
"15143.0","2010-10-03 13:58:00","2011-04-28 12:03:00",2,563.63,225,1
"15144.0","2009-12-13 11:35:00","2011-12-01 15:12:00",29,12160.31,8,0
"15145.0","2011-04-05 15:20:00","2011-12-05 17:21:00",4,1194.73,4,0
"15146.0","2011-02-21 13:07:00","2011-06-28 12:09:00",2,1327.16,164,1
"15147.0","2011-04-13 15:57:00","2011-04-13 15:57:00",1,623.5,240,1
"15148.0","2011-11-29 08:21:00","2011-11-29 08:21:00",1,301.29,10,0
"15149.0","2010-02-28 11:13:00","2011-07-29 10:58:00",4,1524.61,133,1
"15150.0","2010-06-14 12:01:00","2011-11-22 12:52:00",13,9001.08,17,0
"15151.0","2010-07-18 12:19:00","2010-10-12 16:37:00",2,2085.61,423,1
"15152.0","2010-01-07 15:15:00","2011-11-30 12:32:00",14,5263.83,9,0
"15153.0","2011-11-08 17:09:00","2011-11-08 17:09:00",1,329.25,31,1
"15154.0","2010-08-18 17:41:00","2011-09-25 16:05:00",3,1388.41,75,1
"15155.0","2010-11-21 12:59:00","2010-11-21 12:59:00",1,383.97,383,1
"15156.0","2011-11-06 12:41:00","2011-12-08 18:22:00",3,961.49,1,0
"15157.0","2009-12-10 14:44:00","2011-12-06 11:28:00",5,2654.11,3,0
"15158.0","2010-11-03 13:46:00","2011-10-25 13:53:00",2,606.02,45,1
"15159.0","2010-10-04 09:31:00","2011-12-08 12:05:00",34,22116.73,1,0
"15160.0","2010-10-14 15:26:00","2010-12-17 14:15:00",4,589.27,357,1
"15161.0","2010-11-16 16:08:00","2010-11-16 16:08:00",1,119.92,388,1
"15162.0","2009-12-08 13:14:00","2009-12-08 13:14:00",1,312.9,731,1
"15163.0","2011-05-31 15:22:00","2011-11-21 13:10:00",2,304.47,18,0
"15164.0","2010-01-18 13:34:00","2011-10-02 12:05:00",9,2068.92,68,1
"15165.0","2010-12-01 14:03:00","2010-12-01 14:03:00",1,975.5,373,1
"15166.0","2010-08-29 12:31:00","2010-08-29 12:31:00",1,167.16,467,1
"15167.0","2010-02-04 14:13:00","2011-01-23 12:41:00",5,1659.67,320,1
"15168.0","2011-11-14 11:26:00","2011-11-14 11:26:00",1,106.56,25,0
"15169.0","2009-12-13 11:16:00","2010-11-22 13:04:00",2,569.22,382,1
"15170.0","2010-10-29 10:34:00","2010-10-29 10:34:00",1,81.15,406,1
"15171.0","2011-01-12 15:36:00","2011-01-12 15:36:00",1,1289.5,331,1
"15172.0","2011-04-17 11:56:00","2011-12-01 11:51:00",5,1624.05,8,0
"15173.0","2010-04-01 12:26:00","2010-11-24 10:21:00",7,1494.6,380,1
"15174.0","2010-10-25 09:40:00","2011-01-21 09:06:00",2,481.46,322,1
"15175.0","2011-09-29 11:31:00","2011-09-29 11:31:00",1,224.14,71,1
"15176.0","2010-02-10 10:36:00","2010-02-10 10:36:00",1,988.04,667,1
"15177.0","2010-10-10 12:48:00","2010-10-10 12:48:00",1,948.93,425,1
"15178.0","2011-03-24 15:12:00","2011-03-24 15:12:00",1,40.5,260,1
"15179.0","2009-12-03 12:27:00","2011-11-21 12:53:00",13,7491.92,18,0
"15180.0","2010-04-29 15:27:00","2010-12-07 14:57:00",3,904.43,367,1
"15181.0","2009-12-08 19:02:00","2011-10-04 13:58:00",5,1200.2,66,1
"15182.0","2010-02-21 12:03:00","2011-07-08 13:37:00",11,2998.95,154,1
"15183.0","2010-05-04 11:31:00","2010-06-10 10:43:00",3,639.93,547,1
"15184.0","2009-12-16 12:06:00","2011-11-10 13:41:00",4,689.95,29,0
"15185.0","2011-09-30 14:06:00","2011-09-30 14:06:00",1,310.62,70,1
"15186.0","2010-01-12 10:14:00","2011-11-25 14:58:00",5,1403.2,14,0
"15187.0","2011-05-11 13:49:00","2011-12-08 11:56:00",15,4762.18,1,0
"15188.0","2009-12-14 13:30:00","2009-12-14 13:30:00",1,310.43,725,1
"15189.0","2010-07-18 13:37:00","2011-12-08 13:22:00",46,17524.38,1,0
"15190.0","2010-10-01 13:09:00","2010-10-01 13:09:00",1,834.44,434,1
"15191.0","2010-01-20 12:35:00","2010-09-02 15:37:00",3,588.05,463,1
"15192.0","2010-01-29 10:13:00","2011-08-12 11:41:00",5,1981.39,119,1
"15193.0","2011-10-10 08:23:00","2011-10-10 08:23:00",1,499.32,60,1
"15194.0","2009-12-03 10:37:00","2011-12-06 15:10:00",28,12427.69,3,0
"15195.0","2011-12-07 12:20:00","2011-12-07 12:20:00",1,3861.0,2,0
"15196.0","2009-12-13 11:14:00","2010-10-03 10:50:00",2,316.25,432,1
"15197.0","2009-12-11 12:56:00","2011-11-29 10:00:00",6,1877.51,10,0
"15198.0","2010-01-19 10:01:00","2011-09-08 14:42:00",5,571.35,92,1
"15199.0","2010-05-13 10:14:00","2011-10-11 15:12:00",10,3122.4,59,1
"15200.0","2010-08-02 09:38:00","2010-08-02 09:38:00",1,549.05,494,1
"15201.0","2010-04-07 14:50:00","2011-09-13 14:53:00",7,1842.95,87,1
"15203.0","2009-12-08 18:06:00","2011-11-14 08:16:00",15,4400.18,25,0
"15204.0","2010-12-17 13:49:00","2010-12-17 13:49:00",1,316.58,357,1
"15205.0","2011-08-04 16:07:00","2011-09-15 19:36:00",2,653.24,85,1
"15206.0","2011-03-09 08:59:00","2011-11-29 13:41:00",4,420.3,10,0
"15207.0","2010-06-10 17:29:00","2010-10-19 13:29:00",3,683.92,416,1
"15208.0","2010-10-12 12:17:00","2011-12-08 17:24:00",6,970.52,1,0
"15209.0","2009-12-09 17:26:00","2009-12-09 17:26:00",1,178.98,730,1
"15210.0","2010-05-13 14:42:00","2011-04-28 16:11:00",3,1176.19,225,1
"15211.0","2010-12-09 16:08:00","2011-10-10 13:31:00",2,1277.48,60,1
"15212.0","2010-11-28 10:45:00","2011-04-12 13:45:00",2,208.28,241,1
"15213.0","2011-01-14 11:05:00","2011-01-25 12:21:00",2,328.35,318,1
"15214.0","2011-04-11 09:46:00","2011-12-08 12:07:00",8,1661.44,1,0
"15215.0","2010-04-06 11:21:00","2011-10-24 11:41:00",7,2422.43,46,1
"15216.0","2010-03-31 09:52:00","2011-09-13 11:41:00",2,486.09,87,1
"15217.0","2010-05-25 13:51:00","2010-05-25 13:51:00",1,426.24,563,1
"15218.0","2010-01-26 11:33:00","2011-11-29 11:48:00",22,11501.57,10,0
"15219.0","2010-03-01 11:33:00","2011-06-16 16:57:00",2,685.45,176,1
"15220.0","2011-03-04 10:24:00","2011-10-19 12:39:00",6,1778.96,51,1
"15221.0","2010-03-12 10:40:00","2010-12-08 13:08:00",4,2465.45,366,1
"15222.0","2009-12-16 13:49:00","2011-01-25 08:03:00",11,3550.91,318,1
"15223.0","2009-12-05 11:19:00","2011-04-28 11:31:00",5,1417.95,225,1
"15224.0","2010-01-15 16:14:00","2010-12-16 15:02:00",5,871.36,358,1
"15225.0","2011-04-19 14:51:00","2011-04-19 14:51:00",1,409.4,234,1
"15226.0","2011-02-02 11:41:00","2011-02-02 11:41:00",1,154.41,310,1
"15227.0","2010-03-16 08:23:00","2011-11-03 11:59:00",9,2488.49,36,1
"15228.0","2010-07-28 10:21:00","2011-10-04 13:56:00",6,5580.27,66,1
"15229.0","2010-05-02 13:50:00","2010-05-02 13:50:00",1,160.5,586,1
"15230.0","2011-04-13 11:04:00","2011-04-14 14:39:00",2,429.6,239,1
"15231.0","2010-03-28 15:12:00","2010-03-28 15:12:00",1,250.26,621,1
"15232.0","2011-07-22 12:21:00","2011-08-18 16:27:00",2,612.06,113,1
"15233.0","2010-11-03 13:36:00","2010-11-03 13:36:00",1,59.4,401,1
"15234.0","2011-03-08 08:53:00","2011-03-08 08:53:00",1,197.0,276,1
"15235.0","2010-11-16 12:48:00","2011-05-06 09:44:00",16,2937.81,217,1
"15236.0","2011-02-14 10:52:00","2011-02-14 10:52:00",1,321.05,298,1
"15237.0","2011-04-26 15:04:00","2011-12-08 09:46:00",4,1412.32,1,0
"15238.0","2011-06-08 16:00:00","2011-11-10 14:28:00",3,1071.99,29,0
"15239.0","2011-09-22 09:53:00","2011-11-29 14:14:00",2,780.59,10,0
"15240.0","2009-12-05 14:57:00","2011-10-26 09:50:00",12,4459.98,44,1
"15241.0","2010-02-23 13:59:00","2011-10-04 09:05:00",11,3050.16,66,1
"15242.0","2010-10-13 15:33:00","2010-10-13 15:33:00",1,302.04,422,1
"15243.0","2010-09-30 17:28:00","2011-09-26 14:12:00",2,927.28,74,1
"15244.0","2010-02-11 14:48:00","2011-10-05 13:19:00",3,912.08,65,1
"15245.0","2010-04-23 14:23:00","2011-07-28 18:56:00",8,4610.84,134,1
"15246.0","2010-06-02 11:28:00","2011-04-15 14:45:00",3,780.4,238,1
"15247.0","2010-06-20 14:08:00","2011-08-09 12:52:00",3,976.06,122,1
"15248.0","2010-06-23 14:34:00","2010-10-24 13:09:00",3,1893.93,411,1
"15249.0","2010-03-26 14:51:00","2011-11-08 11:45:00",18,9266.0,31,1
"15250.0","2010-03-09 07:35:00","2010-03-09 07:35:00",1,60.0,640,1
"15251.0","2010-01-29 12:42:00","2011-11-30 15:02:00",21,20324.54,9,0
"15252.0","2010-04-07 10:24:00","2011-11-03 13:30:00",5,2103.41,36,1
"15253.0","2010-05-02 11:17:00","2011-11-23 16:22:00",8,2055.09,16,0
"15254.0","2010-05-28 10:08:00","2011-08-04 15:04:00",3,1088.35,127,1
"15255.0","2009-12-03 09:10:00","2011-10-04 12:43:00",9,3729.42,66,1
"15256.0","2010-05-27 11:41:00","2011-07-14 11:47:00",2,170.4,148,1
"15257.0","2010-10-21 14:03:00","2011-03-01 12:58:00",2,685.9,283,1
"15258.0","2011-05-06 14:16:00","2011-06-24 12:30:00",2,623.16,168,1
"15259.0","2010-01-26 09:41:00","2010-07-15 08:47:00",4,1182.38,512,1
"15260.0","2009-12-06 11:45:00","2011-08-31 13:55:00",25,9188.23,100,1
"15261.0","2010-10-01 11:59:00","2011-07-27 15:20:00",4,1508.0,135,1
"15262.0","2010-08-08 15:55:00","2011-01-20 12:16:00",3,418.82,323,1
"15263.0","2011-08-25 10:26:00","2011-08-25 10:26:00",1,156.51,106,1
"15264.0","2010-06-27 13:29:00","2011-10-06 13:49:00",2,848.4,64,1
"15265.0","2009-12-01 17:08:00","2011-07-11 14:46:00",4,3345.64,151,1
"15266.0","2010-01-07 12:19:00","2011-01-05 13:40:00",5,852.21,338,1
"15267.0","2011-06-10 10:24:00","2011-11-17 15:59:00",5,1717.36,22,0
"15268.0","2010-04-13 11:27:00","2010-08-18 10:33:00",3,961.9,478,1
"15269.0","2010-11-14 12:58:00","2011-11-16 09:32:00",3,1225.36,23,0
"15270.0","2009-12-17 15:02:00","2011-11-24 09:24:00",21,8524.86,15,0
"15271.0","2010-08-05 14:57:00","2011-12-02 14:11:00",24,4709.54,7,0
"15272.0","2010-02-14 13:39:00","2011-10-13 12:59:00",6,2085.48,57,1
"15273.0","2010-04-19 11:31:00","2010-04-19 11:31:00",1,228.96,599,1
"15274.0","2011-11-21 14:17:00","2011-12-05 16:57:00",2,716.57,4,0
"15275.0","2011-11-02 11:20:00","2011-11-02 11:20:00",1,615.14,37,1
"15276.0","2010-10-01 12:24:00","2011-10-04 16:39:00",4,649.53,66,1
"15277.0","2010-10-10 16:02:00","2011-10-24 10:08:00",2,476.34,46,1
"15278.0","2010-02-12 14:53:00","2010-05-27 10:03:00",4,496.16,561,1
"15279.0","2010-02-02 10:15:00","2010-12-20 10:48:00",5,1580.54,354,1
"15280.0","2010-05-17 14:17:00","2011-06-20 17:14:00",3,406.22,172,1
"15281.0","2010-10-08 12:14:00","2011-10-12 09:10:00",16,8543.57,58,1
"15282.0","2010-05-18 16:27:00","2010-05-18 16:27:00",1,348.59,570,1
"15283.0","2010-07-09 15:46:00","2010-11-14 14:54:00",3,148.33,390,1
"15284.0","2010-07-27 13:25:00","2010-07-27 13:25:00",1,24.75,500,1
"15285.0","2010-10-28 09:46:00","2010-10-28 09:46:00",1,94.92,407,1
"15286.0","2011-10-21 11:08:00","2011-10-21 11:08:00",1,240.55,49,1
"15287.0","2009-12-02 12:13:00","2011-11-17 15:34:00",5,856.03,22,0
"15288.0","2010-02-12 15:27:00","2011-10-27 16:58:00",10,3874.28,43,1
"15289.0","2010-03-28 11:45:00","2011-11-10 13:49:00",5,1593.09,29,0
"15290.0","2010-02-24 10:15:00","2011-12-05 11:39:00",26,10496.28,4,0
"15291.0","2009-12-03 11:09:00","2011-11-14 11:02:00",39,13801.56,25,0
"15292.0","2011-05-22 15:00:00","2011-05-22 15:00:00",1,180.94,201,1
"15293.0","2010-02-12 11:54:00","2010-02-12 11:54:00",1,247.5,665,1
"15294.0","2010-10-25 11:45:00","2010-10-25 11:45:00",1,233.35,410,1
"15295.0","2010-02-23 13:03:00","2010-02-23 13:03:00",1,217.24,654,1
"15296.0","2010-01-21 13:48:00","2011-10-20 11:47:00",12,10342.83,50,1
"15297.0","2011-10-07 09:42:00","2011-11-29 16:32:00",3,641.94,10,0
"15298.0","2009-12-08 17:04:00","2011-12-07 17:17:00",23,9459.37,2,0
"15299.0","2010-01-12 11:34:00","2011-10-03 14:19:00",9,7391.54,67,1
"15300.0","2011-10-06 17:08:00","2011-10-06 17:08:00",1,496.44,64,1
"15301.0","2010-09-15 15:41:00","2011-10-20 09:57:00",17,7603.44,50,1
"15302.0","2009-12-09 13:11:00","2009-12-09 13:11:00",1,308.0,730,1
"15303.0","2010-01-25 09:42:00","2011-02-22 13:59:00",3,1224.18,290,1
"15304.0","2010-10-14 10:24:00","2011-10-10 10:23:00",9,919.55,60,1
"15305.0","2010-06-02 13:50:00","2010-06-02 13:50:00",1,93.6,555,1
"15306.0","2010-02-18 17:12:00","2011-10-06 12:56:00",9,3484.73,64,1
"15307.0","2011-09-05 11:38:00","2011-09-05 11:38:00",1,205.3,95,1
"15308.0","2011-03-10 13:08:00","2011-03-10 13:08:00",1,310.47,274,1
"15309.0","2009-12-04 13:01:00","2010-04-08 11:11:00",4,797.96,610,1
"15310.0","2010-08-18 11:38:00","2010-08-18 11:38:00",1,1634.64,478,1
"15311.0","2009-12-01 11:21:00","2011-12-09 12:00:00",207,116476.16,0,0
"15312.0","2009-12-16 09:23:00","2011-09-25 13:10:00",12,2930.19,75,1
"15313.0","2011-08-21 16:02:00","2011-08-21 16:02:00",1,52.0,110,1
"15314.0","2010-10-07 15:41:00","2011-05-24 14:39:00",3,820.45,199,1
"15315.0","2011-08-15 15:17:00","2011-10-06 12:51:00",2,570.5,64,1
"15316.0","2011-01-17 11:34:00","2011-01-17 11:34:00",1,165.0,326,1
"15317.0","2010-01-31 15:55:00","2010-01-31 15:55:00",1,129.75,677,1
"15318.0","2011-12-06 11:30:00","2011-12-06 11:30:00",1,312.62,3,0
"15319.0","2011-03-01 12:48:00","2011-03-01 12:48:00",1,204.5,283,1
"15320.0","2011-10-26 13:27:00","2011-10-26 13:27:00",1,267.13,44,1
"15321.0","2010-02-03 09:47:00","2011-09-30 09:40:00",12,6709.73,70,1
"15322.0","2010-08-20 13:10:00","2011-09-15 09:34:00",2,1390.86,85,1
"15323.0","2010-02-16 09:21:00","2010-05-26 10:01:00",3,434.6,562,1
"15324.0","2010-01-07 14:37:00","2010-01-07 14:37:00",1,140.22,701,1
"15325.0","2010-02-16 13:30:00","2011-08-28 11:55:00",8,1602.01,103,1
"15326.0","2009-12-01 13:19:00","2011-01-10 11:38:00",5,1700.52,333,1
"15327.0","2011-10-18 11:55:00","2011-10-18 11:55:00",1,208.75,52,1
"15328.0","2010-10-28 09:05:00","2010-10-28 09:05:00",1,107.24,407,1
"15329.0","2009-12-14 12:18:00","2011-10-31 15:36:00",11,2984.33,39,1
"15330.0","2011-10-10 12:30:00","2011-11-07 17:50:00",2,714.96,32,1
"15331.0","2010-04-09 14:26:00","2010-07-28 09:42:00",3,767.91,499,1
"15332.0","2010-07-14 13:01:00","2010-12-08 14:43:00",6,6553.74,366,1
"15333.0","2011-05-15 13:27:00","2011-05-15 13:27:00",1,1028.56,208,1
"15334.0","2011-06-19 13:51:00","2011-07-06 11:22:00",3,348.72,156,1
"15335.0","2011-10-17 12:50:00","2011-10-17 12:50:00",1,173.97,53,1
"15336.0","2010-11-03 12:39:00","2010-11-03 12:39:00",1,240.5,401,1
"15337.0","2010-10-24 15:29:00","2010-10-24 15:29:00",1,373.02,411,1
"15338.0","2010-01-31 14:25:00","2010-01-31 14:25:00",1,283.43,677,1
"15339.0","2010-02-08 13:38:00","2011-10-04 12:51:00",7,1827.84,66,1
"15340.0","2010-05-27 10:27:00","2010-05-27 10:27:00",1,105.5,561,1
"15341.0","2010-09-16 16:41:00","2011-09-20 09:40:00",2,2402.72,80,1
"15342.0","2011-08-02 10:19:00","2011-08-02 10:19:00",1,406.09,129,1
"15343.0","2011-09-13 13:55:00","2011-09-13 13:55:00",1,364.5,87,1
"15344.0","2011-09-26 14:48:00","2011-12-09 10:45:00",3,563.94,0,0
"15345.0","2011-10-25 11:28:00","2011-10-25 11:28:00",1,393.54,45,1
"15346.0","2010-10-04 15:11:00","2011-01-11 11:18:00",3,596.12,332,1
"15347.0","2010-09-28 12:50:00","2010-12-08 15:25:00",4,1363.6,366,1
"15348.0","2011-09-28 13:17:00","2011-09-28 13:17:00",1,158.04,72,1
"15349.0","2011-06-05 15:46:00","2011-07-04 16:06:00",2,473.81,158,1
"15350.0","2010-11-21 15:14:00","2010-12-01 13:33:00",2,663.25,373,1
"15351.0","2010-10-03 12:18:00","2011-11-27 12:52:00",10,3738.29,12,0
"15352.0","2010-06-09 11:28:00","2010-06-09 11:28:00",1,114.95,548,1
"15353.0","2009-12-02 11:33:00","2011-03-30 12:15:00",7,3175.95,254,1
"15355.0","2011-10-17 15:22:00","2011-11-10 13:44:00",2,277.05,29,0
"15356.0","2010-10-13 13:12:00","2011-11-08 13:11:00",13,3464.95,31,1
"15358.0","2009-12-07 12:19:00","2011-12-05 09:04:00",42,17050.41,4,0
"15359.0","2010-01-15 11:30:00","2010-02-15 10:47:00",8,181.35,662,1
"15360.0","2011-10-31 09:35:00","2011-10-31 09:35:00",1,427.93,39,1
"15361.0","2010-06-14 13:27:00","2010-12-13 09:52:00",4,689.07,361,1
"15362.0","2009-12-01 09:08:00","2010-09-17 10:37:00",2,613.08,448,1
"15363.0","2010-08-04 08:41:00","2010-12-02 12:28:00",2,1004.11,372,1
"15364.0","2011-03-30 13:39:00","2011-09-05 09:46:00",2,913.19,95,1
"15365.0","2010-02-04 16:43:00","2011-11-14 08:29:00",13,4557.13,25,0
"15366.0","2010-02-26 10:10:00","2011-09-25 15:01:00",7,2389.08,75,1
"15367.0","2009-12-10 14:20:00","2011-10-13 14:13:00",11,5081.33,57,1
"15368.0","2010-11-10 15:52:00","2011-11-18 14:42:00",2,722.74,21,0
"15369.0","2009-12-08 07:43:00","2010-08-04 13:54:00",11,6251.26,492,1
"15370.0","2010-10-25 12:08:00","2011-10-30 10:58:00",8,3739.01,40,1
"15371.0","2010-02-15 13:14:00","2010-02-15 13:14:00",1,59.4,662,1
"15372.0","2010-02-14 11:24:00","2011-07-25 16:39:00",8,6017.06,137,1
"15373.0","2010-05-02 11:57:00","2011-12-01 15:05:00",17,3421.39,8,0
"15374.0","2010-03-25 12:03:00","2011-08-03 09:59:00",2,307.32,128,1
"15375.0","2010-01-18 15:38:00","2010-01-18 15:38:00",1,60.96,690,1
"15376.0","2011-05-01 13:45:00","2011-10-30 15:04:00",3,1233.36,40,1
"15377.0","2010-10-20 11:42:00","2010-11-22 08:55:00",4,1211.75,382,1
"15378.0","2010-07-26 08:47:00","2010-09-03 11:30:00",2,246.5,462,1
"15379.0","2010-11-04 11:59:00","2011-06-23 13:13:00",8,4877.84,169,1
"15380.0","2009-12-01 13:50:00","2011-12-01 12:13:00",11,3479.06,8,0
"15381.0","2010-05-05 14:35:00","2011-05-10 11:55:00",5,1890.57,213,1
"15382.0","2009-12-04 14:13:00","2011-11-25 10:58:00",12,13733.55,14,0
"15384.0","2010-04-26 12:38:00","2011-06-23 10:57:00",4,2027.79,169,1
"15385.0","2010-01-31 13:02:00","2011-10-30 15:11:00",3,942.08,40,1
"15386.0","2011-06-06 13:47:00","2011-06-06 13:47:00",1,394.14,186,1
"15387.0","2010-08-04 16:05:00","2010-08-04 16:05:00",1,468.65,492,1
"15388.0","2011-03-14 13:53:00","2011-03-14 13:53:00",1,140.54,270,1
"15389.0","2010-01-27 12:44:00","2011-06-20 16:18:00",5,2733.8,172,1
"15390.0","2010-10-26 17:23:00","2010-11-08 15:19:00",2,1216.66,396,1
"15391.0","2010-05-04 15:04:00","2010-05-04 15:04:00",1,289.87,584,1
"15392.0","2010-10-04 12:50:00","2011-12-05 11:01:00",7,2911.62,4,0
"15393.0","2009-12-15 17:56:00","2011-11-23 16:48:00",5,891.34,16,0
"15394.0","2009-12-15 19:05:00","2011-11-30 11:49:00",11,5286.8,9,0
"15395.0","2011-01-18 12:40:00","2011-01-18 12:40:00",1,107.45,325,1
"15396.0","2010-05-05 09:04:00","2011-08-19 10:56:00",2,796.38,112,1
"15397.0","2011-02-23 09:25:00","2011-02-23 09:25:00",1,94.0,289,1
"15398.0","2011-09-22 14:56:00","2011-11-23 16:47:00",2,1345.53,16,0
"15399.0","2011-09-21 15:57:00","2011-12-08 13:04:00",3,815.77,1,0
"15400.0","2010-05-28 08:33:00","2011-09-08 13:57:00",8,1302.3,92,1
"15401.0","2010-05-20 10:56:00","2010-09-13 13:42:00",2,216.95,452,1
"15402.0","2010-04-27 12:12:00","2011-07-14 12:17:00",6,1830.12,148,1
"15403.0","2009-12-09 12:45:00","2010-08-05 12:21:00",2,170.88,491,1
"15404.0","2010-11-29 11:03:00","2010-11-29 11:03:00",1,257.06,375,1
"15405.0","2010-05-12 15:56:00","2011-06-03 14:44:00",2,659.84,189,1
"15406.0","2010-09-12 13:06:00","2011-11-08 13:22:00",4,975.87,31,1
"15407.0","2011-02-07 13:18:00","2011-11-06 11:55:00",4,1056.44,33,1
"15408.0","2011-03-20 15:02:00","2011-03-20 15:02:00",1,267.18,264,1
"15409.0","2009-12-18 15:35:00","2009-12-18 15:35:00",1,131.25,721,1
"15410.0","2010-04-19 08:57:00","2011-09-16 14:47:00",10,4685.72,84,1
"15411.0","2011-06-10 12:30:00","2011-11-13 15:19:00",4,1358.88,26,0
"15412.0","2011-06-21 15:24:00","2011-06-21 15:24:00",1,190.53,171,1
"15413.0","2009-12-01 10:18:00","2010-01-17 11:33:00",5,6798.72,691,1
"15414.0","2011-04-11 13:45:00","2011-11-30 09:50:00",3,774.9,9,0
"15415.0","2011-01-30 14:13:00","2011-01-30 14:13:00",1,572.81,313,1
"15416.0","2010-02-01 11:55:00","2011-10-06 09:38:00",7,4572.82,64,1
"15417.0","2011-09-15 15:26:00","2011-09-15 15:26:00",1,508.8,85,1
"15418.0","2010-05-02 11:31:00","2010-10-10 13:38:00",2,452.32,425,1
"15419.0","2011-11-15 09:23:00","2011-11-15 09:23:00",1,135.86,24,0
"15420.0","2009-12-05 13:29:00","2010-10-01 15:46:00",6,743.0,434,1
"15421.0","2009-12-07 15:10:00","2011-10-12 09:20:00",10,3805.34,58,1
"15422.0","2010-02-07 11:52:00","2011-01-20 16:17:00",7,1619.97,323,1
"15423.0","2010-03-28 13:42:00","2011-11-01 14:01:00",3,266.89,38,1
"15424.0","2010-09-02 17:17:00","2011-03-30 13:02:00",3,597.78,254,1
"15425.0","2010-02-14 12:36:00","2010-11-04 18:13:00",4,1944.57,400,1
"15426.0","2010-05-02 15:10:00","2011-11-20 15:36:00",9,2615.39,19,0
"15427.0","2011-10-23 14:47:00","2011-11-06 14:29:00",3,1483.14,33,1
"15428.0","2009-12-17 17:46:00","2011-11-24 16:54:00",4,762.75,15,0
"15429.0","2011-09-25 13:42:00","2011-11-13 12:28:00",2,397.35,26,0
"15430.0","2010-06-29 15:04:00","2010-08-29 10:42:00",2,954.75,467,1
"15431.0","2010-07-25 12:44:00","2010-07-25 12:44:00",1,153.24,502,1
"15432.0","2010-06-16 14:34:00","2011-11-16 16:30:00",2,320.76,23,0
"15433.0","2011-03-17 14:12:00","2011-05-10 10:45:00",2,533.3,213,1
"15434.0","2010-01-24 15:35:00","2011-12-01 13:33:00",11,2567.06,8,0
"15435.0","2011-11-17 16:39:00","2011-11-17 16:39:00",1,149.29,22,0
"15436.0","2011-04-19 16:52:00","2011-11-27 16:05:00",3,1122.53,12,0
"15437.0","2010-03-09 10:45:00","2011-03-22 13:11:00",2,393.45,262,1
"15438.0","2011-07-31 14:19:00","2011-07-31 14:19:00",1,156.58,131,1
"15439.0","2010-02-24 12:05:00","2010-10-31 10:38:00",4,1269.05,404,1
"15440.0","2011-05-15 11:30:00","2011-10-16 12:16:00",3,383.68,54,1
"15441.0","2009-12-09 14:55:00","2010-11-08 15:50:00",3,1254.21,396,1
"15442.0","2011-04-05 12:24:00","2011-04-05 12:24:00",1,594.0,248,1
"15443.0","2010-03-07 12:10:00","2011-12-08 10:40:00",14,5175.93,1,0
"15444.0","2011-10-30 16:12:00","2011-11-30 17:37:00",2,1418.26,9,0
"15445.0","2010-04-28 15:00:00","2011-03-20 15:06:00",2,284.5,264,1
"15446.0","2009-12-13 13:53:00","2010-11-28 11:59:00",3,403.95,376,1
"15447.0","2010-03-24 14:40:00","2011-01-13 11:26:00",5,492.88,330,1
"15448.0","2010-02-03 13:29:00","2011-01-31 10:42:00",2,788.81,312,1
"15449.0","2011-03-23 10:43:00","2011-11-13 15:02:00",3,974.52,26,0
"15450.0","2011-11-09 17:11:00","2011-11-09 17:11:00",1,429.84,30,0
"15451.0","2010-04-19 14:08:00","2010-10-01 13:40:00",2,233.21,434,1
"15452.0","2010-07-16 14:23:00","2011-11-10 12:13:00",6,1799.11,29,0
"15453.0","2011-06-05 12:37:00","2011-12-08 10:59:00",7,1388.37,1,0
"15454.0","2010-03-31 13:15:00","2010-12-12 14:21:00",2,305.59,362,1
"15455.0","2010-04-21 12:43:00","2010-04-21 12:43:00",1,38.25,597,1
"15456.0","2009-12-08 12:54:00","2011-03-01 13:51:00",10,2119.27,283,1
"15457.0","2011-03-22 15:31:00","2011-03-22 15:31:00",1,237.07,262,1
"15458.0","2010-11-02 19:50:00","2011-11-14 13:08:00",2,370.44,25,0
"15459.0","2010-07-30 14:31:00","2010-10-18 15:25:00",2,202.83,417,1
"15460.0","2010-12-20 16:08:00","2010-12-20 16:08:00",1,216.76,354,1
"15461.0","2010-03-18 12:40:00","2010-09-05 12:31:00",2,429.7,460,1
"15462.0","2010-09-20 10:23:00","2011-09-06 13:11:00",4,737.05,94,1
"15463.0","2011-11-10 12:57:00","2011-11-10 12:57:00",1,126.14,29,0
"15464.0","2011-01-05 15:56:00","2011-01-05 15:56:00",1,1048.85,338,1
"15465.0","2009-12-10 09:42:00","2011-11-20 10:11:00",32,12655.65,19,0
"15466.0","2009-12-03 12:28:00","2011-09-15 14:08:00",4,1571.01,85,1
"15467.0","2011-07-10 14:42:00","2011-11-30 14:17:00",3,524.88,9,0
"15468.0","2010-11-12 09:39:00","2011-10-19 13:49:00",3,1430.48,51,1
"15469.0","2010-09-27 10:09:00","2011-10-20 16:21:00",3,874.25,50,1
"15470.0","2010-05-13 09:35:00","2010-05-13 09:35:00",1,63.42,575,1
"15471.0","2010-06-07 12:17:00","2011-12-07 14:12:00",3,1316.56,2,0
"15472.0","2011-08-18 15:17:00","2011-08-18 15:17:00",1,371.56,113,1
"15473.0","2010-09-21 09:14:00","2011-11-25 15:15:00",8,2046.0,14,0
"15474.0","2010-04-23 11:14:00","2010-04-23 11:14:00",1,163.1,595,1
"15475.0","2011-09-23 15:20:00","2011-09-23 15:20:00",1,454.11,77,1
"15476.0","2010-09-23 14:00:00","2010-11-24 15:17:00",4,2209.98,380,1
"15477.0","2010-02-28 10:37:00","2010-02-28 10:37:00",1,368.4,649,1
"15478.0","2010-05-13 18:49:00","2011-10-30 14:19:00",3,1982.48,40,1
"15479.0","2009-12-06 15:08:00","2009-12-06 15:08:00",1,147.4,733,1
"15480.0","2010-02-01 14:52:00","2011-08-15 14:32:00",3,3592.25,116,1
"15481.0","2010-11-03 14:52:00","2010-11-03 14:52:00",1,1993.34,401,1
"15482.0","2009-12-02 16:59:00","2011-11-24 10:46:00",18,14552.56,15,0
"15483.0","2010-01-24 15:42:00","2011-07-01 13:07:00",10,855.06,161,1
"15484.0","2009-12-05 15:18:00","2011-12-08 15:03:00",6,4656.0,1,0
"15485.0","2009-12-01 17:31:00","2011-11-09 14:31:00",7,5771.51,30,0
"15486.0","2010-06-30 13:15:00","2010-06-30 13:15:00",1,102.0,527,1
"15487.0","2010-01-29 12:07:00","2010-01-29 12:07:00",1,231.32,679,1
"15488.0","2010-05-05 13:03:00","2011-09-08 10:11:00",5,431.92,92,1
"15489.0","2010-01-15 16:58:00","2011-11-17 08:53:00",8,2419.61,22,0
"15490.0","2010-10-05 13:11:00","2010-10-05 13:11:00",1,217.6,430,1
"15491.0","2011-04-18 10:04:00","2011-09-05 15:56:00",6,3100.09,95,1
"15492.0","2011-09-26 14:02:00","2011-11-11 14:53:00",2,659.46,28,0
"15493.0","2010-02-23 11:14:00","2011-11-07 12:04:00",9,4306.49,32,1
"15494.0","2009-12-10 20:16:00","2011-11-18 14:51:00",5,3780.05,21,0
"15495.0","2010-11-25 13:46:00","2010-11-25 13:46:00",1,246.5,379,1
"15496.0","2010-03-18 13:16:00","2010-03-18 13:16:00",1,146.14,631,1
"15497.0","2009-12-18 15:08:00","2011-11-22 11:51:00",9,8657.39,17,0
"15498.0","2009-12-16 17:27:00","2011-12-07 12:48:00",44,26039.58,2,0
"15499.0","2009-12-16 12:17:00","2009-12-16 12:17:00",1,161.6,723,1
"15500.0","2011-09-19 13:47:00","2011-12-01 13:47:00",4,1131.56,8,0
"15501.0","2010-10-20 12:47:00","2010-10-31 11:15:00",2,402.5,404,1
"15502.0","2010-06-03 11:12:00","2011-11-24 12:48:00",12,10532.52,15,0
"15503.0","2009-12-13 11:34:00","2010-12-12 10:57:00",2,267.15,362,1
"15504.0","2010-02-12 12:34:00","2011-09-19 13:45:00",4,412.6,81,1
"15505.0","2011-07-07 13:33:00","2011-10-18 07:56:00",5,3610.96,52,1
"15506.0","2010-08-19 12:38:00","2011-11-17 12:11:00",6,2040.03,22,0
"15507.0","2011-06-21 11:19:00","2011-06-21 11:19:00",1,492.36,171,1
"15508.0","2011-04-18 15:31:00","2011-06-03 15:43:00",6,1000.27,189,1
"15509.0","2010-11-24 14:48:00","2010-11-24 14:48:00",1,166.51,380,1
"15510.0","2011-01-13 12:10:00","2011-01-13 12:10:00",1,250.0,330,1
"15511.0","2011-09-15 15:05:00","2011-11-28 09:43:00",5,909.23,11,0
"15512.0","2010-02-01 13:23:00","2011-07-07 10:20:00",4,331.58,155,1
"15513.0","2010-01-13 14:59:00","2011-11-06 14:36:00",35,27750.55,33,1
"15514.0","2009-12-04 16:37:00","2011-11-27 14:40:00",18,6594.77,12,0
"15515.0","2010-11-17 13:39:00","2010-11-17 13:39:00",1,171.81,387,1
"15516.0","2011-10-24 11:33:00","2011-10-26 10:51:00",3,62.43,44,1
"15517.0","2011-04-20 14:02:00","2011-04-20 14:02:00",1,267.03,233,1
"15518.0","2009-12-20 12:21:00","2011-10-06 13:05:00",15,4218.94,64,1
"15519.0","2010-09-19 13:57:00","2010-11-21 14:35:00",2,344.61,383,1
"15520.0","2011-12-08 10:58:00","2011-12-08 10:58:00",1,343.5,1,0
"15521.0","2010-01-05 10:19:00","2011-10-30 13:42:00",16,7096.09,40,1
"15522.0","2011-09-13 12:26:00","2011-11-07 11:26:00",2,398.84,32,1
"15523.0","2009-12-02 15:16:00","2011-09-16 16:29:00",16,17359.99,84,1
"15524.0","2010-04-12 09:19:00","2011-11-15 12:09:00",2,591.4,24,0
"15525.0","2010-11-22 12:10:00","2011-12-07 14:43:00",4,1293.2,2,0
"15526.0","2011-11-06 15:01:00","2011-11-06 15:04:00",2,148.44,33,1
"15527.0","2009-12-15 17:31:00","2011-11-21 12:17:00",23,5574.79,18,0
"15528.0","2011-03-30 16:14:00","2011-03-30 16:14:00",1,229.33,254,1
"15529.0","2010-11-10 14:26:00","2011-11-17 11:29:00",12,5109.4,22,0
"15530.0","2010-07-15 11:10:00","2011-11-18 12:25:00",5,1813.72,21,0
"15531.0","2011-11-09 17:47:00","2011-12-01 18:43:00",2,2007.44,8,0
"15532.0","2010-06-08 14:52:00","2011-11-14 14:51:00",10,3750.25,25,0
"15533.0","2011-09-11 15:41:00","2011-11-20 15:35:00",3,807.57,19,0
"15534.0","2009-12-14 12:48:00","2009-12-14 12:48:00",1,162.25,725,1
"15535.0","2010-09-16 20:04:00","2011-06-19 16:02:00",6,1087.82,173,1
"15536.0","2010-10-26 16:31:00","2010-10-26 16:31:00",1,259.09,409,1
"15537.0","2011-06-29 13:10:00","2011-06-29 13:10:00",1,110.92,163,1
"15538.0","2010-02-14 12:38:00","2010-06-20 10:49:00",6,3358.4,537,1
"15539.0","2011-12-02 13:36:00","2011-12-02 13:36:00",1,538.46,7,0
"15540.0","2010-11-29 11:10:00","2011-11-28 13:51:00",2,460.68,11,0
"15541.0","2011-08-17 14:58:00","2011-08-17 14:58:00",1,85.13,114,1
"15542.0","2009-12-02 11:53:00","2010-07-15 13:32:00",3,918.45,512,1
"15543.0","2010-09-06 11:28:00","2011-02-24 15:26:00",2,242.84,288,1
"15544.0","2010-01-28 14:39:00","2011-11-30 16:43:00",20,8162.43,9,0
"15545.0","2010-12-03 17:28:00","2011-10-16 13:24:00",2,428.05,54,1
"15546.0","2010-04-12 11:45:00","2010-04-12 11:51:00",2,1079.1,606,1
"15547.0","2009-12-06 13:40:00","2011-12-02 12:52:00",26,10099.99,7,0
"15548.0","2010-04-23 12:20:00","2010-04-23 12:20:00",1,158.09,595,1
"15549.0","2010-01-11 13:16:00","2011-09-23 16:22:00",8,2342.21,77,1
"15550.0","2009-12-03 15:15:00","2011-12-05 15:38:00",12,2218.8,4,0
"15551.0","2010-06-07 15:05:00","2011-11-03 12:37:00",7,1710.08,36,1
"15552.0","2010-03-26 16:17:00","2011-05-06 14:47:00",2,252.52,217,1
"15553.0","2011-10-10 14:02:00","2011-10-10 14:02:00",1,437.23,60,1
"15554.0","2011-03-07 09:00:00","2011-03-07 09:00:00",1,217.2,277,1
"15555.0","2009-12-06 11:58:00","2011-11-27 16:19:00",36,12102.22,12,0
"15556.0","2011-11-15 16:08:00","2011-11-15 16:08:00",1,279.77,24,0
"15557.0","2011-11-11 12:46:00","2011-11-11 12:46:00",1,473.65,28,0
"15558.0","2010-03-10 15:25:00","2010-03-10 15:25:00",1,214.13,639,1
"15559.0","2010-05-20 14:06:00","2010-05-20 14:06:00",1,1109.4,568,1
"15560.0","2010-11-07 10:14:00","2010-11-07 10:15:00",2,153.52,397,1
"15561.0","2010-02-14 12:22:00","2011-11-28 11:07:00",8,1934.39,11,0
"15562.0","2009-12-13 15:17:00","2010-12-23 09:55:00",3,673.38,351,1
"15563.0","2010-01-28 11:36:00","2011-11-17 12:59:00",6,2828.0,22,0
"15564.0","2010-02-01 15:58:00","2010-09-02 15:52:00",2,70.74,463,1
"15565.0","2011-09-30 10:44:00","2011-10-20 14:33:00",2,173.16,50,1
"15566.0","2009-12-15 14:53:00","2010-11-12 12:11:00",2,227.87,392,1
"15567.0","2011-11-21 10:48:00","2011-11-21 10:48:00",1,186.01,18,0
"15568.0","2011-09-27 14:37:00","2011-12-07 11:27:00",3,758.29,2,0
"15569.0","2010-02-28 10:55:00","2011-08-28 10:15:00",10,3586.35,103,1
"15570.0","2010-03-28 14:04:00","2011-12-02 14:47:00",25,9311.04,7,0
"15571.0","2009-12-06 12:10:00","2011-11-28 10:02:00",14,4051.63,11,0
"15572.0","2010-04-14 14:38:00","2011-12-05 10:09:00",10,4068.67,4,0
"15573.0","2009-12-10 14:19:00","2011-11-08 11:38:00",5,1199.23,31,1
"15574.0","2010-09-01 14:37:00","2011-06-15 12:01:00",6,1518.7,177,1
"15575.0","2010-03-30 12:50:00","2010-03-30 12:50:00",1,30.1,619,1
"15576.0","2011-11-02 12:03:00","2011-11-02 12:03:00",1,940.67,37,1
"15577.0","2009-12-13 16:17:00","2011-07-11 17:03:00",5,397.98,151,1
"15578.0","2011-06-30 13:03:00","2011-06-30 13:03:00",1,127.1,162,1
"15579.0","2010-10-03 14:37:00","2011-10-02 12:45:00",5,1302.5,68,1
"15580.0","2010-02-07 11:21:00","2010-11-28 11:00:00",8,1381.19,376,1
"15581.0","2009-12-02 12:19:00","2011-07-06 14:04:00",34,4819.35,156,1
"15582.0","2011-05-03 13:36:00","2011-11-15 09:55:00",3,682.91,24,0
"15583.0","2010-11-28 15:04:00","2010-11-28 15:04:00",1,107.86,376,1
"15584.0","2010-02-07 12:16:00","2011-11-16 10:55:00",6,1277.5,23,0
"15585.0","2011-06-16 08:38:00","2011-06-16 08:38:00",1,455.3,176,1
"15586.0","2010-01-08 10:02:00","2010-04-26 11:00:00",3,1139.1,592,1
"15587.0","2010-08-05 08:44:00","2011-10-20 13:37:00",7,1522.08,50,1
"15588.0","2010-01-31 12:19:00","2010-01-31 12:19:00",1,579.6,677,1
"15589.0","2011-02-02 10:46:00","2011-03-29 09:54:00",3,478.53,255,1
"15590.0","2010-04-12 10:09:00","2010-11-22 14:49:00",5,1496.6,382,1
"15591.0","2010-02-04 09:20:00","2010-05-06 09:23:00",3,217.9,582,1
"15592.0","2011-10-24 08:59:00","2011-10-24 08:59:00",1,388.58,46,1
"15593.0","2011-09-30 11:46:00","2011-09-30 11:46:00",1,199.8,70,1
"15594.0","2011-04-19 10:08:00","2011-11-24 08:53:00",5,1771.78,15,0
"15595.0","2010-08-09 12:27:00","2010-08-09 12:27:00",1,357.6,487,1
"15596.0","2010-07-28 11:46:00","2011-08-31 10:55:00",9,3130.04,100,1
"15597.0","2010-05-13 13:10:00","2011-11-04 13:26:00",2,563.37,35,1
"15598.0","2010-10-08 09:20:00","2011-10-17 16:04:00",2,548.02,53,1
"15599.0","2010-09-20 10:15:00","2011-11-13 11:44:00",3,1250.06,26,0
"15600.0","2010-04-25 11:50:00","2010-10-07 14:30:00",4,1199.31,428,1
"15601.0","2009-12-01 14:53:00","2011-11-28 15:15:00",30,14960.12,11,0
"15602.0","2009-12-02 09:35:00","2011-12-01 14:14:00",16,3230.51,8,0
"15603.0","2010-03-01 16:02:00","2011-09-22 10:04:00",2,88.48,78,1
"15604.0","2011-10-18 14:47:00","2011-10-18 14:47:00",1,216.39,52,1
"15605.0","2010-01-14 14:03:00","2011-11-03 14:17:00",9,1936.8,36,1
"15606.0","2010-03-02 14:48:00","2011-10-09 15:47:00",17,5230.99,61,1
"15607.0","2010-01-08 12:16:00","2011-01-07 12:44:00",9,1708.97,336,1
"15608.0","2010-10-20 10:10:00","2011-11-11 13:20:00",5,1785.98,28,0
"15609.0","2011-06-08 13:00:00","2011-06-08 13:00:00",1,298.48,184,1
"15610.0","2011-10-19 10:36:00","2011-10-19 10:36:00",1,112.46,51,1
"15611.0","2010-01-25 14:50:00","2011-11-30 12:36:00",24,2976.28,9,0
"15612.0","2011-10-09 12:49:00","2011-11-03 14:52:00",2,195.15,36,1
"15613.0","2010-04-08 12:51:00","2010-04-08 12:51:00",1,433.72,610,1
"15614.0","2010-03-23 11:13:00","2010-09-28 10:46:00",4,3147.36,437,1
"15615.0","2009-12-02 15:28:00","2011-11-29 14:42:00",47,21373.97,10,0
"15616.0","2010-09-27 13:10:00","2010-09-27 13:10:00",1,317.11,438,1
"15617.0","2010-07-20 13:16:00","2010-11-08 16:07:00",3,828.55,396,1
"15618.0","2011-07-26 10:13:00","2011-11-07 08:34:00",4,776.85,32,1
"15619.0","2011-11-29 08:14:00","2011-11-29 08:14:00",1,336.4,10,0
"15620.0","2010-10-26 11:32:00","2011-10-14 12:41:00",4,1942.36,56,1
"15621.0","2011-11-18 11:49:00","2011-12-05 14:01:00",4,1293.03,4,0
"15622.0","2010-03-04 10:29:00","2011-10-27 16:44:00",17,7852.61,43,1
"15623.0","2009-12-10 14:46:00","2011-07-21 17:26:00",8,2437.05,141,1
"15624.0","2011-03-28 13:32:00","2011-08-15 11:38:00",4,588.13,116,1
"15625.0","2010-06-15 15:23:00","2011-08-28 10:21:00",9,3236.4,103,1
"15626.0","2010-10-14 17:16:00","2011-09-26 10:03:00",3,1067.52,74,1
"15627.0","2010-07-05 11:56:00","2010-09-08 14:14:00",2,566.9,457,1
"15628.0","2009-12-13 13:39:00","2011-12-05 10:24:00",17,5652.26,4,0
"15629.0","2010-06-25 11:39:00","2010-09-15 13:46:00",4,2240.9,450,1
"15630.0","2010-03-05 14:30:00","2011-10-25 15:36:00",3,1481.4,45,1
"15631.0","2010-03-07 14:52:00","2010-03-07 14:52:00",1,596.67,642,1
"15632.0","2011-03-10 08:29:00","2011-11-24 09:51:00",8,3285.31,15,0
"15633.0","2009-12-08 17:51:00","2010-07-18 13:54:00",13,4352.46,509,1
"15634.0","2010-11-21 15:30:00","2011-11-22 16:28:00",2,554.65,17,0
"15635.0","2010-11-09 08:58:00","2010-11-09 08:58:00",1,100.35,395,1
"15636.0","2010-05-19 11:37:00","2011-09-11 11:17:00",4,1444.58,89,1
"15637.0","2009-12-15 17:54:00","2011-10-18 08:28:00",5,797.59,52,1
"15638.0","2010-04-08 14:37:00","2010-11-26 11:52:00",6,2265.2,378,1
"15639.0","2010-04-13 13:11:00","2011-07-28 14:30:00",3,1065.08,134,1
"15640.0","2009-12-14 16:36:00","2011-12-05 14:35:00",29,23922.78,4,0
"15641.0","2009-12-06 15:31:00","2011-08-26 14:04:00",12,5345.55,105,1
"15642.0","2009-12-10 11:51:00","2009-12-10 11:51:00",1,105.78,729,1
"15643.0","2011-03-02 14:34:00","2011-06-01 07:38:00",3,664.0,191,1
"15644.0","2011-03-23 15:37:00","2011-06-26 14:54:00",4,813.0,166,1
"15645.0","2010-10-10 12:51:00","2011-11-21 11:55:00",3,1054.75,18,0
"15646.0","2010-10-25 13:06:00","2011-07-05 09:53:00",5,974.61,157,1
"15647.0","2010-10-20 15:09:00","2010-10-20 15:09:00",1,169.0,415,1
"15648.0","2011-03-17 18:59:00","2011-05-19 15:53:00",2,657.35,204,1
"15649.0","2010-11-17 16:22:00","2011-01-07 13:34:00",4,2170.35,336,1
"15650.0","2010-03-21 11:46:00","2010-07-06 10:41:00",2,553.88,521,1
"15651.0","2010-04-22 13:26:00","2011-11-03 08:41:00",5,1259.06,36,1
"15652.0","2010-08-11 16:58:00","2011-09-09 14:22:00",5,1420.34,91,1
"15653.0","2011-08-16 09:50:00","2011-09-08 10:49:00",2,877.44,92,1
"15654.0","2011-11-13 15:15:00","2011-11-30 13:08:00",2,922.53,9,0
"15655.0","2011-04-10 15:25:00","2011-04-10 15:25:00",1,560.67,243,1
"15656.0","2011-02-28 15:32:00","2011-10-25 14:56:00",4,748.5,45,1
"15657.0","2011-11-17 12:19:00","2011-11-17 12:19:00",1,30.0,22,0
"15658.0","2009-12-03 11:19:00","2011-06-02 15:22:00",8,2423.47,190,1
"15659.0","2010-02-24 13:32:00","2011-10-27 09:23:00",3,532.49,43,1
"15660.0","2010-02-05 16:01:00","2011-11-14 16:58:00",15,2812.99,25,0
"15661.0","2010-05-10 07:59:00","2011-01-26 13:56:00",8,1215.95,317,1
"15662.0","2009-12-01 13:49:00","2010-02-16 16:47:00",2,283.73,661,1
"15663.0","2011-08-25 15:50:00","2011-08-25 15:50:00",1,138.14,106,1
"15664.0","2010-02-28 12:50:00","2011-10-20 10:57:00",4,1231.53,50,1
"15665.0","2010-03-14 15:07:00","2011-06-24 14:57:00",5,4015.12,168,1
"15666.0","2010-08-01 15:41:00","2010-08-24 16:14:00",2,632.94,472,1
"15667.0","2011-10-31 10:56:00","2011-10-31 10:56:00",1,301.32,39,1
"15668.0","2011-05-06 10:39:00","2011-05-06 10:39:00",1,76.32,217,1
"15669.0","2011-03-21 09:13:00","2011-10-30 16:03:00",4,684.34,40,1
"15670.0","2010-06-01 15:34:00","2011-02-16 10:50:00",2,325.2,296,1
"15671.0","2011-03-14 09:37:00","2011-11-21 12:43:00",7,2657.13,18,0
"15672.0","2009-12-14 16:52:00","2009-12-14 16:52:00",1,45.3,725,1
"15673.0","2010-02-22 14:28:00","2011-09-12 16:12:00",9,6414.79,88,1
"15674.0","2009-12-08 17:08:00","2011-09-27 15:17:00",12,6613.52,73,1
"15675.0","2010-10-31 14:14:00","2011-09-19 13:48:00",4,542.04,81,1
"15676.0","2011-03-01 10:19:00","2011-11-21 12:40:00",3,3435.76,18,0
"15677.0","2010-09-02 12:08:00","2011-10-21 15:36:00",3,1305.63,49,1
"15678.0","2010-07-05 12:49:00","2011-10-18 09:25:00",3,1893.89,52,1
"15679.0","2011-06-10 08:24:00","2011-11-15 16:19:00",4,781.28,24,0
"15680.0","2009-12-02 12:15:00","2011-11-30 13:46:00",10,4507.58,9,0
"15681.0","2010-05-24 14:18:00","2011-11-14 16:30:00",14,2989.7,25,0
"15682.0","2010-01-21 14:37:00","2010-04-19 15:30:00",2,318.24,599,1
"15683.0","2010-08-23 12:01:00","2011-08-14 12:56:00",2,524.54,117,1
"15684.0","2009-12-04 16:13:00","2010-06-10 18:51:00",3,173.95,547,1
"15685.0","2010-09-15 13:43:00","2010-09-15 13:43:00",1,55.98,450,1
"15686.0","2010-10-15 13:50:00","2010-10-15 13:50:00",1,90.0,420,1
"15687.0","2011-01-13 15:13:00","2011-12-01 08:33:00",9,2993.1,8,0
"15688.0","2010-10-17 12:06:00","2010-10-17 12:06:00",1,190.57,418,1
"15689.0","2010-04-01 09:53:00","2011-08-12 09:37:00",3,521.03,119,1
"15690.0","2011-08-31 11:40:00","2011-12-05 15:59:00",2,239.76,4,0
"15691.0","2009-12-06 16:01:00","2011-04-01 15:13:00",4,571.3,252,1
"15692.0","2011-11-11 14:12:00","2011-11-11 14:12:00",1,191.04,28,0
"15693.0","2010-02-18 14:37:00","2010-02-18 14:37:00",1,37.5,659,1
"15694.0","2009-12-07 15:43:00","2011-12-09 09:44:00",23,10795.81,0,0
"15695.0","2010-01-27 10:56:00","2011-03-18 08:32:00",4,1131.04,266,1
"15696.0","2010-01-24 14:36:00","2011-11-06 14:02:00",13,3906.57,33,1
"15697.0","2010-01-19 09:10:00","2010-01-19 09:10:00",1,246.75,689,1
"15698.0","2010-03-25 17:38:00","2010-03-25 17:38:00",1,46.2,624,1
"15699.0","2011-11-22 08:26:00","2011-11-22 08:26:00",1,309.65,17,0
"15700.0","2011-06-19 15:36:00","2011-06-20 16:53:00",2,696.68,172,1
"15701.0","2011-08-21 12:36:00","2011-12-07 14:39:00",4,1542.14,2,0
"15702.0","2010-08-20 14:50:00","2010-08-20 14:50:00",1,112.57,476,1
"15703.0","2011-03-20 10:51:00","2011-03-20 10:51:00",1,211.5,264,1
"15704.0","2010-05-05 14:51:00","2011-07-22 13:35:00",6,3817.96,140,1
"15705.0","2011-05-22 15:37:00","2011-05-22 15:37:00",1,143.1,201,1
"15706.0","2011-08-15 14:32:00","2011-10-07 10:09:00",4,1060.56,63,1
"15707.0","2011-09-14 14:19:00","2011-11-04 14:35:00",4,945.58,35,1
"15708.0","2010-10-10 11:33:00","2011-10-30 10:54:00",9,4378.72,40,1
"15709.0","2010-04-29 18:31:00","2011-03-01 10:38:00",2,327.85,283,1
"15710.0","2010-10-18 17:05:00","2010-10-18 17:05:00",1,898.87,417,1
"15711.0","2010-01-24 12:13:00","2010-06-01 12:14:00",2,420.25,556,1
"15712.0","2009-12-01 11:17:00","2011-11-30 14:09:00",12,3472.41,9,0
"15713.0","2009-12-16 09:41:00","2011-07-19 13:34:00",4,1010.79,143,1
"15714.0","2010-06-02 12:08:00","2011-11-28 11:26:00",5,784.81,11,0
"15715.0","2010-03-30 12:17:00","2010-06-02 09:56:00",5,658.02,555,1
"15716.0","2009-12-07 12:42:00","2011-07-17 11:59:00",11,3054.29,145,1
"15717.0","2010-04-26 10:41:00","2011-04-19 13:21:00",5,607.0,234,1
"15718.0","2010-06-17 16:20:00","2010-06-17 16:20:00",1,293.79,540,1
"15719.0","2009-12-01 12:47:00","2011-11-07 12:29:00",31,10221.41,32,1
"15720.0","2010-06-07 15:40:00","2011-11-15 14:48:00",2,741.92,24,0
"15721.0","2011-11-28 12:14:00","2011-11-28 12:14:00",1,507.08,11,0
"15722.0","2010-03-09 15:05:00","2011-11-04 11:43:00",11,5258.1,35,1
"15723.0","2010-05-14 12:55:00","2010-12-10 11:12:00",4,947.65,364,1
"15724.0","2010-11-04 10:22:00","2011-05-22 14:40:00",3,310.85,201,1
"15725.0","2011-11-24 14:51:00","2011-11-24 14:51:00",1,415.25,15,0
"15726.0","2010-11-14 16:12:00","2010-11-14 16:12:00",1,321.91,390,1
"15727.0","2010-01-24 12:12:00","2011-11-23 12:36:00",15,9445.51,16,0
"15728.0","2010-09-21 14:46:00","2010-11-25 10:39:00",2,544.6,379,1
"15729.0","2010-11-01 13:44:00","2011-05-11 12:36:00",3,192.55,212,1
"15730.0","2010-10-04 14:15:00","2011-10-05 12:31:00",5,1726.58,65,1
"15731.0","2010-06-04 10:10:00","2010-06-04 10:10:00",1,125.3,553,1
"15732.0","2010-02-04 10:10:00","2011-05-11 14:24:00",10,1682.07,212,1
"15733.0","2011-03-02 09:05:00","2011-03-02 09:05:00",1,162.3,282,1
"15734.0","2010-06-10 14:25:00","2011-08-17 10:50:00",4,2263.3,114,1
"15735.0","2010-10-14 13:38:00","2010-10-14 13:38:00",1,327.68,421,1
"15736.0","2010-09-30 14:19:00","2010-09-30 14:20:00",2,1815.72,435,1
"15737.0","2011-04-11 10:01:00","2011-11-25 11:21:00",8,1205.12,14,0
"15738.0","2009-12-10 15:52:00","2011-11-21 08:26:00",41,13372.97,18,0
"15739.0","2011-10-04 13:42:00","2011-10-04 13:42:00",1,449.12,66,1
"15740.0","2011-10-21 14:29:00","2011-10-21 14:29:00",1,154.88,49,1
"15741.0","2010-03-31 11:55:00","2010-09-07 16:21:00",2,208.62,458,1
"15742.0","2010-03-30 15:25:00","2010-03-30 15:25:00",1,156.87,619,1
"15743.0","2011-06-08 10:14:00","2011-11-23 17:19:00",4,784.46,16,0
"15744.0","2011-09-23 09:52:00","2011-09-23 09:52:00",1,34.8,77,1
"15745.0","2011-04-17 13:04:00","2011-11-20 13:45:00",4,1094.59,19,0
"15746.0","2011-07-28 15:21:00","2011-07-28 15:21:00",1,196.88,134,1
"15747.0","2010-01-18 11:21:00","2011-11-27 12:26:00",9,2562.61,12,0
"15748.0","2010-09-16 16:52:00","2011-10-30 12:51:00",3,614.76,40,1
"15749.0","2011-01-11 12:55:00","2011-04-18 13:20:00",3,44534.3,235,1
"15750.0","2009-12-01 17:19:00","2011-12-07 12:34:00",18,6797.19,2,0
"15751.0","2009-12-06 13:08:00","2010-09-05 12:44:00",11,1380.44,460,1
"15752.0","2010-09-08 11:56:00","2011-10-31 11:37:00",9,4207.54,39,1
"15753.0","2011-02-08 12:41:00","2011-02-08 12:41:00",1,79.2,304,1
"15754.0","2010-02-22 13:31:00","2011-10-19 14:40:00",9,3037.61,51,1
"15755.0","2009-12-04 08:24:00","2011-11-29 14:57:00",17,5993.12,10,0
"15756.0","2011-04-04 14:00:00","2011-10-09 13:30:00",4,532.96,61,1
"15757.0","2010-06-10 13:47:00","2011-10-05 12:14:00",6,2940.36,65,1
"15758.0","2011-11-15 10:48:00","2011-11-15 10:48:00",1,205.25,24,0
"15759.0","2009-12-02 10:08:00","2011-05-05 15:13:00",7,830.93,218,1
"15761.0","2010-09-23 09:33:00","2010-09-23 09:33:00",1,143.05,442,1
"15762.0","2011-09-23 15:17:00","2011-10-05 16:15:00",2,583.75,65,1
"15763.0","2011-09-23 12:10:00","2011-11-08 09:44:00",2,1086.92,31,1
"15764.0","2010-08-18 13:58:00","2011-09-12 17:58:00",8,4503.08,88,1
"15765.0","2010-02-11 10:25:00","2010-02-11 10:25:00",1,370.63,666,1
"15766.0","2010-01-26 15:55:00","2011-10-06 17:03:00",3,831.06,64,1
"15768.0","2009-12-03 12:10:00","2011-08-16 10:48:00",34,15601.09,115,1
"15769.0","2009-12-11 09:58:00","2011-12-02 13:52:00",46,88704.32,7,0
"15770.0","2010-04-06 11:47:00","2010-04-06 11:47:00",1,321.45,612,1
"15771.0","2010-01-15 12:14:00","2010-04-14 13:56:00",3,1006.54,604,1
"15772.0","2010-10-17 13:33:00","2010-10-17 13:33:00",1,280.88,418,1
"15773.0","2010-10-26 15:27:00","2011-12-04 12:48:00",2,774.52,5,0
"15774.0","2010-02-21 12:57:00","2011-10-02 12:04:00",6,1328.69,68,1
"15775.0","2010-03-18 07:32:00","2011-04-08 12:56:00",2,150.5,245,1
"15776.0","2011-07-29 13:46:00","2011-07-29 13:46:00",1,241.62,133,1
"15777.0","2010-05-20 10:37:00","2011-04-12 16:43:00",7,1762.61,241,1
"15778.0","2010-10-04 15:10:00","2010-10-04 15:10:00",1,307.95,431,1
"15779.0","2010-06-25 15:55:00","2010-09-02 16:40:00",2,124.08,463,1
"15780.0","2010-12-17 11:43:00","2011-06-09 12:01:00",3,475.28,183,1
"15781.0","2011-02-07 09:15:00","2011-11-14 14:57:00",3,345.46,25,0
"15782.0","2010-10-05 15:43:00","2011-11-30 10:49:00",4,4014.1,9,0
"15783.0","2011-11-29 09:50:00","2011-11-29 09:50:00",1,246.3,10,0
"15784.0","2010-02-05 14:42:00","2010-08-29 10:38:00",2,848.33,467,1
"15785.0","2009-12-15 16:28:00","2011-11-07 11:33:00",16,5969.93,32,1
"15786.0","2010-06-21 10:13:00","2011-10-24 14:13:00",5,8514.82,46,1
"15787.0","2011-10-09 13:11:00","2011-11-13 14:55:00",3,948.05,26,0
"15788.0","2010-07-19 12:48:00","2010-07-19 12:48:00",1,221.83,508,1
"15789.0","2010-03-26 11:21:00","2010-12-16 14:35:00",6,1962.01,358,1
"15790.0","2011-11-29 14:53:00","2011-11-29 14:53:00",1,220.85,10,0
"15791.0","2010-03-08 09:41:00","2011-10-27 10:14:00",5,3608.34,43,1
"15792.0","2010-03-31 09:42:00","2010-11-05 08:21:00",2,933.84,399,1
"15793.0","2009-12-01 12:54:00","2011-11-25 09:31:00",8,2399.57,14,0
"15794.0","2009-12-02 15:10:00","2009-12-03 13:04:00",2,777.0,736,1
"15795.0","2010-01-18 11:31:00","2011-07-13 10:43:00",8,1979.87,149,1
"15796.0","2010-03-31 13:10:00","2011-12-08 19:55:00",17,5174.83,1,0
"15797.0","2010-01-27 13:12:00","2011-08-18 17:04:00",5,2806.08,113,1
"15798.0","2010-01-27 11:55:00","2010-08-04 09:13:00",3,1535.37,492,1
"15799.0","2010-10-17 14:26:00","2011-09-25 12:46:00",4,1424.29,75,1
"15800.0","2010-03-31 13:17:00","2011-08-24 14:23:00",7,1242.58,107,1
"15801.0","2011-08-22 09:53:00","2011-10-24 13:52:00",3,1063.95,46,1
"15803.0","2010-02-01 16:29:00","2011-10-19 14:56:00",4,1929.66,51,1
"15804.0","2011-05-25 10:12:00","2011-12-09 12:31:00",13,4206.39,0,0
"15805.0","2009-12-10 12:57:00","2011-11-16 16:32:00",30,10189.23,23,0
"15806.0","2011-03-08 09:24:00","2011-10-24 14:35:00",3,784.58,46,1
"15807.0","2010-02-11 15:32:00","2011-10-20 14:10:00",5,1817.52,50,1
"15808.0","2009-12-01 16:30:00","2011-02-06 14:33:00",21,18409.93,306,1
"15809.0","2010-06-22 14:23:00","2011-11-03 16:40:00",7,1274.44,36,1
"15810.0","2010-02-04 18:18:00","2011-09-22 09:38:00",8,2999.04,78,1
"15811.0","2010-11-16 16:46:00","2011-11-17 15:31:00",7,3796.92,22,0
"15812.0","2009-12-15 13:40:00","2011-08-24 14:19:00",12,5201.47,107,1
"15813.0","2011-04-14 09:09:00","2011-05-16 08:13:00",2,1303.91,207,1
"15814.0","2010-04-15 14:31:00","2011-11-23 08:17:00",6,2634.44,16,0
"15815.0","2011-03-25 08:43:00","2011-10-07 12:42:00",5,2100.6,63,1
"15816.0","2010-06-15 12:54:00","2010-06-15 13:36:00",2,144.15,542,1
"15817.0","2010-06-14 13:31:00","2010-10-15 11:07:00",3,2766.4,420,1
"15818.0","2010-04-30 12:58:00","2010-04-30 12:58:00",1,340.5,588,1
"15819.0","2010-03-18 11:08:00","2011-10-21 14:50:00",10,3934.79,49,1
"15820.0","2011-01-24 12:00:00","2011-01-24 12:00:00",1,206.98,319,1
"15821.0","2011-10-09 13:28:00","2011-10-26 15:48:00",2,570.96,44,1
"15822.0","2009-12-06 15:12:00","2011-12-06 14:50:00",6,1840.06,3,0
"15823.0","2009-12-08 15:12:00","2009-12-10 18:03:00",2,3867.17,729,1
"15824.0","2010-06-25 15:10:00","2010-09-12 13:20:00",2,890.94,453,1
"15825.0","2011-06-20 13:27:00","2011-06-20 13:27:00",1,532.94,172,1
"15826.0","2010-05-20 17:00:00","2011-10-14 16:05:00",4,2598.28,56,1
"15827.0","2010-01-08 11:25:00","2011-09-27 15:35:00",28,3794.07,73,1
"15828.0","2010-11-29 16:41:00","2010-11-29 16:41:00",1,1108.82,375,1
"15829.0","2011-07-22 10:23:00","2011-09-01 16:45:00",2,636.14,99,1
"15830.0","2011-11-02 10:40:00","2011-11-02 10:40:00",1,576.0,37,1
"15831.0","2011-01-19 14:52:00","2011-10-12 13:14:00",3,801.76,58,1
"15832.0","2011-03-30 15:29:00","2011-03-30 15:29:00",1,836.79,254,1
"15833.0","2009-12-02 11:59:00","2009-12-02 11:59:00",1,80.4,737,1
"15834.0","2010-10-11 14:05:00","2011-09-30 14:41:00",7,3770.49,70,1
"15835.0","2011-01-13 10:35:00","2011-10-26 15:47:00",4,954.09,44,1
"15836.0","2011-10-20 17:13:00","2011-10-20 17:13:00",1,137.37,50,1
"15837.0","2010-08-11 10:16:00","2011-10-06 09:01:00",2,777.01,64,1
"15838.0","2009-12-15 09:51:00","2011-11-28 14:00:00",34,74163.0,11,0
"15839.0","2011-07-14 16:35:00","2011-11-06 13:54:00",3,1048.49,33,1
"15840.0","2011-06-20 11:42:00","2011-10-12 09:08:00",2,355.56,58,1
"15841.0","2009-12-10 08:29:00","2011-09-28 12:15:00",9,2742.41,72,1
"15842.0","2010-06-30 09:06:00","2010-11-11 14:08:00",2,548.8,393,1
"15843.0","2011-02-09 10:19:00","2011-02-09 10:19:00",1,118.95,303,1
"15844.0","2011-10-24 15:19:00","2011-10-24 15:19:00",1,130.74,46,1
"15845.0","2010-01-26 14:44:00","2011-11-22 09:42:00",11,4426.28,17,0
"15846.0","2010-11-19 14:40:00","2010-11-19 14:40:00",1,107.01,385,1
"15847.0","2010-03-08 08:47:00","2011-11-01 14:41:00",5,822.57,38,1
"15848.0","2010-03-28 10:54:00","2010-03-28 10:54:00",1,139.94,621,1
"15850.0","2009-12-13 13:27:00","2011-11-20 14:14:00",6,1058.72,19,0
"15851.0","2010-07-01 12:34:00","2010-07-01 12:34:00",1,109.73,526,1
"15852.0","2010-07-01 10:16:00","2011-06-06 11:22:00",3,257.26,186,1
"15853.0","2011-10-19 10:38:00","2011-10-19 10:38:00",1,110.8,51,1
"15854.0","2009-12-10 12:08:00","2011-12-05 13:39:00",21,5583.81,4,0
"15855.0","2010-08-20 17:15:00","2011-07-26 10:20:00",6,1052.72,136,1
"15856.0","2009-12-03 14:02:00","2011-12-05 17:09:00",52,34219.08,4,0
"15857.0","2010-10-05 16:43:00","2011-11-21 12:18:00",2,570.48,18,0
"15858.0","2009-12-10 11:42:00","2011-11-24 12:48:00",13,3960.37,15,0
"15859.0","2010-10-03 12:52:00","2010-10-03 12:52:00",1,438.46,432,1
"15860.0","2009-12-06 12:31:00","2011-10-30 11:25:00",17,2502.71,40,1
"15861.0","2010-01-28 19:41:00","2011-11-27 15:59:00",12,4393.49,12,0
"15862.0","2009-12-17 11:33:00","2011-12-01 13:28:00",13,2923.14,8,0
"15863.0","2009-12-17 10:20:00","2011-11-14 12:49:00",5,358.7,25,0
"15864.0","2010-11-23 15:02:00","2011-11-17 13:32:00",7,2180.76,22,0
"15865.0","2010-01-05 13:58:00","2011-10-30 12:43:00",5,2248.92,40,1
"15866.0","2011-08-30 14:09:00","2011-08-30 14:09:00",1,230.53,101,1
"15867.0","2009-12-14 15:16:00","2011-12-04 13:32:00",31,9010.52,5,0
"15868.0","2010-05-05 14:11:00","2010-05-05 14:11:00",1,94.53,583,1
"15869.0","2010-03-23 16:50:00","2011-03-07 17:23:00",3,323.66,277,1
"15870.0","2010-09-19 16:22:00","2011-11-07 10:58:00",4,862.61,32,1
"15871.0","2010-09-28 14:16:00","2010-09-28 14:16:00",1,33.1,437,1
"15872.0","2010-06-07 14:53:00","2011-11-25 11:55:00",4,795.68,14,0
"15873.0","2010-07-27 11:58:00","2010-07-28 12:41:00",4,313.92,499,1
"15874.0","2010-01-07 13:56:00","2011-10-07 12:31:00",21,11284.76,63,1
"15875.0","2010-03-03 16:51:00","2010-03-03 16:51:00",1,111.72,646,1
"15876.0","2010-09-17 15:26:00","2010-10-26 18:58:00",2,1449.14,409,1
"15877.0","2011-11-22 11:18:00","2011-12-08 11:53:00",2,493.28,1,0
"15878.0","2009-12-06 12:28:00","2010-05-27 12:17:00",2,330.77,561,1
"15879.0","2009-12-17 19:54:00","2010-10-31 16:21:00",4,1157.3,404,1
"15880.0","2010-12-05 13:00:00","2010-12-05 13:00:00",1,686.56,369,1
"15881.0","2010-12-10 13:32:00","2011-01-31 16:59:00",5,501.39,312,1
"15882.0","2009-12-10 15:33:00","2011-05-25 11:35:00",8,1491.42,198,1
"15883.0","2011-11-06 14:50:00","2011-12-07 17:05:00",2,396.48,2,0
"15884.0","2009-12-03 18:23:00","2010-10-03 15:55:00",2,249.7,432,1
"15885.0","2010-01-21 12:47:00","2011-09-07 14:56:00",13,1921.82,93,1
"15886.0","2010-04-20 15:03:00","2011-10-10 14:25:00",4,1052.87,60,1
"15887.0","2010-06-02 11:53:00","2010-10-29 08:36:00",3,1027.15,406,1
"15888.0","2010-07-01 11:51:00","2011-09-20 12:30:00",3,423.49,80,1
"15889.0","2009-12-10 12:21:00","2011-07-06 11:10:00",8,1782.33,156,1
"15890.0","2010-04-14 08:43:00","2010-11-10 12:46:00",5,535.65,394,1
"15891.0","2011-04-27 12:35:00","2011-04-27 12:35:00",1,521.97,226,1
"15892.0","2010-02-08 16:23:00","2010-02-08 16:23:00",1,128.2,669,1
"15893.0","2010-08-15 11:12:00","2010-08-15 11:12:00",1,305.28,481,1
"15894.0","2010-12-05 14:06:00","2011-03-31 13:50:00",2,418.99,253,1
"15895.0","2011-07-13 10:27:00","2011-07-13 10:27:00",1,179.17,149,1
"15897.0","2011-05-29 13:32:00","2011-05-29 13:50:00",2,222.05,194,1
"15898.0","2009-12-11 16:11:00","2011-12-08 15:23:00",25,5592.56,1,0
"15899.0","2010-12-06 10:36:00","2010-12-06 10:36:00",1,112.5,368,1
"15900.0","2010-05-26 11:27:00","2011-11-16 12:19:00",4,900.4,23,0
"15901.0","2010-06-14 12:39:00","2011-11-23 12:43:00",6,683.39,16,0
"15902.0","2010-11-24 16:57:00","2010-11-24 16:57:00",1,145.01,380,1
"15903.0","2010-01-14 10:57:00","2011-11-30 08:08:00",12,8939.84,9,0
"15904.0","2011-12-01 14:50:00","2011-12-01 14:50:00",1,164.68,8,0
"15905.0","2010-06-14 16:00:00","2010-06-14 16:00:00",1,114.69,543,1
"15906.0","2010-09-15 12:17:00","2011-11-20 12:24:00",10,2555.64,19,0
"15907.0","2011-05-13 13:01:00","2011-12-06 12:21:00",3,966.6,3,0
"15908.0","2010-07-15 19:21:00","2010-08-06 11:56:00",2,764.57,490,1
"15909.0","2011-06-19 10:38:00","2011-06-19 10:38:00",1,191.94,173,1
"15910.0","2010-01-21 11:51:00","2011-12-09 10:51:00",15,2681.8,0,0
"15911.0","2009-12-09 13:26:00","2010-03-26 12:06:00",8,1685.89,623,1
"15912.0","2009-12-10 12:58:00","2011-06-14 14:29:00",9,1074.7,178,1
"15913.0","2010-06-23 16:31:00","2010-06-23 16:31:00",1,6.3,534,1
"15914.0","2010-11-26 16:09:00","2010-11-26 16:10:00",2,205.99,378,1
"15915.0","2010-11-03 11:13:00","2010-11-03 11:13:00",1,429.0,401,1
"15916.0","2009-12-10 16:21:00","2011-11-23 13:46:00",13,3427.17,16,0
"15917.0","2009-12-02 14:55:00","2011-04-06 10:40:00",5,560.63,247,1
"15918.0","2010-03-18 11:40:00","2011-06-02 11:42:00",3,582.88,190,1
"15919.0","2010-12-06 11:26:00","2011-11-20 11:28:00",2,910.61,19,0
"15920.0","2009-12-14 13:09:00","2011-07-08 15:25:00",8,567.69,154,1
"15921.0","2010-03-09 11:03:00","2011-06-20 11:03:00",4,792.46,172,1
"15922.0","2010-12-01 13:51:00","2010-12-01 13:51:00",1,739.0,373,1
"15923.0","2010-12-02 12:16:00","2010-12-02 12:16:00",1,254.16,372,1
"15924.0","2009-12-08 15:00:00","2009-12-08 15:00:00",1,102.82,731,1
"15925.0","2011-05-29 15:35:00","2011-05-29 15:35:00",1,207.15,194,1
"15926.0","2010-06-15 15:23:00","2010-06-15 15:23:00",1,134.44,542,1
"15927.0","2010-03-02 13:25:00","2010-03-02 13:25:00",1,123.39,647,1
"15928.0","2010-02-21 15:16:00","2010-02-21 15:16:00",1,293.53,656,1
"15929.0","2010-03-05 14:56:00","2010-03-05 14:56:00",1,594.0,644,1
"15930.0","2011-10-03 14:52:00","2011-10-03 14:52:00",1,426.63,67,1
"15931.0","2010-10-07 16:46:00","2010-10-07 16:46:00",1,239.9,428,1
"15932.0","2011-02-23 14:50:00","2011-12-05 17:13:00",8,2495.87,4,0
"15933.0","2011-09-14 12:05:00","2011-11-18 13:14:00",3,1107.46,21,0
"15934.0","2010-10-06 12:08:00","2010-10-18 10:13:00",2,2190.66,417,1
"15935.0","2011-04-14 13:27:00","2011-04-14 13:27:00",1,108.04,239,1
"15936.0","2010-08-29 11:42:00","2010-11-25 16:39:00",2,282.79,379,1
"15937.0","2011-10-06 15:48:00","2011-10-06 15:48:00",1,145.35,64,1
"15938.0","2010-06-01 09:42:00","2011-08-19 12:56:00",9,734.81,112,1
"15939.0","2010-11-30 12:07:00","2011-09-11 11:30:00",15,9004.84,89,1
"15940.0","2011-02-01 16:18:00","2011-02-01 16:18:00",1,35.8,311,1
"15941.0","2010-03-12 14:45:00","2010-03-12 14:45:00",1,405.0,637,1
"15942.0","2011-07-29 09:01:00","2011-07-29 09:01:00",1,337.44,133,1
"15943.0","2010-01-31 11:04:00","2010-02-28 12:49:00",2,271.29,649,1
"15944.0","2009-12-13 12:57:00","2011-03-08 10:33:00",4,2164.24,276,1
"15945.0","2009-12-01 13:47:00","2010-12-09 13:14:00",4,827.27,365,1
"15946.0","2010-03-16 10:49:00","2010-07-25 12:18:00",3,2304.18,502,1
"15947.0","2011-09-18 10:46:00","2011-09-18 10:46:00",1,1708.24,82,1
"15948.0","2010-10-11 12:16:00","2011-12-01 15:32:00",3,1509.09,8,0
"15949.0","2011-09-29 17:34:00","2011-11-23 09:09:00",2,364.72,16,0
"15950.0","2010-01-26 11:39:00","2011-11-08 11:09:00",10,7180.71,31,1
"15951.0","2010-11-23 18:20:00","2011-12-01 08:34:00",3,1013.17,8,0
"15952.0","2011-04-28 12:55:00","2011-11-06 11:18:00",4,806.57,33,1
"15953.0","2009-12-03 14:00:00","2011-11-24 15:32:00",18,3669.55,15,0
"15954.0","2010-04-29 13:35:00","2010-04-29 13:35:00",1,187.8,589,1
"15955.0","2010-02-23 16:36:00","2011-11-15 14:15:00",22,8658.36,24,0
"15956.0","2009-12-13 11:16:00","2010-06-06 13:06:00",2,617.6,551,1
"15957.0","2010-10-15 12:11:00","2011-11-08 12:14:00",3,930.1,31,1
"15958.0","2010-06-07 10:59:00","2011-09-26 13:41:00",4,492.99,74,1
"15959.0","2010-01-26 16:19:00","2010-01-26 16:38:00",3,579.49,682,1
"15960.0","2010-09-30 15:50:00","2010-11-30 15:57:00",4,410.95,374,1
"15961.0","2010-11-25 15:59:00","2010-11-25 15:59:00",1,451.29,379,1
"15962.0","2010-09-16 13:48:00","2010-09-16 13:48:00",1,295.83,449,1
"15963.0","2011-10-25 13:05:00","2011-11-20 11:33:00",2,470.76,19,0
"15964.0","2010-02-14 15:30:00","2010-02-14 15:30:00",1,272.96,663,1
"15965.0","2009-12-03 11:45:00","2011-11-22 16:44:00",13,3013.09,17,0
"15966.0","2010-09-15 10:44:00","2010-09-15 10:44:00",1,426.53,450,1
"15967.0","2009-12-01 13:29:00","2011-11-16 15:41:00",12,3041.6,23,0
"15968.0","2010-11-16 13:04:00","2010-11-16 13:04:00",1,415.3,388,1
"15969.0","2010-07-05 13:10:00","2011-12-07 11:06:00",5,1127.05,2,0
"15970.0","2010-04-20 11:30:00","2011-02-09 12:08:00",2,1017.32,303,1
"15971.0","2009-12-08 09:46:00","2011-11-22 12:50:00",18,5897.88,17,0
"15972.0","2010-04-18 14:06:00","2010-09-09 13:20:00",5,1810.27,456,1
"15973.0","2010-10-07 08:33:00","2010-12-08 11:42:00",2,973.44,366,1
"15974.0","2011-02-24 10:10:00","2011-10-31 13:13:00",7,3442.15,39,1
"15975.0","2011-09-16 13:33:00","2011-09-16 13:33:00",1,371.01,84,1
"15976.0","2010-06-06 14:01:00","2011-06-27 13:00:00",6,1732.54,165,1
"15977.0","2011-10-31 16:24:00","2011-11-22 13:29:00",2,1054.73,17,0
"15978.0","2010-03-05 14:39:00","2011-09-23 15:21:00",3,3279.42,77,1
"15979.0","2010-04-16 11:35:00","2010-04-16 11:35:00",1,329.22,602,1
"15980.0","2010-06-01 14:40:00","2011-09-12 09:41:00",7,6593.68,88,1
"15981.0","2010-03-29 10:07:00","2011-11-15 08:00:00",21,9362.77,24,0
"15982.0","2010-04-13 15:47:00","2010-04-13 15:47:00",1,324.51,605,1
"15983.0","2009-12-06 12:52:00","2011-11-17 17:34:00",8,3958.82,22,0
"15984.0","2009-12-01 13:38:00","2011-12-07 12:16:00",30,8759.32,2,0
"15985.0","2010-05-27 15:51:00","2011-08-08 16:31:00",7,2715.28,123,1
"15986.0","2010-11-23 10:02:00","2011-11-09 15:17:00",2,354.42,30,0
"15987.0","2010-11-25 12:56:00","2011-11-27 15:38:00",8,1682.13,12,0
"15988.0","2010-02-21 11:36:00","2011-11-20 13:23:00",3,767.59,19,0
"15989.0","2009-12-02 15:51:00","2010-11-29 12:03:00",2,372.51,375,1
"15990.0","2010-02-28 12:30:00","2011-10-26 15:58:00",7,2010.05,44,1
"15991.0","2010-06-23 15:50:00","2010-06-23 15:50:00",1,150.55,534,1
"15992.0","2010-09-12 11:52:00","2011-12-06 11:00:00",3,896.6,3,0
"15993.0","2011-10-26 16:21:00","2011-12-01 10:45:00",7,2788.87,8,0
"15994.0","2010-03-14 11:55:00","2011-10-16 12:28:00",3,1202.18,54,1
"15995.0","2010-10-21 13:57:00","2010-10-21 13:57:00",1,696.19,414,1
"15996.0","2010-11-07 15:49:00","2011-09-12 15:14:00",7,1686.9,88,1
"15998.0","2009-12-01 11:45:00","2011-11-03 12:45:00",16,8308.34,36,1
"15999.0","2009-12-04 12:31:00","2009-12-04 12:31:00",1,20.4,735,1
"16000.0","2011-12-07 12:14:00","2011-12-07 12:17:00",3,12393.7,2,0
"16001.0","2010-11-23 17:10:00","2010-11-23 17:10:00",1,583.39,381,1
"16002.0","2010-03-24 13:08:00","2010-03-24 13:08:00",1,169.21,625,1
"16003.0","2009-12-03 18:51:00","2011-11-10 09:57:00",10,5613.83,29,0
"16004.0","2010-01-25 13:56:00","2010-08-22 11:48:00",5,2146.39,474,1
"16005.0","2010-09-15 13:21:00","2011-11-27 13:47:00",10,2435.8,12,0
"16006.0","2010-11-17 12:03:00","2011-05-12 13:12:00",2,347.17,211,1
"16007.0","2010-06-14 13:18:00","2011-10-23 11:05:00",7,3075.14,47,1
"16008.0","2010-03-19 11:07:00","2011-11-16 10:32:00",15,5384.13,23,0
"16009.0","2011-07-03 11:26:00","2011-11-17 16:51:00",4,992.71,22,0
"16010.0","2010-10-24 10:54:00","2011-04-08 10:14:00",11,1724.06,245,1
"16011.0","2009-12-01 12:02:00","2011-12-01 16:31:00",29,5878.76,8,0
"16012.0","2010-06-28 11:39:00","2011-11-04 13:25:00",5,2989.79,35,1
"16013.0","2009-12-08 10:24:00","2011-12-06 10:36:00",84,57446.44,3,0
"16014.0","2010-01-31 12:43:00","2011-11-02 12:04:00",5,1130.27,37,1
"16015.0","2011-10-21 12:56:00","2011-12-06 10:58:00",3,705.1,3,0
"16016.0","2010-11-02 13:27:00","2011-12-06 14:35:00",11,2533.94,3,0
"16017.0","2010-01-05 12:06:00","2011-10-23 12:56:00",5,1553.83,47,1
"16018.0","2009-12-07 13:57:00","2011-10-31 14:13:00",4,698.13,39,1
"16019.0","2009-12-14 14:12:00","2011-10-24 11:51:00",27,17465.85,46,1
"16020.0","2011-10-05 13:54:00","2011-11-23 11:18:00",3,851.01,16,0
"16021.0","2010-06-13 11:05:00","2010-11-09 14:48:00",2,532.25,395,1
"16022.0","2011-03-24 13:16:00","2011-03-24 13:16:00",1,628.28,260,1
"16023.0","2011-03-18 13:32:00","2011-10-24 16:34:00",3,719.81,46,1
"16024.0","2010-10-24 11:40:00","2011-11-27 13:26:00",3,478.92,12,0
"16025.0","2011-11-10 11:45:00","2011-11-10 11:45:00",1,439.66,29,0
"16026.0","2011-10-27 13:53:00","2011-10-27 13:53:00",1,236.09,43,1
"16027.0","2010-01-08 13:21:00","2011-09-09 10:47:00",15,2048.36,91,1
"16028.0","2010-04-23 11:45:00","2010-04-23 11:45:00",1,82.2,595,1
"16029.0","2009-12-08 11:23:00","2011-11-01 10:27:00",106,114066.39,38,1
"16030.0","2011-02-03 11:28:00","2011-02-03 11:28:00",1,331.24,309,1
"16031.0","2011-04-06 14:23:00","2011-09-08 13:07:00",2,548.94,92,1
"16032.0","2010-07-04 13:31:00","2010-09-09 18:00:00",6,1970.45,456,1
"16033.0","2010-08-11 16:44:00","2011-12-04 12:44:00",27,10836.13,5,0
"16034.0","2010-10-26 13:00:00","2011-05-27 16:17:00",6,928.72,196,1
"16035.0","2010-05-28 15:09:00","2010-05-28 15:09:00",1,217.73,560,1
"16036.0","2010-03-29 14:47:00","2011-09-13 14:53:00",4,2556.84,87,1
"16037.0","2010-03-01 12:31:00","2011-03-15 09:13:00",5,1509.34,269,1
"16038.0","2011-05-22 11:29:00","2011-12-02 12:40:00",3,471.78,7,0
"16039.0","2010-03-21 15:17:00","2010-10-12 10:44:00",2,456.4,423,1
"16040.0","2010-04-09 10:12:00","2011-10-05 13:47:00",7,2416.9,65,1
"16041.0","2011-07-21 16:27:00","2011-11-09 12:25:00",3,3166.4,30,0
"16042.0","2010-09-12 12:00:00","2011-11-17 17:50:00",8,2265.12,22,0
"16043.0","2010-08-15 11:26:00","2011-11-02 12:50:00",8,1856.59,37,1
"16044.0","2010-09-30 18:12:00","2010-09-30 18:12:00",1,340.84,435,1
"16045.0","2010-07-29 12:50:00","2011-08-12 12:41:00",8,3434.93,119,1
"16046.0","2010-05-26 13:18:00","2010-05-26 13:18:00",1,235.78,562,1
"16048.0","2010-06-08 12:36:00","2010-12-01 15:28:00",4,1075.23,373,1
"16049.0","2010-07-11 13:53:00","2011-10-30 13:19:00",6,1899.68,40,1
"16050.0","2010-11-03 15:55:00","2011-06-19 11:44:00",3,300.7,173,1
"16051.0","2010-01-27 09:38:00","2010-01-27 09:38:00",1,188.44,681,1
"16052.0","2011-10-16 15:13:00","2011-10-16 15:13:00",1,362.06,54,1
"16053.0","2010-04-08 11:11:00","2011-11-07 11:21:00",6,3634.84,32,1
"16054.0","2010-04-01 18:37:00","2011-07-17 13:08:00",4,2111.88,145,1
"16055.0","2011-05-03 09:26:00","2011-05-03 09:26:00",1,134.8,220,1
"16056.0","2011-10-25 15:19:00","2011-10-25 15:19:00",1,664.85,45,1
"16057.0","2010-01-07 17:11:00","2011-11-23 15:23:00",10,3854.85,16,0
"16058.0","2010-10-29 16:48:00","2010-10-29 16:48:00",1,62.7,406,1
"16059.0","2010-05-19 13:04:00","2011-10-05 09:56:00",12,3217.77,65,1
"16060.0","2010-08-02 15:26:00","2010-11-04 12:10:00",3,541.95,400,1
"16061.0","2010-10-04 15:29:00","2010-10-04 15:29:00",1,89.65,431,1
"16062.0","2010-06-21 13:32:00","2011-11-30 12:15:00",8,2863.45,9,0
"16063.0","2011-03-24 14:55:00","2011-03-24 14:55:00",1,335.32,260,1
"16064.0","2009-12-14 16:11:00","2009-12-14 16:11:00",1,111.0,725,1
"16065.0","2010-09-02 13:27:00","2010-12-09 13:03:00",8,2382.62,365,1
"16066.0","2011-08-07 14:33:00","2011-11-23 11:54:00",5,1521.87,16,0
"16067.0","2010-02-02 18:01:00","2010-05-26 12:33:00",3,3395.29,562,1
"16068.0","2010-04-25 11:52:00","2010-04-25 11:52:00",1,122.93,593,1
"16069.0","2010-10-18 10:32:00","2010-10-18 10:32:00",1,457.7,417,1
"16070.0","2011-11-07 16:36:00","2011-11-17 15:50:00",2,852.15,22,0
"16071.0","2010-02-22 14:48:00","2011-10-26 11:14:00",4,1076.8,44,1
"16072.0","2010-06-08 16:47:00","2011-02-24 14:32:00",4,4328.89,288,1
"16073.0","2011-02-15 15:41:00","2011-02-15 15:41:00",1,122.4,297,1
"16074.0","2010-11-14 13:19:00","2010-11-14 13:19:00",1,265.25,390,1
"16075.0","2010-05-24 15:57:00","2010-07-25 11:31:00",2,736.93,502,1
"16076.0","2011-05-15 12:31:00","2011-12-06 14:59:00",10,2234.73,3,0
"16077.0","2010-03-24 10:42:00","2010-03-24 10:42:00",1,2300.4,625,1
"16078.0","2010-02-08 13:29:00","2011-03-01 09:47:00",2,362.99,283,1
"16079.0","2011-10-30 13:06:00","2011-11-23 12:48:00",3,1352.0,16,0
"16080.0","2010-09-15 14:19:00","2011-09-19 10:42:00",4,602.56,81,1
"16081.0","2010-02-03 12:46:00","2011-10-14 13:06:00",8,4460.18,56,1
"16082.0","2010-02-07 15:16:00","2010-02-07 15:16:00",1,106.75,670,1
"16083.0","2010-11-16 11:53:00","2011-08-31 10:47:00",4,2351.42,100,1
"16084.0","2011-02-13 16:05:00","2011-02-13 16:05:00",1,436.18,299,1
"16085.0","2010-01-20 14:03:00","2011-11-16 13:24:00",12,2327.21,23,0
"16086.0","2009-12-02 13:20:00","2011-10-11 13:09:00",10,2864.99,59,1
"16087.0","2010-01-19 12:30:00","2010-11-15 16:44:00",5,1739.92,389,1
"16088.0","2010-04-27 10:56:00","2010-05-13 10:16:00",2,1437.43,575,1
"16089.0","2010-07-18 15:51:00","2010-11-18 13:51:00",2,271.44,386,1
"16090.0","2010-03-25 13:05:00","2010-03-25 13:05:00",1,205.91,624,1
"16091.0","2011-05-25 09:18:00","2011-07-08 08:45:00",2,315.06,154,1
"16092.0","2010-05-09 16:10:00","2011-08-17 10:46:00",6,1587.94,114,1
"16093.0","2011-08-25 11:09:00","2011-08-25 11:09:00",1,17.0,106,1
"16094.0","2010-04-16 14:00:00","2011-11-28 12:45:00",11,3695.56,11,0
"16095.0","2010-09-09 16:54:00","2010-09-09 16:54:00",1,447.05,456,1
"16096.0","2010-03-04 15:44:00","2011-03-20 13:38:00",4,1584.97,264,1
"16097.0","2011-04-13 13:47:00","2011-04-13 13:47:00",1,185.05,240,1
"16098.0","2009-12-15 09:40:00","2011-09-13 09:59:00",14,4448.1,87,1
"16099.0","2010-03-03 11:13:00","2011-10-20 13:13:00",7,1573.2,50,1
"16100.0","2010-09-03 11:39:00","2010-09-03 11:39:00",1,582.64,462,1
"16101.0","2010-05-27 12:50:00","2011-09-30 10:18:00",4,3229.16,70,1
"16102.0","2011-08-03 12:50:00","2011-10-28 13:19:00",3,1842.14,42,1
"16103.0","2010-01-08 12:08:00","2011-12-02 14:16:00",22,6191.71,7,0
"16104.0","2009-12-06 10:41:00","2011-10-09 10:23:00",9,2778.61,61,1
"16105.0","2010-04-14 13:27:00","2011-04-05 10:13:00",5,2386.19,248,1
"16106.0","2011-10-05 10:37:00","2011-10-05 10:37:00",1,108.38,65,1
"16107.0","2011-06-09 18:42:00","2011-11-22 09:40:00",7,3204.16,17,0
"16108.0","2010-03-18 14:14:00","2011-09-16 11:48:00",4,2235.92,84,1
"16109.0","2010-01-10 10:37:00","2011-05-05 09:17:00",3,939.48,218,1
"16110.0","2010-07-05 13:04:00","2011-10-25 14:35:00",4,1819.27,45,1
"16111.0","2010-10-07 19:51:00","2010-10-07 19:51:00",1,562.48,428,1
"16112.0","2011-01-05 11:47:00","2011-07-19 14:28:00",4,195.74,143,1
"16113.0","2011-06-09 16:16:00","2011-06-09 16:16:00",1,161.38,183,1
"16114.0","2011-06-22 10:13:00","2011-06-22 10:13:00",1,135.75,170,1
"16115.0","2010-05-14 11:59:00","2011-11-30 11:32:00",12,2575.14,9,0
"16116.0","2011-05-12 12:01:00","2011-05-12 12:01:00",1,612.78,211,1
"16117.0","2010-04-27 11:50:00","2011-06-03 11:42:00",3,654.4,189,1
"16118.0","2010-02-25 09:40:00","2010-02-25 09:40:00",1,4376.25,652,1
"16119.0","2009-12-16 11:56:00","2011-12-01 15:11:00",8,1720.81,8,0
"16120.0","2010-10-13 15:07:00","2011-10-11 14:22:00",6,3056.91,59,1
"16121.0","2010-05-23 10:52:00","2011-10-13 12:59:00",5,1477.09,57,1
"16122.0","2010-10-10 15:26:00","2011-09-27 15:34:00",6,1001.34,73,1
"16123.0","2011-10-19 09:18:00","2011-10-19 09:18:00",1,307.78,51,1
"16124.0","2009-12-07 10:33:00","2011-01-26 14:45:00",4,1772.49,317,1
"16125.0","2009-12-14 15:38:00","2010-12-07 15:48:00",14,4587.65,367,1
"16126.0","2009-12-02 13:34:00","2011-11-10 16:03:00",15,14646.8,29,0
"16127.0","2009-12-13 12:19:00","2011-10-31 13:58:00",2,801.31,39,1
"16128.0","2010-07-16 16:30:00","2011-11-22 11:14:00",11,3801.05,17,0
"16129.0","2010-07-20 12:32:00","2010-10-28 14:29:00",3,1396.05,407,1
"16130.0","2010-04-01 13:58:00","2010-10-13 15:14:00",4,987.48,422,1
"16131.0","2009-12-02 10:09:00","2011-10-19 11:53:00",12,9957.42,51,1
"16132.0","2010-03-22 10:25:00","2010-06-13 13:49:00",2,664.2,544,1
"16133.0","2010-03-31 12:21:00","2011-12-06 11:24:00",56,22992.26,3,0
"16134.0","2010-06-17 09:48:00","2011-11-18 10:05:00",5,2145.34,21,0
"16135.0","2010-05-05 09:35:00","2011-03-22 12:30:00",2,819.45,262,1
"16136.0","2010-02-14 12:49:00","2011-10-11 09:10:00",4,946.8,59,1
"16137.0","2010-01-28 15:04:00","2010-01-28 15:04:00",1,422.7,680,1
"16138.0","2010-04-28 09:51:00","2010-11-26 12:13:00",3,910.35,378,1
"16139.0","2009-12-03 13:51:00","2011-11-21 08:37:00",5,1111.15,18,0
"16140.0","2010-09-24 12:03:00","2011-10-05 12:15:00",3,1557.6,65,1
"16141.0","2010-10-18 14:12:00","2011-09-12 13:11:00",2,955.94,88,1
"16142.0","2011-04-04 10:16:00","2011-04-04 10:16:00",1,535.34,249,1
"16143.0","2009-12-10 09:44:00","2011-12-06 14:13:00",12,4910.83,3,0
"16144.0","2011-04-07 10:09:00","2011-04-07 10:09:00",1,175.2,246,1
"16145.0","2010-05-04 13:31:00","2011-12-01 10:33:00",19,6805.44,8,0
"16146.0","2010-09-17 10:46:00","2011-07-05 14:20:00",4,946.38,157,1
"16147.0","2010-02-05 12:26:00","2011-07-29 09:57:00",5,2398.91,133,1
"16148.0","2010-09-29 10:12:00","2011-02-16 14:01:00",2,386.62,296,1
"16149.0","2010-10-06 15:54:00","2011-12-05 11:29:00",3,422.22,4,0
"16150.0","2009-12-17 15:33:00","2011-10-28 12:39:00",10,4395.59,42,1
"16152.0","2011-03-16 09:47:00","2011-03-16 09:47:00",1,1829.04,268,1
"16153.0","2010-05-26 12:41:00","2011-10-21 10:50:00",11,5133.49,49,1
"16155.0","2010-06-18 11:23:00","2010-11-23 12:03:00",5,796.9,381,1
"16156.0","2009-12-02 17:06:00","2011-12-01 12:42:00",20,6218.18,8,0
"16157.0","2011-09-28 11:48:00","2011-11-24 11:41:00",3,656.69,15,0
"16158.0","2009-12-05 15:00:00","2010-07-05 13:55:00",9,628.32,522,1
"16159.0","2009-12-03 11:51:00","2011-03-03 12:27:00",4,1232.79,281,1
"16160.0","2011-09-15 10:53:00","2011-10-05 14:19:00",2,1025.44,65,1
"16161.0","2010-02-08 11:06:00","2011-12-08 12:10:00",43,12831.8,1,0
"16162.0","2011-04-01 15:03:00","2011-04-01 15:03:00",1,37.4,252,1
"16163.0","2009-12-02 10:00:00","2011-04-21 15:15:00",6,2849.58,232,1
"16164.0","2011-10-28 09:12:00","2011-11-22 15:04:00",3,822.48,17,0
"16165.0","2010-07-22 14:17:00","2010-07-22 14:17:00",1,79.9,505,1
"16166.0","2010-01-17 14:16:00","2010-10-07 15:44:00",2,435.83,428,1
"16167.0","2009-12-01 10:46:00","2010-10-21 15:33:00",5,1386.12,414,1
"16168.0","2009-12-03 12:38:00","2011-11-29 12:45:00",66,10636.47,10,0
"16169.0","2011-09-25 11:33:00","2011-12-01 15:28:00",4,1822.97,8,0
"16170.0","2010-02-18 13:50:00","2011-10-20 08:21:00",20,6869.0,50,1
"16171.0","2011-10-11 14:51:00","2011-10-11 14:51:00",1,73.2,59,1
"16172.0","2010-07-14 15:34:00","2011-09-05 13:22:00",8,1884.55,95,1
"16173.0","2011-09-02 15:23:00","2011-11-24 10:53:00",6,1418.32,15,0
"16174.0","2010-04-15 15:12:00","2011-08-05 13:26:00",7,2246.75,126,1
"16175.0","2010-05-25 12:01:00","2011-09-06 14:32:00",7,1836.44,94,1
"16176.0","2010-03-29 14:52:00","2010-10-14 13:54:00",4,2052.69,421,1
"16177.0","2010-03-02 14:03:00","2011-10-20 12:57:00",8,2247.31,50,1
"16178.0","2010-11-03 14:46:00","2011-07-24 16:05:00",2,612.6,138,1
"16179.0","2011-10-10 09:41:00","2011-10-10 09:41:00",1,215.83,60,1
"16180.0","2010-06-23 13:19:00","2011-08-31 16:28:00",13,16249.87,100,1
"16181.0","2011-09-27 13:38:00","2011-09-27 13:38:00",1,305.54,73,1
"16182.0","2010-03-09 09:34:00","2011-09-28 13:23:00",9,9971.65,72,1
"16183.0","2010-10-28 14:43:00","2011-10-03 14:59:00",4,1077.81,67,1
"16184.0","2011-05-12 13:33:00","2011-10-06 17:43:00",6,1158.79,64,1
"16185.0","2010-05-24 11:04:00","2011-11-23 09:41:00",3,644.72,16,0
"16186.0","2009-12-09 15:36:00","2011-11-17 12:43:00",26,9026.11,22,0
"16187.0","2011-02-28 13:34:00","2011-11-08 09:50:00",15,6911.44,31,1
"16188.0","2010-10-27 11:50:00","2011-10-26 12:19:00",5,1087.66,44,1
"16189.0","2011-09-15 15:21:00","2011-11-24 11:47:00",2,215.48,15,0
"16190.0","2009-12-14 11:59:00","2011-10-30 15:59:00",8,2723.55,40,1
"16191.0","2009-12-11 12:24:00","2011-12-07 11:26:00",24,15688.02,2,0
"16192.0","2009-12-04 12:28:00","2009-12-04 12:28:00",1,351.3,735,1
"16193.0","2010-10-25 10:25:00","2011-04-17 11:45:00",2,630.43,236,1
"16194.0","2010-11-29 13:28:00","2010-11-29 13:28:00",1,308.6,375,1
"16195.0","2009-12-16 14:09:00","2009-12-16 14:09:00",1,323.25,723,1
"16196.0","2010-08-08 11:40:00","2010-08-08 11:40:00",1,93.3,488,1
"16197.0","2009-12-16 11:44:00","2010-08-27 12:56:00",9,2016.71,469,1
"16198.0","2010-09-28 13:59:00","2011-09-25 14:58:00",2,1030.04,75,1
"16199.0","2010-03-18 18:47:00","2010-11-12 12:55:00",7,942.75,392,1
"16200.0","2009-12-02 15:04:00","2011-12-05 14:40:00",12,5643.45,4,0
"16201.0","2010-10-20 12:00:00","2011-12-06 16:02:00",5,2112.12,3,0
"16202.0","2009-12-02 10:48:00","2010-12-14 10:43:00",9,2501.99,360,1
"16203.0","2010-07-23 13:09:00","2011-10-12 12:31:00",6,1114.54,58,1
"16204.0","2009-12-08 17:44:00","2011-11-16 13:40:00",3,944.24,23,0
"16205.0","2010-06-15 11:58:00","2011-11-09 09:32:00",7,1824.01,30,0
"16206.0","2010-01-24 15:25:00","2011-10-16 10:41:00",13,2589.57,54,1
"16207.0","2011-11-14 13:51:00","2011-11-14 13:51:00",1,394.38,25,0
"16208.0","2010-02-24 14:24:00","2011-10-26 11:36:00",10,3440.45,44,1
"16209.0","2010-06-11 11:58:00","2011-09-12 11:58:00",9,4146.78,88,1
"16210.0","2009-12-02 12:54:00","2011-12-08 12:36:00",33,38469.51,1,0
"16211.0","2010-09-27 15:24:00","2011-09-12 12:11:00",3,1090.59,88,1
"16212.0","2010-02-07 15:26:00","2011-11-20 13:00:00",4,1293.71,19,0
"16213.0","2011-09-22 10:03:00","2011-09-22 10:03:00",1,159.0,78,1
"16214.0","2010-09-30 13:57:00","2011-06-22 11:30:00",4,2038.25,170,1
"16215.0","2011-09-20 10:18:00","2011-09-20 10:18:00",1,242.35,80,1
"16216.0","2011-03-17 15:34:00","2011-03-17 15:34:00",1,914.93,267,1
"16217.0","2011-03-02 15:28:00","2011-04-18 13:31:00",2,304.25,235,1
"16218.0","2010-05-27 16:09:00","2011-11-10 09:59:00",13,4439.97,29,0
"16219.0","2010-07-27 11:44:00","2010-07-27 11:44:00",1,40.8,500,1
"16221.0","2010-08-10 13:32:00","2011-11-03 11:43:00",9,2234.06,36,1
"16222.0","2009-12-18 14:31:00","2011-01-25 13:38:00",2,1345.22,318,1
"16223.0","2010-11-09 12:07:00","2010-11-30 11:50:00",2,1102.35,374,1
"16224.0","2010-11-17 13:14:00","2011-10-13 17:51:00",5,1616.54,57,1
"16225.0","2010-02-07 12:41:00","2011-10-26 08:30:00",15,2867.41,44,1
"16226.0","2010-10-22 11:19:00","2011-05-20 14:41:00",5,672.17,203,1
"16227.0","2010-06-22 13:28:00","2011-04-28 13:33:00",3,1027.22,225,1
"16228.0","2010-11-04 18:54:00","2010-11-19 14:20:00",3,890.81,385,1
"16229.0","2010-05-24 12:59:00","2011-09-13 17:16:00",6,2867.86,87,1
"16230.0","2011-05-03 15:12:00","2011-06-03 10:06:00",2,542.03,189,1
"16231.0","2010-04-21 12:06:00","2010-11-25 15:00:00",4,1078.22,379,1
"16232.0","2010-06-07 14:04:00","2011-10-27 12:16:00",7,2712.97,43,1
"16233.0","2009-12-02 13:23:00","2011-09-29 17:27:00",9,1965.71,71,1
"16234.0","2010-05-27 10:39:00","2010-08-20 14:33:00",3,333.18,476,1
"16235.0","2010-08-26 12:10:00","2011-10-30 10:56:00",8,2043.71,40,1
"16236.0","2011-09-22 14:10:00","2011-09-22 14:10:00",1,432.2,78,1
"16237.0","2010-09-28 17:02:00","2010-09-28 17:02:00",1,136.65,437,1
"16238.0","2010-10-13 12:36:00","2010-10-13 12:36:00",1,63.66,422,1
"16239.0","2010-09-02 19:17:00","2011-10-14 08:29:00",6,1492.2,56,1
"16240.0","2011-09-23 13:44:00","2011-11-15 14:30:00",2,3718.8,24,0
"16241.0","2010-10-25 13:40:00","2011-11-30 11:08:00",16,4326.26,9,0
"16242.0","2010-03-15 16:02:00","2011-12-01 15:12:00",14,7474.4,8,0
"16243.0","2011-10-16 12:09:00","2011-11-06 12:32:00",2,409.1,33,1
"16244.0","2010-12-02 11:41:00","2011-05-12 10:18:00",2,2579.38,211,1
"16245.0","2011-03-28 09:30:00","2011-11-16 10:14:00",3,1413.66,23,0
"16246.0","2010-02-08 12:32:00","2010-09-06 12:04:00",2,827.25,459,1
"16247.0","2011-06-22 14:23:00","2011-06-22 14:23:00",1,114.56,170,1
"16248.0","2011-10-09 11:32:00","2011-10-09 11:32:00",1,152.94,61,1
"16249.0","2011-04-14 13:50:00","2011-10-18 10:07:00",5,1800.07,52,1
"16250.0","2010-11-18 10:43:00","2011-03-23 15:07:00",3,791.38,261,1
"16251.0","2010-07-15 14:55:00","2010-07-15 14:55:00",1,128.31,512,1
"16252.0","2010-11-22 11:57:00","2010-11-22 11:57:00",1,295.09,382,1
"16253.0","2009-12-08 17:24:00","2011-10-04 09:09:00",7,7310.15,66,1
"16254.0","2010-03-17 15:43:00","2010-11-26 13:22:00",3,985.14,378,1
"16255.0","2010-01-24 12:21:00","2011-11-23 12:40:00",15,4906.8,16,0
"16256.0","2010-04-21 10:34:00","2011-03-18 12:18:00",3,1629.37,266,1
"16257.0","2011-06-16 10:11:00","2011-06-16 10:11:00",1,46.95,176,1
"16258.0","2010-03-10 14:19:00","2011-10-25 13:30:00",15,11942.52,45,1
"16259.0","2010-04-13 16:57:00","2010-10-25 14:27:00",3,361.94,410,1
"16260.0","2011-10-20 09:40:00","2011-10-20 09:40:00",1,1035.45,50,1
"16261.0","2010-09-23 16:40:00","2011-11-22 17:23:00",6,1059.45,17,0
"16262.0","2010-11-26 13:22:00","2010-11-26 13:22:00",1,755.15,378,1
"16263.0","2010-10-12 14:52:00","2010-10-12 14:52:00",1,351.01,423,1
"16264.0","2010-09-19 16:14:00","2010-09-27 15:00:00",2,837.53,438,1
"16265.0","2010-10-28 15:18:00","2011-11-30 16:41:00",12,6935.17,9,0
"16266.0","2010-02-04 16:21:00","2011-09-27 12:08:00",14,1757.95,73,1
"16267.0","2010-04-27 14:10:00","2010-04-27 14:10:00",1,186.66,591,1
"16268.0","2011-09-29 18:30:00","2011-09-29 18:30:00",2,667.65,71,1
"16269.0","2010-09-28 11:50:00","2010-09-28 11:50:00",1,717.57,437,1
"16270.0","2010-12-21 14:26:00","2010-12-21 14:26:00",1,1141.24,353,1
"16271.0","2010-03-07 12:03:00","2011-11-24 12:12:00",8,3433.02,15,0
"16272.0","2011-08-15 10:53:00","2011-08-15 10:53:00",1,411.7,116,1
"16273.0","2010-02-21 16:02:00","2010-03-01 13:24:00",2,336.04,648,1
"16274.0","2010-12-01 15:35:00","2010-12-01 15:35:00",1,675.5,373,1
"16275.0","2010-03-08 14:41:00","2011-05-27 12:41:00",3,2151.11,196,1
"16276.0","2010-04-11 12:02:00","2011-06-16 09:34:00",3,2629.39,176,1
"16277.0","2009-12-06 11:27:00","2009-12-06 11:27:00",1,188.69,733,1
"16278.0","2010-07-28 15:40:00","2011-08-31 17:12:00",3,1117.84,100,1
"16279.0","2010-04-22 14:09:00","2011-11-18 15:00:00",9,5705.08,21,0
"16280.0","2009-12-14 15:49:00","2009-12-14 15:49:00",1,238.05,725,1
"16281.0","2010-01-26 13:41:00","2011-09-28 14:57:00",3,3424.02,72,1
"16282.0","2009-12-21 11:52:00","2011-01-04 11:42:00",3,1307.58,339,1
"16283.0","2010-02-28 14:12:00","2011-12-04 12:08:00",8,4402.12,5,0
"16284.0","2010-11-11 13:27:00","2011-11-08 16:12:00",3,1029.77,31,1
"16285.0","2010-03-03 16:03:00","2010-03-03 16:03:00",1,176.9,646,1
"16286.0","2010-03-26 09:58:00","2010-08-19 14:48:00",2,328.95,477,1
"16287.0","2010-01-19 09:46:00","2011-06-23 09:08:00",5,1006.98,169,1
"16288.0","2010-08-26 14:45:00","2010-08-26 14:45:00",1,129.85,470,1
"16289.0","2010-09-03 14:02:00","2010-09-03 14:02:00",1,136.31,462,1
"16290.0","2010-05-23 11:46:00","2010-09-01 11:52:00",4,2069.3,464,1
"16292.0","2010-04-14 13:29:00","2011-08-10 12:24:00",5,1253.76,121,1
"16293.0","2009-12-11 09:58:00","2011-11-18 09:58:00",15,4657.95,21,0
"16294.0","2010-08-20 12:01:00","2010-08-20 12:01:00",1,126.05,476,1
"16295.0","2011-10-06 10:45:00","2011-11-30 08:17:00",4,1328.55,9,0
"16296.0","2009-12-18 12:03:00","2010-03-23 13:11:00",4,1313.67,626,1
"16297.0","2011-03-16 08:29:00","2011-03-16 08:29:00",1,301.9,268,1
"16298.0","2010-09-23 15:23:00","2011-11-17 11:59:00",7,1085.7,22,0
"16299.0","2010-08-19 17:46:00","2010-08-19 17:46:00",1,193.65,477,1
"16300.0","2010-02-02 11:40:00","2010-10-05 13:14:00",3,1392.43,430,1
"16301.0","2009-12-03 10:20:00","2009-12-03 10:20:00",1,107.33,736,1
"16302.0","2011-08-05 09:44:00","2011-08-05 09:44:00",1,233.22,126,1
"16303.0","2010-03-18 14:12:00","2011-11-14 10:49:00",7,7928.27,25,0
"16304.0","2010-01-14 08:30:00","2010-01-14 08:30:00",1,381.66,694,1
"16305.0","2011-07-24 12:18:00","2011-07-24 12:18:00",1,361.22,138,1
"16306.0","2010-10-01 09:36:00","2011-05-10 12:12:00",7,1192.82,213,1
"16307.0","2010-05-11 14:40:00","2010-10-06 14:31:00",3,1194.92,429,1
"16308.0","2009-12-15 15:48:00","2011-11-02 11:24:00",7,5120.0,37,1
"16309.0","2011-04-13 11:46:00","2011-08-25 15:35:00",2,706.57,106,1
"16310.0","2010-03-07 15:41:00","2010-10-21 14:47:00",2,460.08,414,1
"16311.0","2011-10-21 13:13:00","2011-11-22 08:54:00",2,616.26,17,0
"16312.0","2010-10-03 14:15:00","2010-10-03 14:15:00",1,171.15,432,1
"16313.0","2011-10-21 09:04:00","2011-12-06 13:02:00",2,274.15,3,0
"16314.0","2010-08-24 11:52:00","2010-11-15 12:06:00",3,1491.4,389,1
"16315.0","2010-06-21 13:53:00","2011-01-13 11:57:00",2,402.71,330,1
"16316.0","2010-08-03 14:38:00","2011-10-06 13:48:00",13,5744.91,64,1
"16317.0","2010-05-04 10:17:00","2011-08-12 12:46:00",5,2192.51,119,1
"16318.0","2011-11-04 13:05:00","2011-11-04 13:05:00",1,328.15,35,1
"16319.0","2011-05-06 11:27:00","2011-05-06 11:27:00",1,404.4,217,1
"16320.0","2010-01-27 13:29:00","2011-06-20 15:25:00",6,5628.99,172,1
"16321.0","2009-12-01 10:36:00","2011-09-28 14:55:00",7,604.55,72,1
"16322.0","2011-11-03 14:33:00","2011-12-08 15:41:00",2,326.75,1,0
"16323.0","2010-05-11 09:48:00","2011-05-27 14:48:00",2,353.66,196,1
"16324.0","2011-06-15 14:26:00","2011-08-03 12:58:00",3,428.68,128,1
"16325.0","2009-12-04 13:21:00","2011-10-24 08:48:00",12,3597.5,46,1
"16326.0","2010-01-28 13:23:00","2011-12-04 10:11:00",24,4731.99,5,0
"16327.0","2009-12-14 13:06:00","2011-11-25 13:23:00",16,10670.14,14,0
"16328.0","2010-05-25 14:02:00","2010-05-25 14:02:00",1,310.83,563,1
"16329.0","2009-12-01 11:34:00","2010-10-08 12:44:00",4,1703.07,427,1
"16330.0","2010-02-15 12:36:00","2011-11-22 12:24:00",7,634.33,17,0
"16331.0","2010-03-07 10:55:00","2010-10-03 13:47:00",6,2037.7,432,1
"16332.0","2010-04-29 13:41:00","2011-11-11 14:22:00",11,2007.89,28,0
"16333.0","2011-02-03 10:50:00","2011-12-02 12:19:00",22,26626.8,7,0
"16334.0","2010-08-04 16:38:00","2010-08-04 16:38:00",1,277.48,492,1
"16335.0","2009-12-04 10:18:00","2010-06-06 11:35:00",7,2774.0,551,1
"16336.0","2010-03-18 08:05:00","2010-10-15 12:32:00",4,3517.69,420,1
"16337.0","2011-11-03 10:03:00","2011-11-03 10:03:00",1,151.05,36,1
"16338.0","2011-07-05 13:56:00","2011-07-05 13:56:00",1,214.8,157,1
"16339.0","2011-02-28 13:41:00","2011-02-28 13:41:00",1,109.95,284,1
"16340.0","2010-06-06 13:26:00","2011-08-24 14:53:00",3,1526.06,107,1
"16341.0","2010-04-09 10:30:00","2011-11-15 09:12:00",7,3850.79,24,0
"16342.0","2011-06-13 10:10:00","2011-09-25 14:36:00",4,322.41,75,1
"16343.0","2010-10-28 14:15:00","2011-11-23 17:45:00",3,687.07,16,0
"16344.0","2010-02-09 12:16:00","2011-07-04 15:50:00",4,842.42,158,1
"16345.0","2010-08-13 17:13:00","2011-10-26 16:03:00",2,1198.74,44,1
"16346.0","2010-11-19 15:55:00","2010-11-19 15:55:00",1,224.51,385,1
"16347.0","2010-03-12 12:41:00","2011-11-28 13:14:00",11,3509.41,11,0
"16348.0","2010-10-05 13:57:00","2011-11-07 15:44:00",8,1795.88,32,1
"16349.0","2011-02-22 12:40:00","2011-02-22 12:40:00",1,53.5,290,1
"16350.0","2010-10-07 16:33:00","2011-11-18 15:53:00",9,2253.89,21,0
"16351.0","2009-12-04 16:12:00","2011-01-11 10:26:00",13,3330.03,332,1
"16352.0","2011-11-02 08:44:00","2011-11-22 10:32:00",2,494.44,17,0
"16353.0","2009-12-07 13:55:00","2011-12-06 12:23:00",38,9999.46,3,0
"16354.0","2010-04-27 13:33:00","2011-10-07 14:28:00",5,1129.51,63,1
"16355.0","2010-11-29 14:21:00","2010-11-29 14:21:00",1,416.35,375,1
"16356.0","2010-06-06 11:26:00","2011-05-26 11:51:00",6,415.87,197,1
"16357.0","2010-11-23 18:52:00","2011-11-06 16:04:00",4,868.37,33,1
"16358.0","2010-11-10 11:36:00","2011-12-08 15:09:00",5,2919.65,1,0
"16359.0","2010-02-16 10:39:00","2011-12-02 17:04:00",16,2697.75,7,0
"16360.0","2011-09-12 13:50:00","2011-12-05 12:16:00",6,3512.53,4,0
"16361.0","2011-09-29 13:13:00","2011-11-30 12:32:00",4,896.66,9,0
"16362.0","2010-09-28 09:24:00","2011-11-07 13:01:00",6,946.94,32,1
"16363.0","2011-10-17 14:14:00","2011-10-17 14:14:00",1,109.36,53,1
"16364.0","2011-07-25 14:35:00","2011-11-28 11:27:00",2,707.04,11,0
"16365.0","2009-12-11 12:41:00","2011-11-22 11:24:00",15,3307.2,17,0
"16366.0","2009-12-16 10:39:00","2011-11-21 08:19:00",4,1548.13,18,0
"16367.0","2010-11-21 13:23:00","2011-11-02 13:13:00",3,1362.4,37,1
"16368.0","2010-09-30 11:30:00","2011-12-07 13:12:00",3,640.21,2,0
"16369.0","2010-04-07 16:52:00","2011-11-21 16:25:00",7,2662.73,18,0
"16370.0","2011-04-28 16:40:00","2011-09-18 15:55:00",4,1320.56,82,1
"16371.0","2010-09-17 12:09:00","2010-09-17 12:09:00",1,157.2,448,1
"16372.0","2010-04-11 15:20:00","2011-11-06 13:08:00",5,1328.61,33,1
"16373.0","2010-10-24 13:10:00","2010-11-22 15:50:00",2,309.49,382,1
"16374.0","2010-04-30 13:10:00","2011-10-04 15:21:00",5,1757.6,66,1
"16375.0","2010-08-26 14:12:00","2010-08-26 14:25:00",2,104.0,470,1
"16376.0","2011-11-22 16:47:00","2011-12-01 11:38:00",2,987.01,8,0
"16377.0","2010-04-01 10:36:00","2011-03-17 15:41:00",2,1308.48,267,1
"16378.0","2011-02-02 12:42:00","2011-04-06 15:07:00",3,362.95,247,1
"16379.0","2011-09-22 09:33:00","2011-12-05 15:38:00",4,2157.4,4,0
"16380.0","2011-10-09 15:40:00","2011-10-09 15:40:00",1,1780.59,61,1
"16381.0","2010-10-17 13:06:00","2010-11-09 09:56:00",2,258.7,395,1
"16382.0","2010-06-07 12:42:00","2010-10-27 16:23:00",2,353.1,408,1
"16383.0","2010-02-04 13:18:00","2011-09-26 12:45:00",7,2966.14,74,1
"16384.0","2010-04-28 14:01:00","2011-09-11 11:19:00",4,1358.95,89,1
"16385.0","2010-03-18 12:45:00","2011-10-10 13:12:00",5,1030.61,60,1
"16386.0","2010-11-17 11:19:00","2011-11-11 12:28:00",3,1102.59,28,0
"16387.0","2010-03-11 12:22:00","2011-01-21 11:34:00",5,918.55,322,1
"16388.0","2010-02-24 10:20:00","2010-02-24 10:20:00",1,186.05,653,1
"16389.0","2011-03-01 15:47:00","2011-10-17 14:41:00",4,1382.07,53,1
"16390.0","2010-01-29 15:25:00","2010-06-21 10:11:00",3,467.5,536,1
"16391.0","2010-05-27 11:27:00","2010-11-04 12:27:00",4,1100.21,400,1
"16392.0","2010-05-27 11:17:00","2011-03-15 12:11:00",3,761.8,269,1
"16393.0","2009-12-01 12:13:00","2011-12-07 12:51:00",23,5561.66,2,0
"16394.0","2011-02-23 10:58:00","2011-10-14 09:48:00",5,1555.34,56,1
"16395.0","2009-12-06 12:26:00","2011-10-10 12:50:00",14,3537.0,60,1
"16396.0","2010-08-20 14:17:00","2010-08-20 14:17:00",1,137.8,476,1
"16397.0","2010-03-21 15:36:00","2010-03-21 15:36:00",1,127.88,628,1
"16398.0","2011-03-31 09:38:00","2011-07-08 15:16:00",2,1705.8,154,1
"16399.0","2010-11-15 15:03:00","2011-11-20 16:12:00",3,640.02,19,0
"16400.0","2009-12-08 12:38:00","2011-09-06 12:27:00",9,3159.44,94,1
"16401.0","2010-06-02 13:13:00","2011-12-08 18:15:00",23,6847.45,1,0
"16402.0","2010-12-05 13:42:00","2011-03-20 12:25:00",2,511.4,264,1
"16403.0","2011-01-31 13:39:00","2011-01-31 13:39:00",1,177.5,312,1
"16404.0","2011-09-30 14:55:00","2011-09-30 14:55:00",1,443.05,70,1
"16405.0","2011-02-02 17:08:00","2011-02-10 15:24:00",2,167.25,302,1
"16406.0","2010-02-24 11:51:00","2011-11-21 11:57:00",3,552.68,18,0
"16407.0","2010-10-03 13:56:00","2011-11-27 11:05:00",14,2821.65,12,0
"16408.0","2010-04-27 14:08:00","2010-04-27 14:08:00",1,231.93,591,1
"16409.0","2009-12-13 15:38:00","2011-11-03 16:45:00",12,5709.04,36,1
"16410.0","2009-12-05 14:51:00","2009-12-05 14:51:00",1,130.32,734,1
"16411.0","2010-10-07 15:09:00","2011-11-20 13:23:00",4,910.19,19,0
"16412.0","2010-02-04 13:46:00","2011-10-17 12:35:00",5,647.23,53,1
"16413.0","2010-11-29 12:49:00","2011-10-14 12:08:00",2,528.98,56,1
"16414.0","2010-01-14 10:21:00","2011-11-18 09:42:00",5,559.71,21,0
"16415.0","2010-02-01 12:30:00","2011-10-26 13:35:00",3,719.44,44,1
"16416.0","2010-02-23 12:00:00","2011-11-13 12:50:00",9,2972.88,26,0
"16417.0","2010-08-04 09:08:00","2010-08-04 09:08:00",1,35.7,492,1
"16418.0","2010-10-13 12:31:00","2011-10-26 12:39:00",5,1101.94,44,1
"16419.0","2010-02-09 13:26:00","2011-08-19 12:33:00",8,1487.42,112,1
"16420.0","2010-11-08 15:15:00","2010-11-08 15:15:00",1,75.0,396,1
"16421.0","2010-08-27 12:02:00","2010-11-28 13:31:00",3,526.27,376,1
"16422.0","2010-01-12 11:57:00","2011-11-22 14:00:00",108,63459.47,17,0
"16423.0","2011-11-15 09:21:00","2011-11-15 09:21:00",1,346.12,24,0
"16424.0","2010-11-22 11:24:00","2011-06-01 13:40:00",2,443.06,191,1
"16425.0","2011-02-10 14:30:00","2011-02-10 14:30:00",1,302.7,302,1
"16426.0","2011-03-08 15:45:00","2011-12-07 14:01:00",10,1908.25,2,0
"16427.0","2011-02-28 15:18:00","2011-03-21 17:10:00",2,241.06,263,1
"16428.0","2010-07-30 12:10:00","2010-10-22 12:22:00",3,660.28,413,1
"16429.0","2011-08-25 13:54:00","2011-08-25 13:54:00",1,284.55,106,1
"16430.0","2010-01-27 12:45:00","2011-10-13 14:47:00",6,1102.94,57,1
"16431.0","2011-02-15 14:02:00","2011-05-10 14:09:00",3,642.81,213,1
"16432.0","2011-10-06 13:59:00","2011-10-06 13:59:00",1,287.4,64,1
"16433.0","2010-10-27 12:26:00","2011-11-11 14:09:00",2,384.52,28,0
"16434.0","2010-01-17 14:51:00","2011-11-10 14:28:00",12,2741.74,29,0
"16435.0","2010-07-13 13:29:00","2010-07-15 18:22:00",3,1011.57,512,1
"16436.0","2009-12-06 16:02:00","2010-02-09 13:19:00",3,329.34,668,1
"16437.0","2010-10-06 12:34:00","2010-11-23 16:59:00",2,301.25,381,1
"16438.0","2011-09-18 13:31:00","2011-12-04 10:51:00",5,798.35,5,0
"16439.0","2009-12-17 14:22:00","2009-12-17 14:22:00",1,310.7,722,1
"16440.0","2010-08-03 11:32:00","2011-12-02 12:02:00",6,3856.97,7,0
"16441.0","2010-03-22 18:00:00","2011-10-03 17:48:00",5,1028.48,67,1
"16442.0","2009-12-13 11:05:00","2011-12-08 11:43:00",5,899.47,1,0
"16443.0","2010-07-07 11:57:00","2010-07-07 11:57:00",1,162.24,520,1
"16444.0","2010-03-24 14:06:00","2011-10-24 13:50:00",17,3656.58,46,1
"16445.0","2010-10-24 12:39:00","2011-11-06 12:32:00",4,602.73,33,1
"16446.0","2011-05-18 09:52:00","2011-12-09 09:15:00",2,168472.5,0,0
"16447.0","2010-02-17 14:09:00","2011-07-27 12:45:00",3,775.14,135,1
"16448.0","2010-08-25 16:58:00","2011-05-25 16:28:00",2,367.87,198,1
"16449.0","2011-03-04 12:15:00","2011-05-26 10:25:00",2,707.69,197,1
"16450.0","2010-02-21 15:46:00","2011-07-13 11:47:00",3,1505.73,149,1
"16451.0","2009-12-04 15:11:00","2011-09-13 09:17:00",3,1013.15,87,1
"16452.0","2010-01-15 12:22:00","2010-03-19 12:39:00",2,332.17,630,1
"16453.0","2010-06-09 13:15:00","2010-06-27 12:46:00",2,251.71,530,1
"16454.0","2010-04-07 15:54:00","2011-10-06 16:57:00",3,29.95,64,1
"16455.0","2010-03-30 10:31:00","2011-10-07 12:17:00",11,4384.37,63,1
"16456.0","2010-03-29 11:16:00","2011-09-01 13:50:00",13,6862.91,99,1
"16457.0","2011-05-05 13:19:00","2011-05-05 13:19:00",1,208.36,218,1
"16458.0","2010-05-26 14:38:00","2011-12-07 09:34:00",30,5715.34,2,0
"16459.0","2009-12-10 12:42:00","2009-12-10 12:42:00",1,71.79,729,1
"16460.0","2011-09-19 10:15:00","2011-11-11 13:46:00",3,814.72,28,0
"16461.0","2010-03-03 13:57:00","2011-06-15 12:07:00",3,1609.22,177,1
"16462.0","2011-03-01 08:58:00","2011-09-27 10:24:00",3,136.0,73,1
"16463.0","2011-05-19 14:45:00","2011-11-18 14:01:00",4,1422.4,21,0
"16464.0","2011-07-20 13:53:00","2011-11-20 12:11:00",3,1314.68,19,0
"16465.0","2010-09-21 10:46:00","2010-10-15 09:27:00",2,746.24,420,1
"16466.0","2010-03-07 14:31:00","2011-11-06 11:35:00",15,3838.59,33,1
"16467.0","2009-12-02 11:59:00","2010-07-19 11:49:00",7,2869.16,508,1
"16468.0","2010-08-15 13:10:00","2011-09-26 14:13:00",3,787.52,74,1
"16469.0","2010-07-13 13:17:00","2011-11-16 12:25:00",5,828.91,23,0
"16470.0","2009-12-11 12:21:00","2011-10-19 12:11:00",11,2458.6,51,1
"16471.0","2010-02-25 10:07:00","2011-03-10 09:41:00",4,1189.98,274,1
"16472.0","2010-04-21 11:48:00","2010-10-01 13:56:00",2,789.6,434,1
"16473.0","2010-11-30 16:29:00","2011-06-28 09:10:00",4,470.83,164,1
"16474.0","2011-07-17 14:51:00","2011-12-02 13:02:00",7,1871.34,7,0
"16475.0","2011-03-11 09:39:00","2011-09-12 14:37:00",4,544.3,88,1
"16476.0","2010-10-04 10:29:00","2010-10-04 10:29:00",1,350.35,431,1
"16477.0","2010-08-12 09:43:00","2011-10-07 09:44:00",11,4320.02,63,1
"16478.0","2011-10-05 12:02:00","2011-11-14 15:51:00",3,331.0,25,0
"16479.0","2011-11-29 13:04:00","2011-11-29 13:40:00",2,300.83,10,0
"16480.0","2011-09-25 11:40:00","2011-09-25 11:40:00",1,769.29,75,1
"16481.0","2010-01-26 13:09:00","2010-01-26 13:09:00",1,453.38,682,1
"16482.0","2011-11-24 12:33:00","2011-11-24 12:33:00",1,220.62,15,0
"16483.0","2011-05-31 13:08:00","2011-05-31 13:08:00",1,139.35,192,1
"16484.0","2011-06-02 10:39:00","2011-06-19 12:06:00",2,404.3,173,1
"16485.0","2009-12-06 12:28:00","2011-09-23 15:50:00",5,2294.68,77,1
"16486.0","2010-06-20 12:16:00","2010-06-20 12:16:00",1,134.36,537,1
"16487.0","2010-02-18 17:36:00","2010-05-11 13:38:00",2,209.4,577,1
"16488.0","2011-07-14 11:46:00","2011-11-06 13:42:00",3,498.8,33,1
"16489.0","2010-09-29 15:02:00","2010-11-24 14:40:00",2,303.7,380,1
"16490.0","2010-09-29 16:30:00","2010-09-29 16:30:00",1,205.41,436,1
"16491.0","2010-10-22 15:42:00","2011-10-24 10:18:00",2,1533.16,46,1
"16492.0","2010-06-17 08:20:00","2010-06-17 08:20:00",1,385.56,540,1
"16493.0","2010-03-26 13:05:00","2011-09-21 11:10:00",7,2132.09,79,1
"16494.0","2011-02-16 12:49:00","2011-02-16 12:49:00",1,826.53,296,1
"16495.0","2011-03-08 16:38:00","2011-12-06 13:20:00",3,684.41,3,0
"16496.0","2010-07-18 13:42:00","2011-12-01 10:31:00",6,2330.77,8,0
"16497.0","2009-12-03 14:11:00","2011-10-21 10:55:00",23,6695.28,49,1
"16498.0","2011-06-30 19:52:00","2011-07-01 15:07:00",2,100.97,161,1
"16499.0","2010-06-11 12:22:00","2010-12-14 13:31:00",8,2578.34,360,1
"16500.0","2010-06-14 14:54:00","2011-12-05 12:04:00",9,843.91,4,0
"16501.0","2010-11-21 14:10:00","2010-11-21 14:10:00",1,1237.23,383,1
"16502.0","2010-03-29 13:39:00","2010-03-29 13:44:00",2,266.5,620,1
"16503.0","2010-06-21 14:07:00","2011-08-25 11:46:00",11,3614.34,106,1
"16504.0","2011-11-14 15:18:00","2011-11-14 15:18:00",1,484.38,25,0
"16505.0","2011-11-08 12:14:00","2011-11-08 12:14:00",1,777.6,31,1
"16506.0","2011-10-30 15:50:00","2011-11-20 12:17:00",2,90.3,19,0
"16507.0","2010-05-16 12:56:00","2010-05-16 12:56:00",1,152.76,572,1
"16508.0","2010-03-19 13:41:00","2010-03-19 13:41:00",1,248.8,630,1
"16509.0","2011-02-16 09:25:00","2011-02-16 09:25:00",1,363.7,296,1
"16510.0","2010-01-17 12:30:00","2010-12-02 13:39:00",6,2079.75,372,1
"16511.0","2010-03-01 12:21:00","2011-11-18 10:41:00",6,1817.02,21,0
"16513.0","2011-10-27 14:56:00","2011-12-05 10:18:00",4,874.59,4,0
"16515.0","2010-06-17 12:17:00","2011-10-18 13:10:00",10,3216.3,52,1
"16516.0","2011-11-09 14:59:00","2011-11-09 14:59:00",1,101.7,30,0
"16517.0","2011-03-07 13:50:00","2011-03-07 13:50:00",1,162.7,277,1
"16518.0","2010-06-01 13:31:00","2011-10-09 15:04:00",4,959.37,61,1
"16519.0","2010-03-01 13:51:00","2011-11-14 15:41:00",4,554.16,25,0
"16520.0","2010-03-02 16:50:00","2011-06-06 13:24:00",6,2482.62,186,1
"16521.0","2010-03-01 13:22:00","2010-10-20 13:09:00",3,1144.26,415,1
"16522.0","2010-09-15 13:32:00","2010-09-30 10:54:00",2,433.36,435,1
"16523.0","2010-01-24 13:14:00","2011-12-08 09:06:00",28,11916.33,1,0
"16524.0","2010-01-17 13:16:00","2010-09-19 13:37:00",2,308.14,446,1
"16525.0","2009-12-02 13:53:00","2011-12-07 15:07:00",48,24582.64,2,0
"16526.0","2010-05-04 16:34:00","2011-06-21 12:02:00",2,717.21,171,1
"16527.0","2010-10-11 13:25:00","2011-09-19 16:21:00",2,1272.44,81,1
"16528.0","2011-12-06 12:45:00","2011-12-06 12:45:00",1,244.41,3,0
"16529.0","2010-06-27 13:29:00","2011-06-02 17:23:00",4,2012.0,190,1
"16530.0","2010-02-09 15:30:00","2010-02-09 15:30:00",1,48.35,668,1
"16531.0","2010-09-24 09:49:00","2011-11-17 16:29:00",11,2298.33,22,0
"16532.0","2010-03-29 10:26:00","2011-11-22 11:08:00",5,8756.64,17,0
"16533.0","2011-10-02 15:07:00","2011-11-20 13:08:00",3,1095.56,19,0
"16534.0","2010-03-07 15:47:00","2010-03-07 15:47:00",1,635.9,642,1
"16535.0","2010-11-19 13:01:00","2011-12-04 15:18:00",2,981.59,5,0
"16536.0","2011-08-21 15:54:00","2011-08-21 15:54:00",1,548.97,110,1
"16537.0","2010-03-08 13:41:00","2010-03-08 13:41:00",1,10.55,641,1
"16538.0","2010-04-23 16:25:00","2010-06-16 16:59:00",3,399.62,541,1
"16539.0","2010-06-25 15:24:00","2011-12-07 08:41:00",10,3732.01,2,0
"16540.0","2010-10-21 17:22:00","2010-10-21 17:22:00",1,226.7,414,1
"16541.0","2009-12-04 13:22:00","2009-12-04 13:22:00",1,424.03,735,1
"16542.0","2010-11-03 14:44:00","2011-10-17 10:47:00",2,257.32,53,1
"16543.0","2010-04-27 11:38:00","2010-04-27 11:38:00",1,292.21,591,1
"16544.0","2010-02-15 13:20:00","2010-07-08 11:11:00",4,376.7,519,1
"16545.0","2010-11-29 10:39:00","2011-06-28 10:37:00",2,689.82,164,1
"16546.0","2010-09-23 15:43:00","2011-02-22 11:20:00",5,5606.47,290,1
"16547.0","2010-06-11 13:02:00","2010-06-11 13:02:00",1,111.71,546,1
"16548.0","2010-04-19 16:15:00","2010-04-19 16:15:00",1,30.15,599,1
"16549.0","2010-03-28 15:45:00","2011-11-29 15:06:00",34,13182.19,10,0
"16550.0","2009-12-02 11:24:00","2011-08-23 11:12:00",18,9429.23,108,1
"16551.0","2009-12-13 16:12:00","2011-09-05 09:38:00",7,2237.12,95,1
"16552.0","2010-12-01 12:36:00","2011-04-11 10:04:00",2,475.02,242,1
"16553.0","2010-02-11 18:46:00","2011-06-29 15:42:00",33,16644.01,163,1
"16554.0","2009-12-15 09:42:00","2011-10-28 14:51:00",8,2841.72,42,1
"16555.0","2010-07-22 13:39:00","2011-11-04 14:31:00",6,1915.68,35,1
"16556.0","2009-12-07 10:51:00","2011-10-04 11:36:00",17,8012.58,66,1
"16557.0","2011-07-25 13:28:00","2011-11-15 14:04:00",2,281.85,24,0
"16558.0","2009-12-03 18:11:00","2011-12-09 10:20:00",38,13873.51,0,0
"16559.0","2010-11-07 13:52:00","2010-11-07 13:52:00",1,185.2,397,1
"16560.0","2009-12-08 12:05:00","2011-11-13 10:35:00",8,3048.38,26,0
"16561.0","2011-10-11 09:53:00","2011-12-04 11:50:00",2,511.12,5,0
"16562.0","2010-08-20 11:45:00","2010-08-20 11:45:00",1,223.86,476,1
"16563.0","2009-12-01 18:35:00","2011-10-17 11:51:00",6,4422.76,53,1
"16564.0","2010-05-19 14:41:00","2010-05-19 14:41:00",1,87.8,569,1
"16565.0","2010-06-02 12:47:00","2010-12-10 15:21:00",4,773.05,364,1
"16566.0","2011-02-20 10:29:00","2011-11-24 16:34:00",5,614.66,15,0
"16567.0","2011-01-07 09:31:00","2011-05-29 13:57:00",2,865.6,194,1
"16568.0","2010-03-08 14:51:00","2010-10-08 10:54:00",2,1020.9,427,1
"16569.0","2009-12-16 15:05:00","2011-12-06 15:32:00",5,1455.23,3,0
"16570.0","2010-03-30 09:32:00","2011-11-24 17:02:00",20,7434.31,15,0
"16571.0","2010-03-18 09:12:00","2011-11-13 11:46:00",10,4248.74,26,0
"16572.0","2011-03-09 12:04:00","2011-08-04 16:34:00",3,1009.6,127,1
"16573.0","2011-02-22 15:14:00","2011-09-16 09:13:00",2,663.61,84,1
"16574.0","2010-02-19 11:46:00","2011-09-29 13:39:00",3,1301.78,71,1
"16576.0","2010-07-06 10:42:00","2010-10-15 13:37:00",2,540.87,420,1
"16577.0","2010-02-11 09:45:00","2010-02-11 09:45:00",1,380.0,666,1
"16578.0","2010-03-23 15:11:00","2010-03-23 15:11:00",1,156.6,626,1
"16579.0","2010-10-10 11:58:00","2010-10-10 11:58:00",1,295.05,425,1
"16581.0","2011-06-10 10:05:00","2011-06-10 10:05:00",1,105.84,182,1
"16582.0","2011-08-18 17:02:00","2011-08-18 17:02:00",1,313.62,113,1
"16583.0","2010-02-04 12:18:00","2010-12-01 12:03:00",2,531.4,373,1
"16584.0","2010-02-16 10:41:00","2011-09-20 13:45:00",5,3163.67,80,1
"16585.0","2010-01-13 13:31:00","2010-04-25 10:34:00",2,341.59,593,1
"16586.0","2010-03-14 11:24:00","2011-04-05 09:32:00",3,1462.78,248,1
"16587.0","2011-04-21 15:51:00","2011-04-21 15:51:00",1,225.15,232,1
"16588.0","2010-05-14 13:43:00","2010-11-18 17:56:00",4,1361.28,386,1
"16589.0","2010-09-15 14:56:00","2011-09-29 14:50:00",4,612.36,71,1
"16590.0","2010-10-21 12:09:00","2010-11-04 09:06:00",2,605.9,400,1
"16591.0","2011-10-02 10:43:00","2011-10-02 10:43:00",1,213.5,68,1
"16592.0","2009-12-18 15:57:00","2011-12-05 13:49:00",28,7807.91,4,0
"16593.0","2009-12-05 10:44:00","2011-10-20 12:41:00",8,1071.14,50,1
"16594.0","2011-09-25 14:08:00","2011-09-25 14:08:00",1,181.09,75,1
"16595.0","2010-01-17 12:12:00","2011-10-09 13:15:00",5,1810.18,61,1
"16596.0","2009-12-10 13:09:00","2011-11-24 10:02:00",4,579.63,15,0
"16597.0","2011-12-05 15:44:00","2011-12-05 15:44:00",1,90.04,4,0
"16598.0","2011-02-27 11:42:00","2011-02-27 11:42:00",1,145.05,285,1
"16599.0","2010-11-19 12:45:00","2010-11-19 12:45:00",1,172.8,385,1
"16600.0","2009-12-18 12:59:00","2011-12-05 16:00:00",13,2153.41,4,0
"16601.0","2010-03-26 13:39:00","2011-10-30 11:09:00",3,683.08,40,1
"16602.0","2010-11-16 09:13:00","2011-11-03 15:54:00",2,763.33,36,1
"16603.0","2011-09-09 13:02:00","2011-09-26 10:06:00",2,482.47,74,1
"16604.0","2010-05-20 16:34:00","2010-05-26 09:10:00",2,432.45,562,1
"16605.0","2009-12-15 19:03:00","2009-12-15 19:03:00",1,60.48,724,1
"16606.0","2010-10-01 13:21:00","2010-10-31 13:57:00",2,357.66,404,1
"16607.0","2010-04-29 14:01:00","2011-11-22 10:24:00",25,5706.87,17,0
"16608.0","2010-02-14 11:57:00","2010-09-12 11:44:00",2,1288.72,453,1
"16609.0","2011-04-01 10:11:00","2011-11-24 13:32:00",7,5493.46,15,0
"16610.0","2011-05-04 13:13:00","2011-05-04 13:13:00",1,75.66,219,1
"16611.0","2010-03-10 16:07:00","2011-06-06 15:46:00",6,1785.13,186,1
"16612.0","2009-12-03 15:54:00","2011-11-07 07:38:00",9,3245.43,32,1
"16613.0","2011-09-30 15:52:00","2011-09-30 15:52:00",1,618.59,70,1
"16614.0","2010-05-10 15:18:00","2011-06-10 11:36:00",3,1179.79,182,1
"16615.0","2010-03-23 15:13:00","2010-03-23 15:13:00",1,291.5,626,1
"16616.0","2011-07-05 13:38:00","2011-11-24 16:31:00",2,500.42,15,0
"16617.0","2011-04-18 10:35:00","2011-04-18 10:35:00",1,151.85,235,1
"16618.0","2011-01-21 11:55:00","2011-11-08 13:52:00",5,2647.59,31,1
"16619.0","2010-02-22 12:05:00","2011-03-21 08:18:00",4,1938.33,263,1
"16620.0","2009-12-01 14:35:00","2011-12-06 12:19:00",6,1758.93,3,0
"16621.0","2011-03-07 11:32:00","2011-10-19 11:38:00",4,813.48,51,1
"16622.0","2010-06-14 10:44:00","2010-06-14 10:44:00",1,225.4,543,1
"16623.0","2010-04-26 14:04:00","2011-04-08 10:09:00",4,1015.24,245,1
"16624.0","2011-05-26 14:20:00","2011-09-20 12:39:00",2,810.57,80,1
"16625.0","2010-06-14 11:56:00","2011-03-10 12:50:00",5,1654.03,274,1
"16626.0","2011-03-18 12:27:00","2011-12-09 11:56:00",17,4413.1,0,0
"16627.0","2011-09-21 14:38:00","2011-09-21 14:38:00",1,322.8,79,1
"16628.0","2010-03-08 12:24:00","2011-11-10 12:45:00",7,2318.1,29,0
"16629.0","2011-09-04 16:12:00","2011-09-27 10:34:00",2,417.73,73,1
"16630.0","2010-10-28 14:30:00","2010-10-28 14:30:00",1,106.8,407,1
"16631.0","2010-02-26 10:49:00","2010-08-15 11:20:00",7,1892.52,481,1
"16632.0","2010-05-07 16:46:00","2010-08-11 11:39:00",2,406.4,485,1
"16633.0","2011-04-19 14:36:00","2011-11-22 13:41:00",6,2883.1,17,0
"16634.0","2010-01-21 09:30:00","2011-05-01 12:09:00",6,1814.61,222,1
"16635.0","2010-10-29 09:41:00","2010-10-29 09:41:00",1,473.0,406,1
"16636.0","2010-03-03 14:06:00","2010-09-27 13:13:00",4,3802.04,438,1
"16637.0","2011-04-28 10:20:00","2011-11-07 13:17:00",4,1154.47,32,1
"16638.0","2010-08-18 13:33:00","2011-11-17 11:09:00",15,2430.53,22,0
"16639.0","2010-10-26 18:23:00","2011-11-08 13:20:00",4,1747.98,31,1
"16640.0","2010-11-07 10:48:00","2010-11-07 10:48:00",1,179.4,397,1
"16641.0","2010-01-07 12:22:00","2011-08-26 12:49:00",2,554.5,105,1
"16642.0","2010-10-20 14:22:00","2011-12-05 11:31:00",3,1077.45,4,0
"16643.0","2010-10-13 09:47:00","2011-04-08 08:24:00",2,923.11,245,1
"16644.0","2011-05-11 12:53:00","2011-06-15 12:39:00",2,833.78,177,1
"16645.0","2009-12-04 09:49:00","2009-12-04 09:49:00",1,160.39,735,1
"16646.0","2010-09-16 13:28:00","2010-09-16 13:28:00",1,678.8,449,1
"16647.0","2010-06-13 15:52:00","2011-06-23 11:47:00",4,541.9,169,1
"16648.0","2010-04-28 14:58:00","2011-10-28 08:58:00",3,672.8,42,1
"16649.0","2010-07-07 15:41:00","2010-07-07 15:41:00",1,306.58,520,1
"16650.0","2010-07-08 14:18:00","2011-09-29 09:51:00",7,1916.11,71,1
"16651.0","2010-05-02 11:46:00","2010-05-02 11:46:00",1,136.2,586,1
"16652.0","2010-03-17 10:22:00","2011-10-12 09:38:00",16,17550.39,58,1
"16653.0","2011-09-29 13:38:00","2011-11-23 14:51:00",2,1212.66,16,0
"16654.0","2010-04-06 13:29:00","2011-07-21 15:23:00",8,1711.47,141,1
"16655.0","2010-01-31 15:40:00","2011-11-22 11:25:00",13,6548.37,17,0
"16656.0","2009-12-04 12:59:00","2011-11-17 14:43:00",30,16833.17,22,0
"16657.0","2011-03-30 12:02:00","2011-11-30 11:48:00",4,933.62,9,0
"16658.0","2010-03-30 16:24:00","2010-12-06 13:47:00",5,804.07,368,1
"16659.0","2011-06-03 15:03:00","2011-06-03 15:03:00",1,39.12,189,1
"16660.0","2010-01-14 11:09:00","2011-11-23 14:53:00",7,1879.55,16,0
"16661.0","2009-12-17 15:39:00","2010-06-17 15:24:00",4,986.63,540,1
"16662.0","2010-11-10 16:56:00","2010-11-10 16:56:00",1,163.8,394,1
"16663.0","2009-12-10 13:12:00","2009-12-10 13:12:00",1,165.0,729,1
"16664.0","2010-05-19 17:11:00","2010-05-19 17:11:00",1,109.2,569,1
"16665.0","2010-12-12 14:03:00","2010-12-12 14:03:00",1,135.4,362,1
"16666.0","2010-03-28 15:13:00","2011-11-20 14:01:00",2,225.94,19,0
"16667.0","2011-02-28 12:57:00","2011-10-02 15:26:00",2,570.13,68,1
"16668.0","2010-03-18 18:25:00","2011-11-24 17:43:00",13,862.42,15,0
"16669.0","2011-09-22 14:13:00","2011-11-16 12:26:00",2,1370.47,23,0
"16670.0","2009-12-10 15:28:00","2011-11-23 09:34:00",20,8030.15,16,0
"16671.0","2011-06-28 11:20:00","2011-11-11 13:40:00",3,1692.27,28,0
"16672.0","2011-03-18 10:15:00","2011-12-07 16:29:00",20,8134.94,2,0
"16673.0","2010-01-29 14:22:00","2010-01-29 14:22:00",1,188.83,679,1
"16674.0","2011-09-02 13:59:00","2011-10-16 11:31:00",2,319.61,54,1
"16675.0","2010-08-18 13:11:00","2010-09-24 12:15:00",2,608.86,441,1
"16676.0","2010-10-17 13:07:00","2011-11-06 12:01:00",6,2361.9,33,1
"16677.0","2010-02-25 16:11:00","2010-10-24 14:53:00",2,880.62,411,1
"16678.0","2011-03-02 09:24:00","2011-12-07 12:17:00",12,3109.99,2,0
"16679.0","2010-06-10 18:35:00","2010-12-08 13:51:00",3,793.06,366,1
"16680.0","2010-06-23 09:30:00","2011-10-27 17:35:00",3,821.45,43,1
"16681.0","2010-03-08 14:10:00","2011-09-28 11:11:00",7,1921.84,72,1
"16682.0","2011-06-05 11:02:00","2011-12-05 12:13:00",5,1028.0,4,0
"16683.0","2010-06-24 10:36:00","2010-06-24 10:36:00",1,320.25,533,1
"16684.0","2009-12-07 12:56:00","2011-12-05 14:06:00",55,147142.77,4,0
"16685.0","2011-10-09 13:44:00","2011-10-09 13:58:00",2,324.24,61,1
"16686.0","2009-12-06 15:48:00","2011-10-23 13:49:00",16,5070.92,47,1
"16687.0","2010-11-14 11:46:00","2010-11-14 11:46:00",1,157.63,390,1
"16688.0","2011-10-10 12:23:00","2011-12-08 15:24:00",4,1260.86,1,0
"16689.0","2011-09-18 13:29:00","2011-09-25 11:39:00",2,422.6,75,1
"16690.0","2010-09-14 15:00:00","2011-09-28 15:02:00",4,353.03,72,1
"16691.0","2010-05-27 14:55:00","2010-10-17 15:03:00",2,178.83,418,1
"16692.0","2010-09-24 11:31:00","2011-03-28 14:46:00",4,1764.7,256,1
"16693.0","2010-02-21 12:42:00","2011-10-02 11:10:00",5,1199.46,68,1
"16694.0","2009-12-16 15:45:00","2009-12-16 15:45:00",1,98.3,723,1
"16695.0","2010-05-27 12:24:00","2010-05-27 12:36:00",2,193.15,561,1
"16696.0","2011-04-05 15:20:00","2011-07-27 14:23:00",4,657.9,135,1
"16697.0","2011-04-12 17:12:00","2011-04-12 17:12:00",1,112.75,241,1
"16698.0","2011-03-31 13:33:00","2011-04-27 10:52:00",2,1998.0,226,1
"16699.0","2009-12-04 13:31:00","2010-11-24 14:38:00",7,994.6,380,1
"16700.0","2009-12-02 10:51:00","2011-12-01 11:00:00",25,9167.71,8,0
"16701.0","2009-12-01 19:19:00","2011-12-01 11:10:00",26,9916.73,8,0
"16702.0","2009-12-07 16:40:00","2010-10-20 14:10:00",4,1109.53,415,1
"16704.0","2010-02-05 14:14:00","2010-03-31 14:02:00",2,695.66,618,1
"16705.0","2009-12-09 13:34:00","2011-12-09 12:08:00",42,43515.05,0,0
"16706.0","2011-08-17 15:53:00","2011-11-02 13:50:00",3,531.35,37,1
"16707.0","2010-03-09 15:16:00","2010-11-04 14:39:00",4,551.11,400,1
"16708.0","2011-10-25 12:20:00","2011-10-25 12:20:00",1,656.63,45,1
"16709.0","2009-12-09 13:16:00","2011-09-16 10:56:00",14,9087.46,84,1
"16710.0","2009-12-04 13:41:00","2011-11-20 14:50:00",22,6349.09,19,0
"16711.0","2009-12-02 13:22:00","2011-12-06 16:32:00",9,2868.48,3,0
"16712.0","2010-11-03 15:45:00","2011-11-30 13:48:00",13,4259.34,9,0
"16713.0","2009-12-15 12:49:00","2011-11-21 12:36:00",32,14560.69,18,0
"16714.0","2010-02-07 11:17:00","2011-01-26 13:46:00",3,1514.8,317,1
"16715.0","2010-05-26 12:35:00","2011-09-22 18:15:00",2,625.52,78,1
"16716.0","2010-03-19 11:05:00","2011-03-18 10:03:00",3,2149.68,266,1
"16717.0","2009-12-07 15:55:00","2011-11-16 12:16:00",14,6986.23,23,0
"16718.0","2009-12-06 13:07:00","2010-12-05 13:03:00",5,3647.53,369,1
"16719.0","2009-12-13 10:59:00","2011-11-25 09:27:00",14,3968.3,14,0
"16720.0","2009-12-17 17:54:00","2011-11-13 16:22:00",3,603.48,26,0
"16721.0","2011-03-22 16:08:00","2011-03-22 16:08:00",1,292.47,262,1
"16722.0","2009-12-03 19:23:00","2011-11-22 13:28:00",22,8989.08,17,0
"16723.0","2009-12-04 13:23:00","2011-09-09 13:01:00",4,1301.63,91,1
"16724.0","2010-10-31 11:40:00","2010-10-31 11:40:00",1,147.35,404,1
"16725.0","2009-12-13 15:54:00","2011-02-10 16:52:00",13,1880.66,302,1
"16726.0","2010-10-24 16:09:00","2011-11-13 14:53:00",7,2088.41,26,0
"16727.0","2010-01-20 10:48:00","2010-12-10 13:48:00",4,1437.42,364,1
"16728.0","2011-03-20 13:28:00","2011-10-24 14:36:00",4,1054.67,46,1
"16729.0","2011-04-12 14:22:00","2011-11-01 14:29:00",21,7236.6,38,1
"16730.0","2011-01-24 14:01:00","2011-10-18 14:11:00",3,743.11,52,1
"16731.0","2010-03-01 15:05:00","2010-03-01 15:05:00",1,174.05,648,1
"16732.0","2009-12-08 13:04:00","2011-11-08 09:54:00",4,4387.64,31,1
"16733.0","2010-06-28 10:12:00","2010-06-28 10:12:00",1,259.68,529,1
"16734.0","2011-08-17 15:00:00","2011-10-18 13:44:00",3,650.51,52,1
"16735.0","2009-12-08 09:24:00","2011-09-22 11:49:00",14,6270.56,78,1
"16736.0","2009-12-03 16:12:00","2010-07-22 10:09:00",5,2956.56,505,1
"16737.0","2010-05-11 09:53:00","2011-10-17 13:03:00",2,835.2,53,1
"16738.0","2011-02-15 09:46:00","2011-02-15 09:46:00",1,3.75,297,1
"16739.0","2010-06-21 09:38:00","2011-06-16 09:17:00",2,786.43,176,1
"16740.0","2010-11-09 13:34:00","2010-11-09 13:34:00",1,236.81,395,1
"16741.0","2010-03-24 15:15:00","2010-03-24 15:15:00",1,173.06,625,1
"16742.0","2009-12-16 17:22:00","2010-08-04 10:52:00",13,2387.71,492,1
"16743.0","2010-04-22 13:21:00","2011-11-10 13:13:00",14,4253.26,29,0
"16744.0","2011-06-19 15:13:00","2011-11-28 13:06:00",7,1304.76,11,0
"16745.0","2011-02-01 11:31:00","2011-09-14 11:58:00",17,7194.3,86,1
"16746.0","2009-12-04 13:00:00","2011-12-05 12:33:00",42,18064.7,4,0
"16747.0","2011-10-03 10:18:00","2011-11-02 11:37:00",2,836.06,37,1
"16748.0","2009-12-10 12:28:00","2011-11-22 10:17:00",14,3637.33,17,0
"16749.0","2009-12-15 14:05:00","2010-04-27 13:06:00",2,4387.08,591,1
"16750.0","2011-04-21 16:53:00","2011-10-26 12:48:00",5,623.93,44,1
"16751.0","2011-11-09 10:48:00","2011-11-09 10:48:00",1,1764.72,30,0
"16752.0","2010-12-02 12:18:00","2010-12-02 12:18:00",1,415.0,372,1
"16753.0","2011-10-12 13:14:00","2011-10-12 13:14:00",1,223.92,58,1
"16754.0","2010-03-08 11:32:00","2010-12-02 17:38:00",29,67502.47,372,1
"16755.0","2009-12-09 14:25:00","2011-08-17 13:21:00",7,2900.58,114,1
"16756.0","2010-03-09 15:56:00","2011-05-09 09:33:00",7,1312.37,214,1
"16757.0","2010-10-26 15:09:00","2011-01-25 11:59:00",2,270.48,318,1
"16758.0","2011-10-05 14:47:00","2011-10-05 14:47:00",1,369.34,65,1
"16759.0","2011-11-09 09:06:00","2011-12-02 12:42:00",3,789.79,7,0
"16760.0","2010-10-05 15:55:00","2010-10-05 15:55:00",1,228.0,430,1
"16761.0","2011-09-04 11:15:00","2011-09-04 11:15:00",1,316.62,96,1
"16762.0","2011-07-18 12:52:00","2011-11-20 11:43:00",3,1501.38,19,0
"16763.0","2009-12-01 15:26:00","2011-05-25 11:52:00",2,964.7,198,1
"16764.0","2011-07-19 17:17:00","2011-12-06 11:41:00",13,2799.25,3,0
"16765.0","2010-11-22 13:42:00","2011-02-18 15:41:00",2,454.75,294,1
"16766.0","2011-03-11 13:34:00","2011-03-11 15:22:00",2,1145.6,273,1
"16767.0","2010-04-28 16:49:00","2011-11-09 09:42:00",15,8069.45,30,0
"16768.0","2009-12-07 11:47:00","2011-10-23 10:38:00",9,1708.12,47,1
"16769.0","2009-12-14 11:10:00","2011-03-24 13:41:00",4,1141.75,260,1
"16770.0","2010-08-22 16:08:00","2011-10-13 12:21:00",9,1932.13,57,1
"16771.0","2009-12-09 11:52:00","2011-11-06 13:28:00",10,3939.1,33,1
"16772.0","2009-12-18 10:50:00","2010-10-12 13:19:00",3,3723.55,423,1
"16773.0","2009-12-06 15:01:00","2011-10-13 14:37:00",3,421.24,57,1
"16774.0","2010-02-16 16:53:00","2011-10-03 12:41:00",8,1594.45,67,1
"16775.0","2010-09-23 17:34:00","2011-11-29 15:22:00",16,3056.89,10,0
"16776.0","2010-10-20 12:13:00","2011-10-10 13:04:00",2,619.85,60,1
"16777.0","2010-03-17 12:42:00","2011-09-20 13:41:00",5,1307.76,80,1
"16778.0","2011-03-10 15:21:00","2011-09-26 13:48:00",2,245.94,74,1
"16779.0","2009-12-03 13:03:00","2011-12-07 14:54:00",53,33268.24,2,0
"16780.0","2010-10-28 19:41:00","2011-08-31 16:09:00",3,605.55,100,1
"16781.0","2010-02-08 13:56:00","2010-12-02 14:26:00",2,934.25,372,1
"16782.0","2009-12-09 11:58:00","2011-11-29 13:20:00",38,10438.41,10,0
"16783.0","2010-09-29 11:53:00","2010-09-29 11:53:00",1,391.95,436,1
"16784.0","2010-03-28 12:55:00","2011-11-20 12:20:00",5,896.53,19,0
"16785.0","2010-10-26 10:36:00","2010-10-26 10:36:00",1,533.78,409,1
"16786.0","2010-11-11 08:25:00","2010-11-11 08:25:00",1,51.84,393,1
"16787.0","2010-01-10 11:12:00","2010-11-07 11:01:00",4,1035.43,397,1
"16788.0","2010-02-07 12:40:00","2011-08-08 14:53:00",5,1948.65,123,1
"16789.0","2011-12-01 15:12:00","2011-12-01 15:12:00",1,80.8,8,0
"16790.0","2011-11-02 11:23:00","2011-12-06 11:53:00",6,1545.62,3,0
"16791.0","2009-12-03 18:08:00","2011-11-10 19:12:00",15,4025.94,29,0
"16792.0","2010-01-04 13:47:00","2011-03-02 14:41:00",5,623.46,282,1
"16793.0","2011-10-13 15:08:00","2011-10-13 15:08:00",1,243.84,57,1
"16794.0","2010-03-25 15:17:00","2011-12-08 17:54:00",15,2088.89,1,0
"16795.0","2010-01-25 13:14:00","2010-12-09 14:08:00",3,2492.39,365,1
"16796.0","2011-09-11 14:01:00","2011-09-11 14:01:00",1,305.62,89,1
"16797.0","2009-12-02 13:33:00","2010-11-11 19:14:00",5,1827.77,393,1
"16798.0","2009-12-10 19:35:00","2010-06-03 19:01:00",3,848.71,554,1
"16799.0","2010-09-12 12:46:00","2010-10-03 14:28:00",2,495.98,432,1
"16800.0","2011-11-28 14:06:00","2011-11-28 14:06:00",1,1201.49,11,0
"16801.0","2011-03-11 13:56:00","2011-06-29 15:33:00",4,1619.73,163,1
"16802.0","2009-12-09 13:00:00","2010-01-29 13:44:00",2,582.61,679,1
"16803.0","2011-10-05 14:28:00","2011-10-05 14:28:00",1,332.3,65,1
"16804.0","2011-03-14 15:48:00","2011-11-16 16:43:00",3,536.99,23,0
"16805.0","2009-12-14 15:17:00","2011-06-19 11:23:00",4,1082.24,173,1
"16806.0","2011-04-14 19:59:00","2011-08-28 15:27:00",4,775.54,103,1
"16807.0","2010-03-26 14:38:00","2011-07-20 12:00:00",6,2123.88,142,1
"16808.0","2011-03-10 19:05:00","2011-09-01 19:34:00",2,288.42,99,1
"16809.0","2010-04-13 15:34:00","2011-11-16 15:45:00",9,1727.43,23,0
"16810.0","2010-10-15 15:32:00","2011-05-31 15:32:00",2,842.04,192,1
"16811.0","2011-11-22 17:19:00","2011-12-05 11:39:00",2,547.07,4,0
"16812.0","2010-11-22 14:36:00","2010-12-14 12:35:00",4,2392.0,360,1
"16813.0","2011-05-19 13:28:00","2011-12-01 14:03:00",10,1692.98,8,0
"16814.0","2010-04-11 12:45:00","2011-11-25 13:27:00",36,12489.81,14,0
"16815.0","2010-06-21 12:05:00","2010-09-12 10:59:00",2,410.97,453,1
"16816.0","2010-12-16 17:01:00","2011-08-28 14:16:00",4,417.06,103,1
"16817.0","2010-10-04 09:06:00","2011-12-07 11:03:00",13,2804.9,2,0
"16818.0","2011-05-18 11:42:00","2011-11-29 10:41:00",11,3349.57,10,0
"16819.0","2010-08-31 17:31:00","2010-08-31 17:37:00",2,182.59,465,1
"16820.0","2011-09-05 12:06:00","2011-09-05 12:06:00",1,497.61,95,1
"16821.0","2010-11-23 10:04:00","2010-11-23 10:04:00",1,113.35,381,1
"16822.0","2010-01-22 14:22:00","2010-01-22 14:22:00",1,181.39,686,1
"16823.0","2009-12-02 09:57:00","2011-04-26 15:00:00",7,2260.09,227,1
"16824.0","2010-11-11 12:21:00","2011-11-24 12:38:00",3,686.24,15,0
"16825.0","2010-06-23 13:14:00","2011-11-01 11:51:00",5,1826.89,38,1
"16826.0","2011-10-19 14:05:00","2011-10-19 14:05:00",1,341.7,51,1
"16827.0","2010-04-29 19:07:00","2010-11-11 14:04:00",5,387.18,393,1
"16828.0","2011-08-19 13:24:00","2011-08-19 13:24:00",1,113.5,112,1
"16829.0","2010-11-16 18:11:00","2011-07-06 10:48:00",2,513.32,156,1
"16830.0","2009-12-13 12:11:00","2011-11-01 11:35:00",4,1207.5,38,1
"16831.0","2010-05-24 09:08:00","2010-05-24 09:08:00",1,91.8,564,1
"16832.0","2010-09-07 12:35:00","2011-06-08 15:36:00",5,417.61,184,1
"16833.0","2010-03-26 15:31:00","2011-12-08 14:39:00",6,2409.04,1,0
"16834.0","2010-02-03 14:24:00","2011-04-26 09:37:00",2,898.96,227,1
"16835.0","2010-05-19 08:41:00","2011-08-03 13:50:00",6,1538.41,128,1
"16836.0","2010-05-14 12:52:00","2011-10-31 10:05:00",4,782.37,39,1
"16837.0","2011-04-08 08:48:00","2011-11-08 14:27:00",11,3170.98,31,1
"16838.0","2010-02-14 15:27:00","2011-05-26 13:13:00",4,1159.61,197,1
"16839.0","2010-02-11 15:02:00","2011-12-01 09:03:00",44,22310.49,8,0
"16840.0","2010-02-03 12:42:00","2010-04-15 15:48:00",2,139.85,603,1
"16841.0","2010-01-12 11:32:00","2011-11-03 11:51:00",12,4006.06,36,1
"16842.0","2011-02-10 14:51:00","2011-08-31 10:42:00",3,1264.19,100,1
"16843.0","2009-12-10 11:40:00","2011-10-28 09:06:00",35,19571.43,42,1
"16844.0","2010-05-06 09:16:00","2010-05-26 10:29:00",2,614.34,562,1
"16845.0","2010-03-31 13:09:00","2010-03-31 13:09:00",1,253.88,618,1
"16846.0","2010-03-10 12:03:00","2011-10-20 13:55:00",3,842.41,50,1
"16847.0","2010-03-31 13:32:00","2011-10-27 13:29:00",2,614.89,43,1
"16848.0","2010-10-03 11:01:00","2011-10-18 08:42:00",4,1411.62,52,1
"16849.0","2011-06-06 09:16:00","2011-06-06 09:16:00",1,124.57,186,1
"16850.0","2011-01-10 11:09:00","2011-01-10 11:09:00",1,332.41,333,1
"16851.0","2011-10-19 09:48:00","2011-12-05 13:32:00",3,342.45,4,0
"16852.0","2011-06-16 15:49:00","2011-11-29 13:22:00",2,144.91,10,0
"16854.0","2010-03-09 14:32:00","2010-10-18 16:31:00",2,1408.96,417,1
"16855.0","2011-10-27 16:31:00","2011-11-16 12:03:00",2,328.4,23,0
"16856.0","2010-09-23 13:11:00","2011-11-25 08:59:00",3,358.49,14,0
"16857.0","2010-09-23 10:49:00","2010-09-23 10:49:00",1,352.8,442,1
"16858.0","2009-12-15 11:09:00","2010-12-06 09:52:00",10,4668.28,368,1
"16859.0","2010-03-04 12:37:00","2011-07-18 12:19:00",7,1932.41,144,1
"16860.0","2010-02-15 13:46:00","2010-09-13 10:05:00",3,1610.62,452,1
"16861.0","2010-07-19 11:44:00","2011-10-11 09:05:00",5,946.59,59,1
"16862.0","2010-01-07 12:57:00","2010-06-10 13:05:00",4,662.33,547,1
"16863.0","2010-10-26 10:03:00","2011-11-08 15:26:00",3,998.52,31,1
"16864.0","2010-04-20 11:56:00","2010-10-01 16:16:00",2,409.25,434,1
"16865.0","2010-11-03 11:34:00","2010-11-03 11:34:00",1,130.95,401,1
"16866.0","2011-07-01 12:34:00","2011-07-22 10:06:00",3,207.74,140,1
"16867.0","2010-01-19 09:11:00","2010-01-19 09:11:00",1,76.74,689,1
"16868.0","2010-04-25 11:31:00","2010-11-10 13:17:00",3,393.39,394,1
"16869.0","2011-06-17 13:01:00","2011-11-17 12:02:00",4,825.42,22,0
"16870.0","2010-08-27 13:53:00","2010-08-27 13:53:00",1,450.16,469,1
"16871.0","2011-03-14 10:31:00","2011-11-17 19:27:00",6,2812.34,22,0
"16872.0","2010-09-02 17:36:00","2011-09-23 16:05:00",6,1213.13,77,1
"16873.0","2010-02-09 14:17:00","2011-12-05 12:05:00",12,14617.39,4,0
"16874.0","2010-11-25 13:08:00","2010-11-25 13:08:00",1,217.74,379,1
"16875.0","2010-01-05 09:16:00","2011-10-03 13:39:00",11,4234.53,67,1
"16876.0","2010-11-01 11:59:00","2010-11-01 11:59:00",1,136.01,403,1
"16877.0","2011-05-15 16:13:00","2011-11-27 13:47:00",6,853.72,12,0
"16878.0","2011-09-16 17:39:00","2011-09-16 17:39:00",1,13.3,84,1
"16880.0","2010-08-03 13:54:00","2011-11-09 11:33:00",8,1840.86,30,0
"16881.0","2011-10-04 10:33:00","2011-10-04 10:33:00",1,432.0,66,1
"16882.0","2011-01-26 17:43:00","2011-10-04 10:42:00",3,705.12,66,1
"16883.0","2009-12-04 12:07:00","2011-06-05 12:51:00",19,2396.59,187,1
"16884.0","2010-05-18 12:00:00","2011-11-02 11:52:00",4,1073.92,37,1
"16885.0","2010-11-19 12:51:00","2011-11-24 13:40:00",4,709.49,15,0
"16886.0","2010-09-09 15:08:00","2010-09-09 15:08:00",1,134.0,456,1
"16887.0","2009-12-01 13:41:00","2011-11-04 14:07:00",3,660.72,35,1
"16888.0","2010-01-07 13:07:00","2010-11-04 12:39:00",3,437.15,400,1
"16889.0","2010-05-23 10:46:00","2011-05-29 11:05:00",6,2530.9,194,1
"16890.0","2010-05-06 16:27:00","2010-08-20 11:23:00",3,277.91,476,1
"16891.0","2009-12-04 12:37:00","2011-12-08 11:15:00",11,2056.82,1,0
"16892.0","2009-12-08 14:20:00","2011-12-08 13:18:00",7,762.1,1,0
"16893.0","2010-11-28 15:14:00","2010-12-08 12:06:00",2,401.35,366,1
"16894.0","2010-06-22 14:21:00","2010-07-25 15:43:00",3,1324.06,502,1
"16895.0","2010-02-12 11:07:00","2011-10-06 12:15:00",5,1121.42,64,1
"16896.0","2010-06-02 15:40:00","2010-06-02 15:40:00",1,103.95,555,1
"16897.0","2011-01-30 11:52:00","2011-02-13 15:02:00",2,289.78,299,1
"16898.0","2010-05-12 12:18:00","2011-11-13 15:44:00",5,1016.37,26,0
"16899.0","2010-11-07 15:00:00","2011-12-02 12:03:00",8,1721.02,7,0
"16900.0","2011-10-07 13:17:00","2011-11-23 10:32:00",3,882.16,16,0
"16901.0","2009-12-10 16:30:00","2009-12-10 16:30:00",1,204.26,729,1
"16902.0","2011-08-15 14:17:00","2011-08-15 14:17:00",1,1706.88,116,1
"16903.0","2010-10-20 14:42:00","2011-11-10 15:32:00",3,1062.28,29,0
"16904.0","2010-10-24 16:03:00","2011-12-05 13:10:00",20,5113.57,4,0
"16905.0","2009-12-10 20:04:00","2011-12-04 14:01:00",17,5031.65,5,0
"16906.0","2010-05-13 13:23:00","2011-09-19 11:49:00",7,1447.95,81,1
"16907.0","2010-07-01 17:30:00","2011-11-10 18:04:00",9,1707.9,29,0
"16908.0","2009-12-17 13:35:00","2009-12-17 13:35:00",1,252.59,722,1
"16909.0","2011-09-28 16:45:00","2011-09-28 16:45:00",1,379.14,72,1
"16910.0","2011-09-09 14:14:00","2011-12-05 12:51:00",8,1510.06,4,0
"16911.0","2010-02-16 16:12:00","2010-03-14 12:18:00",2,255.25,635,1
"16912.0","2009-12-09 12:32:00","2011-11-11 12:18:00",15,4480.31,28,0
"16913.0","2010-02-26 12:06:00","2011-02-22 12:56:00",3,423.91,290,1
"16914.0","2011-11-03 15:27:00","2011-11-03 15:27:00",1,208.46,36,1
"16915.0","2010-05-19 13:32:00","2011-11-30 16:39:00",11,1543.18,9,0
"16916.0","2010-10-20 12:56:00","2011-11-16 12:08:00",4,1117.5,23,0
"16917.0","2010-03-17 15:24:00","2011-03-08 11:55:00",2,1857.83,276,1
"16918.0","2009-12-03 12:27:00","2011-10-21 12:50:00",16,3213.29,49,1
"16919.0","2010-08-19 15:28:00","2011-07-06 13:35:00",24,5125.91,156,1
"16920.0","2010-10-24 14:07:00","2010-10-24 14:07:00",1,355.45,411,1
"16921.0","2010-04-18 15:34:00","2011-10-09 16:22:00",3,446.67,61,1
"16922.0","2010-05-16 11:24:00","2010-05-16 11:24:00",1,611.08,572,1
"16923.0","2010-01-31 11:14:00","2011-11-27 13:00:00",32,13378.36,12,0
"16924.0","2011-09-16 12:54:00","2011-11-18 12:53:00",3,846.75,21,0
"16925.0","2010-06-17 15:03:00","2010-06-17 15:03:00",1,125.65,540,1
"16926.0","2010-07-01 12:57:00","2010-12-03 13:42:00",5,1421.35,371,1
"16927.0","2010-12-13 11:57:00","2011-08-16 11:10:00",3,543.05,115,1
"16928.0","2010-02-03 12:30:00","2011-09-20 15:10:00",26,4013.78,80,1
"16929.0","2011-07-07 12:39:00","2011-12-06 08:37:00",7,1295.39,3,0
"16930.0","2011-10-02 14:25:00","2011-11-13 16:13:00",3,380.55,26,0
"16931.0","2010-11-07 13:24:00","2011-12-04 13:15:00",23,5233.62,5,0
"16932.0","2010-05-17 14:15:00","2011-10-17 14:12:00",3,440.71,53,1
"16933.0","2009-12-09 15:03:00","2011-12-08 12:54:00",9,3181.25,1,0
"16934.0","2010-03-28 12:43:00","2011-10-16 12:40:00",6,2110.99,54,1
"16935.0","2010-10-14 13:09:00","2010-11-23 09:16:00",3,535.1,381,1
"16936.0","2010-11-19 11:54:00","2011-11-14 11:04:00",2,551.17,25,0
"16937.0","2010-07-28 17:56:00","2010-07-28 17:56:00",1,202.1,499,1
"16938.0","2010-02-17 14:47:00","2011-12-01 10:20:00",9,7043.18,8,0
"16939.0","2010-02-28 13:33:00","2010-08-08 12:24:00",3,449.0,488,1
"16940.0","2009-12-08 13:08:00","2011-10-18 13:15:00",8,6427.66,52,1
"16941.0","2010-04-07 11:13:00","2010-04-07 11:13:00",1,33.0,611,1
"16942.0","2011-04-26 11:59:00","2011-11-27 12:40:00",9,1920.59,12,0
"16943.0","2011-01-25 14:00:00","2011-05-12 11:57:00",3,816.73,211,1
"16944.0","2010-04-09 11:03:00","2010-04-09 11:03:00",1,101.36,609,1
"16945.0","2009-12-09 11:33:00","2011-11-18 11:39:00",33,8548.16,21,0
"16946.0","2010-03-02 10:49:00","2010-11-21 14:06:00",5,1222.04,383,1
"16947.0","2010-03-03 10:54:00","2011-04-18 09:38:00",4,946.71,235,1
"16948.0","2010-02-21 13:48:00","2011-07-24 12:46:00",7,868.77,138,1
"16949.0","2011-01-27 12:11:00","2011-12-06 11:07:00",6,1286.27,3,0
"16950.0","2010-01-24 11:26:00","2011-10-14 09:06:00",10,3776.37,56,1
"16951.0","2011-02-08 14:58:00","2011-07-28 12:05:00",3,1277.75,134,1
"16952.0","2009-12-11 13:52:00","2011-08-22 13:03:00",5,798.78,109,1
"16953.0","2011-11-09 15:54:00","2011-11-09 15:54:00",1,20.8,30,0
"16954.0","2010-01-18 14:49:00","2011-12-09 09:46:00",20,6081.88,0,0
"16955.0","2010-01-31 11:38:00","2011-06-08 10:36:00",6,1309.41,184,1
"16956.0","2011-11-22 08:56:00","2011-11-22 08:56:00",1,308.74,17,0
"16957.0","2011-03-03 09:25:00","2011-04-14 13:56:00",2,416.64,239,1
"16958.0","2010-09-30 14:25:00","2010-09-30 14:25:00",1,809.44,435,1
"16959.0","2011-09-13 15:03:00","2011-09-13 15:03:00",1,117.35,87,1
"16960.0","2010-03-02 13:36:00","2011-11-01 11:35:00",8,2041.48,38,1
"16961.0","2010-06-25 14:36:00","2011-08-15 13:46:00",3,794.56,116,1
"16962.0","2010-10-26 11:36:00","2010-10-26 11:36:00",1,251.04,409,1
"16963.0","2011-06-05 13:48:00","2011-06-05 13:48:00",1,110.55,187,1
"16964.0","2009-12-06 12:51:00","2009-12-06 12:53:00",2,207.85,733,1
"16965.0","2011-04-27 12:08:00","2011-04-27 12:08:00",1,192.07,226,1
"16966.0","2011-04-13 14:17:00","2011-12-01 13:40:00",7,2154.97,8,0
"16967.0","2011-06-03 14:24:00","2011-06-03 14:24:00",1,319.02,189,1
"16968.0","2011-08-24 10:51:00","2011-12-05 15:02:00",2,439.43,4,0
"16969.0","2011-06-01 12:10:00","2011-10-31 13:12:00",3,650.41,39,1
"16970.0","2010-03-23 13:50:00","2010-03-23 13:50:00",1,71.4,626,1
"16971.0","2011-11-01 15:06:00","2011-11-01 15:06:00",1,357.21,38,1
"16972.0","2010-09-09 11:20:00","2010-11-22 10:59:00",2,786.25,382,1
"16973.0","2010-11-18 13:56:00","2010-11-18 13:56:00",1,127.0,386,1
"16974.0","2010-05-24 10:43:00","2010-07-05 10:18:00",2,365.5,522,1
"16975.0","2010-07-22 11:38:00","2010-10-12 17:53:00",3,926.12,423,1
"16976.0","2011-03-17 16:33:00","2011-03-17 16:33:00",1,251.52,267,1
"16977.0","2010-03-18 11:06:00","2010-11-09 13:17:00",4,496.0,395,1
"16978.0","2010-02-11 16:27:00","2011-09-23 12:50:00",3,768.88,77,1
"16979.0","2010-09-15 14:30:00","2011-12-06 12:21:00",9,2859.74,3,0
"16980.0","2010-10-07 14:05:00","2011-03-29 16:36:00",3,1473.33,255,1
"16982.0","2011-10-10 12:28:00","2011-10-10 12:28:00",1,384.06,60,1
"16983.0","2010-09-19 12:38:00","2011-11-27 12:10:00",11,3710.22,12,0
"16984.0","2010-03-07 15:34:00","2011-09-12 13:43:00",9,10754.8,88,1
"16985.0","2009-12-10 13:34:00","2011-11-22 13:33:00",23,10923.16,17,0
"16986.0","2010-02-04 14:46:00","2011-11-10 11:55:00",11,4888.75,29,0
"16987.0","2009-12-02 14:34:00","2011-12-06 17:26:00",11,2513.95,3,0
"16988.0","2010-11-25 09:22:00","2011-12-04 16:02:00",2,382.67,5,0
"16989.0","2011-07-12 09:11:00","2011-12-02 16:39:00",6,1133.25,7,0
"16990.0","2010-10-13 11:42:00","2011-05-05 08:30:00",2,344.0,218,1
"16991.0","2010-10-14 14:08:00","2010-10-14 14:08:00",1,1041.21,421,1
"16992.0","2010-02-11 12:36:00","2011-11-29 11:50:00",13,5476.5,10,0
"16993.0","2010-05-12 13:55:00","2010-09-02 12:16:00",2,1950.95,463,1
"16996.0","2010-10-18 12:24:00","2011-11-09 16:43:00",9,2123.61,30,0
"16997.0","2011-01-18 11:51:00","2011-02-24 17:28:00",3,702.0,288,1
"16998.0","2010-09-21 14:39:00","2011-07-13 09:44:00",5,402.0,149,1
"16999.0","2011-09-26 15:43:00","2011-11-16 13:53:00",2,484.82,23,0
"17000.0","2010-10-27 14:16:00","2010-11-08 13:35:00",2,406.3,396,1
"17001.0","2010-03-25 12:41:00","2011-12-09 09:38:00",19,6640.8,0,0
"17002.0","2010-03-08 15:46:00","2011-09-15 12:40:00",7,2571.55,85,1
"17003.0","2010-05-10 11:20:00","2010-11-02 13:15:00",4,830.16,402,1
"17004.0","2010-10-11 15:43:00","2011-10-24 14:25:00",4,2425.16,46,1
"17005.0","2010-04-30 10:55:00","2010-08-26 10:57:00",2,742.36,470,1
"17006.0","2010-03-05 13:33:00","2011-12-05 12:09:00",8,1636.32,4,0
"17007.0","2010-09-28 13:51:00","2011-10-20 10:47:00",7,1120.1,50,1
"17008.0","2010-10-06 15:19:00","2010-10-06 15:19:00",1,81.36,429,1
"17009.0","2010-06-06 16:01:00","2010-06-06 16:01:00",1,242.06,551,1
"17010.0","2011-11-21 14:49:00","2011-11-21 14:49:00",1,195.36,18,0
"17011.0","2010-02-26 09:47:00","2011-11-09 13:30:00",3,671.7,30,0
"17012.0","2009-12-14 17:34:00","2009-12-14 17:34:00",1,384.16,725,1
"17014.0","2011-10-04 11:36:00","2011-12-01 14:09:00",3,586.33,8,0
"17015.0","2011-06-07 13:19:00","2011-11-11 10:45:00",3,1842.56,28,0
"17016.0","2010-05-12 12:32:00","2010-05-12 12:32:00",1,552.4,576,1
"17017.0","2009-12-03 13:22:00","2011-12-07 09:32:00",29,14110.61,2,0
"17018.0","2009-12-05 10:27:00","2011-10-30 11:42:00",6,2287.7,40,1
"17019.0","2009-12-02 11:52:00","2011-11-28 13:06:00",11,3996.9,11,0
"17020.0","2010-03-03 12:27:00","2010-06-15 13:06:00",2,935.62,542,1
"17021.0","2010-04-29 20:05:00","2010-09-23 20:01:00",6,1182.22,442,1
"17022.0","2010-10-03 10:27:00","2011-11-08 17:09:00",2,260.0,31,1
"17023.0","2010-01-11 15:09:00","2010-10-18 15:37:00",3,800.18,417,1
"17024.0","2011-07-05 09:31:00","2011-10-25 13:47:00",3,95.85,45,1
"17025.0","2010-03-08 13:37:00","2011-10-10 09:06:00",5,1510.64,60,1
"17026.0","2010-10-18 15:22:00","2011-06-07 14:28:00",3,208.98,185,1
"17027.0","2009-12-10 12:10:00","2011-09-22 12:24:00",9,1327.11,78,1
"17028.0","2009-12-18 14:28:00","2010-05-07 15:33:00",3,1593.83,581,1
"17029.0","2010-02-14 10:19:00","2011-08-21 11:06:00",7,2137.3,110,1
"17030.0","2011-10-07 08:49:00","2011-10-07 08:49:00",1,146.87,63,1
"17031.0","2010-05-07 14:52:00","2011-11-28 10:23:00",6,2773.85,11,0
"17032.0","2009-12-10 15:36:00","2010-04-15 14:14:00",5,2916.97,603,1
"17033.0","2010-11-07 12:55:00","2011-09-14 14:34:00",4,1332.79,86,1
"17034.0","2010-07-14 12:55:00","2011-11-23 15:14:00",5,1283.92,16,0
"17035.0","2009-12-03 10:37:00","2011-04-08 11:23:00",4,613.59,245,1
"17036.0","2010-11-21 14:26:00","2010-11-21 14:26:00",1,176.9,383,1
"17037.0","2011-09-13 12:49:00","2011-09-13 12:49:00",1,1267.32,87,1
"17038.0","2010-10-20 16:04:00","2011-11-09 13:50:00",2,743.17,30,0
"17039.0","2010-04-14 12:56:00","2010-04-14 12:56:00",1,1954.99,604,1
"17040.0","2010-06-07 15:08:00","2011-07-25 10:19:00",2,463.25,137,1
"17041.0","2010-04-18 14:25:00","2011-11-13 11:21:00",6,1686.28,26,0
"17042.0","2011-04-06 14:53:00","2011-12-07 12:26:00",5,1044.38,2,0
"17043.0","2009-12-09 15:20:00","2011-11-07 15:33:00",8,2616.55,32,1
"17044.0","2009-12-07 12:25:00","2011-11-14 14:28:00",12,11962.3,25,0
"17045.0","2010-10-06 14:52:00","2011-08-18 17:09:00",5,827.68,113,1
"17046.0","2010-03-29 13:46:00","2011-07-05 14:24:00",5,1906.07,157,1
"17047.0","2009-12-08 08:48:00","2011-09-15 13:27:00",6,2289.23,85,1
"17048.0","2010-01-18 13:55:00","2011-08-14 11:49:00",7,2071.68,117,1
"17049.0","2010-03-04 10:23:00","2011-12-07 10:48:00",19,9947.48,2,0
"17050.0","2010-01-26 14:54:00","2011-09-04 13:48:00",11,4691.79,96,1
"17051.0","2010-03-21 14:55:00","2011-05-29 14:13:00",4,714.39,194,1
"17052.0","2011-11-11 14:50:00","2011-11-11 14:50:00",1,413.75,28,0
"17053.0","2011-08-01 10:23:00","2011-08-01 10:23:00",1,498.48,130,1
"17054.0","2011-04-08 13:14:00","2011-11-11 12:56:00",5,1356.33,28,0
"17055.0","2010-09-20 12:21:00","2010-09-20 12:21:00",1,239.55,445,1
"17056.0","2009-12-01 12:55:00","2009-12-01 12:55:00",1,128.6,738,1
"17057.0","2010-04-22 19:21:00","2010-04-22 19:21:00",1,288.79,596,1
"17058.0","2011-04-14 09:18:00","2011-09-19 10:13:00",3,1179.89,81,1
"17059.0","2010-01-26 14:43:00","2011-11-10 12:27:00",9,5602.53,29,0
"17060.0","2011-03-18 13:27:00","2011-03-18 13:27:00",1,234.24,266,1
"17061.0","2011-04-21 13:29:00","2011-09-27 11:24:00",11,5232.23,73,1
"17062.0","2010-09-26 11:57:00","2011-01-30 11:01:00",6,1198.14,313,1
"17063.0","2009-12-01 12:36:00","2011-11-18 16:19:00",13,3638.53,21,0
"17064.0","2011-01-16 16:10:00","2011-10-12 10:18:00",3,859.35,58,1
"17065.0","2010-03-12 11:40:00","2010-03-12 11:41:00",2,194.7,637,1
"17066.0","2009-12-13 13:24:00","2009-12-13 13:24:00",1,228.34,726,1
"17067.0","2009-12-08 12:03:00","2009-12-15 08:39:00",3,454.54,724,1
"17068.0","2010-03-28 14:26:00","2011-11-27 13:14:00",47,9147.33,12,0
"17069.0","2009-12-03 12:27:00","2011-11-11 17:13:00",14,5794.28,28,0
"17070.0","2010-10-25 15:57:00","2011-08-17 17:01:00",2,445.32,114,1
"17071.0","2010-01-24 13:05:00","2011-11-11 16:31:00",13,3801.2,28,0
"17072.0","2010-03-24 16:33:00","2010-03-24 16:33:00",1,282.05,625,1
"17073.0","2011-08-22 14:37:00","2011-11-22 11:47:00",4,1444.84,17,0
"17074.0","2010-05-26 12:04:00","2010-05-26 12:04:00",1,203.05,562,1
"17075.0","2009-12-14 11:24:00","2011-11-22 11:58:00",10,2241.73,17,0
"17076.0","2009-12-04 12:12:00","2011-11-03 17:53:00",6,1242.75,36,1
"17077.0","2010-05-10 16:36:00","2010-05-10 16:36:00",1,306.0,578,1
"17078.0","2011-11-03 18:49:00","2011-11-03 19:17:00",2,375.86,36,1
"17079.0","2011-09-22 15:34:00","2011-09-22 15:34:00",1,118.8,78,1
"17080.0","2010-07-01 16:03:00","2011-11-17 12:59:00",7,957.53,22,0
"17081.0","2010-02-22 13:19:00","2011-11-14 12:56:00",6,964.39,25,0
"17082.0","2009-12-15 11:25:00","2011-11-06 15:17:00",6,4732.03,33,1
"17083.0","2010-02-09 11:46:00","2011-08-22 15:43:00",9,4049.79,109,1
"17084.0","2010-11-08 14:20:00","2011-11-04 14:54:00",3,5202.97,35,1
"17085.0","2009-12-06 12:16:00","2011-08-08 14:15:00",28,7883.01,123,1
"17086.0","2011-10-07 11:22:00","2011-12-02 13:54:00",6,2050.08,7,0
"17087.0","2009-12-02 10:41:00","2009-12-02 10:41:00",1,221.53,737,1
"17088.0","2011-03-31 09:48:00","2011-11-11 14:23:00",4,1991.01,28,0
"17089.0","2010-11-18 15:33:00","2010-11-18 15:33:00",1,128.45,386,1
"17090.0","2010-07-19 16:02:00","2011-12-05 13:44:00",13,3149.48,4,0
"17091.0","2009-12-16 15:45:00","2011-12-07 10:43:00",19,7811.1,2,0
"17092.0","2010-02-02 16:42:00","2011-10-20 19:51:00",11,5594.96,50,1
"17093.0","2010-04-26 10:22:00","2010-04-26 10:22:00",1,235.88,592,1
"17094.0","2010-10-12 10:48:00","2011-01-21 13:09:00",2,402.2,322,1
"17095.0","2009-12-15 12:32:00","2011-11-17 12:21:00",7,2572.25,22,0
"17096.0","2010-06-02 14:48:00","2011-11-24 15:01:00",11,3759.18,15,0
"17097.0","2010-10-05 14:09:00","2011-12-07 17:05:00",9,1340.45,2,0
"17098.0","2010-06-17 10:30:00","2010-11-23 12:13:00",3,591.07,381,1
"17099.0","2010-06-24 16:25:00","2010-06-24 16:25:00",1,582.17,533,1
"17100.0","2011-11-21 16:36:00","2011-11-21 16:36:00",2,971.74,18,0
"17101.0","2010-06-07 15:12:00","2011-11-29 13:57:00",7,2507.05,10,0
"17102.0","2011-03-23 10:08:00","2011-03-23 10:08:00",1,25.5,261,1
"17103.0","2009-12-17 14:08:00","2009-12-17 14:08:00",1,424.3,722,1
"17104.0","2010-10-12 12:21:00","2010-10-12 12:21:00",1,474.03,423,1
"17105.0","2011-02-06 14:46:00","2011-07-03 15:53:00",2,665.78,159,1
"17106.0","2010-11-15 14:11:00","2010-11-15 14:11:00",1,491.23,389,1
"17107.0","2010-01-31 15:47:00","2011-11-06 14:14:00",10,16075.42,33,1
"17108.0","2010-02-14 12:22:00","2010-02-14 12:22:00",1,174.95,663,1
"17109.0","2010-07-30 12:42:00","2011-11-10 16:59:00",8,1295.46,29,0
"17110.0","2010-04-08 13:32:00","2011-06-27 12:58:00",3,510.7,165,1
"17111.0","2010-10-10 15:21:00","2011-10-23 15:59:00",2,476.58,47,1
"17112.0","2010-07-25 11:14:00","2010-07-25 11:14:00",1,205.17,502,1
"17113.0","2010-01-11 10:14:00","2010-05-14 13:59:00",6,2322.59,574,1
"17114.0","2011-01-09 11:39:00","2011-12-04 12:17:00",8,808.62,5,0
"17115.0","2009-12-05 12:13:00","2011-12-01 14:30:00",7,2761.49,8,0
"17116.0","2010-03-01 16:29:00","2010-03-01 16:29:00",1,389.78,648,1
"17117.0","2011-02-24 13:54:00","2011-02-24 13:54:00",1,116.2,288,1
"17118.0","2011-01-26 12:19:00","2011-01-26 12:19:00",1,157.02,317,1
"17119.0","2011-10-11 11:03:00","2011-12-06 14:40:00",2,606.91,3,0
"17120.0","2011-04-20 15:21:00","2011-04-20 15:21:00",1,307.46,233,1
"17121.0","2010-11-02 11:47:00","2010-11-02 11:47:00",1,314.74,402,1
"17122.0","2010-07-28 09:34:00","2011-08-12 14:33:00",4,570.5,119,1
"17123.0","2010-05-16 11:52:00","2011-07-01 10:47:00",3,966.67,161,1
"17124.0","2011-06-07 14:02:00","2011-06-07 14:02:00",1,298.89,185,1
"17125.0","2011-10-20 14:41:00","2011-10-20 14:41:00",1,259.35,50,1
"17126.0","2010-08-31 13:41:00","2011-07-10 13:52:00",9,2062.94,152,1
"17127.0","2009-12-04 15:18:00","2010-10-07 09:54:00",5,1155.03,428,1
"17128.0","2011-01-09 12:02:00","2011-01-09 12:02:00",1,157.09,334,1
"17129.0","2010-07-07 13:46:00","2010-07-07 13:46:00",1,31.85,520,1
"17131.0","2011-09-25 12:42:00","2011-12-04 12:52:00",5,2463.17,5,0
"17132.0","2010-08-08 13:49:00","2010-09-13 16:31:00",2,1272.8,452,1
"17133.0","2010-03-21 12:31:00","2011-11-24 12:27:00",12,14622.33,15,0
"17134.0","2010-09-23 18:32:00","2011-08-25 09:53:00",3,637.1,106,1
"17135.0","2010-05-09 16:03:00","2011-11-23 16:48:00",10,1948.36,16,0
"17136.0","2010-02-15 13:13:00","2010-02-15 13:13:00",1,231.68,662,1
"17137.0","2010-01-31 12:27:00","2010-10-19 14:51:00",6,1133.63,416,1
"17138.0","2010-02-04 14:19:00","2011-03-09 11:54:00",7,4417.27,275,1
"17139.0","2010-01-11 11:31:00","2011-11-24 10:12:00",25,19584.46,15,0
"17140.0","2011-04-06 13:33:00","2011-04-06 13:33:00",1,465.32,247,1
"17141.0","2010-01-24 14:19:00","2010-10-17 14:54:00",4,754.33,418,1
"17142.0","2010-01-24 15:23:00","2011-04-14 18:22:00",4,1283.75,239,1
"17143.0","2010-07-12 13:26:00","2010-10-18 15:27:00",2,924.11,417,1
"17144.0","2011-09-16 12:50:00","2011-12-08 17:57:00",2,984.57,1,0
"17145.0","2010-02-19 12:07:00","2010-07-15 09:02:00",4,3120.91,512,1
"17146.0","2010-02-02 09:39:00","2011-08-26 12:44:00",13,5860.24,105,1
"17147.0","2010-01-11 09:38:00","2011-11-17 12:32:00",9,3199.95,22,0
"17148.0","2011-10-19 09:59:00","2011-10-19 09:59:00",1,124.88,51,1
"17149.0","2010-09-14 14:56:00","2010-09-14 14:56:00",1,143.1,451,1
"17150.0","2009-12-06 10:51:00","2010-11-28 11:27:00",6,1375.65,376,1
"17151.0","2009-12-04 14:56:00","2009-12-04 14:56:00",1,231.9,735,1
"17152.0","2010-10-10 12:40:00","2011-05-29 12:19:00",4,2016.5,194,1
"17153.0","2011-11-15 13:42:00","2011-11-15 13:42:00",1,213.78,24,0
"17154.0","2011-09-25 13:42:00","2011-09-25 13:42:00",1,329.34,75,1
"17155.0","2009-12-03 11:34:00","2011-11-22 12:38:00",7,892.46,17,0
"17156.0","2010-08-05 11:30:00","2010-08-05 11:30:00",1,591.87,491,1
"17157.0","2009-12-04 13:00:00","2011-12-02 09:10:00",19,5151.9,7,0
"17158.0","2010-03-07 15:50:00","2011-11-07 15:15:00",5,1980.0,32,1
"17159.0","2010-03-04 14:53:00","2011-11-18 10:52:00",5,2099.59,21,0
"17160.0","2009-12-04 10:57:00","2011-11-08 14:05:00",17,10209.16,31,1
"17161.0","2010-09-21 16:44:00","2010-09-21 16:44:00",1,856.01,444,1
"17162.0","2011-02-07 12:27:00","2011-11-11 11:34:00",10,1715.46,28,0
"17163.0","2010-02-02 10:39:00","2011-11-18 08:57:00",4,699.78,21,0
"17164.0","2011-03-11 14:26:00","2011-11-07 09:14:00",7,2467.35,32,1
"17165.0","2009-12-11 09:18:00","2011-02-28 16:39:00",6,1794.32,284,1
"17166.0","2011-05-20 08:18:00","2011-11-01 09:46:00",2,206.34,38,1
"17167.0","2010-09-20 14:02:00","2010-11-25 10:05:00",3,867.11,379,1
"17168.0","2010-07-29 12:33:00","2010-07-29 12:33:00",1,400.2,498,1
"17169.0","2010-05-10 13:00:00","2011-10-13 10:25:00",3,1156.73,57,1
"17170.0","2010-11-15 16:23:00","2010-11-30 15:55:00",2,178.68,374,1
"17171.0","2010-02-16 12:02:00","2011-02-23 16:37:00",2,384.59,289,1
"17172.0","2009-12-13 11:46:00","2011-09-22 09:36:00",3,956.57,78,1
"17173.0","2011-07-31 15:26:00","2011-12-04 14:40:00",8,3766.6,5,0
"17174.0","2011-05-06 11:47:00","2011-05-06 11:47:00",1,59.9,217,1
"17175.0","2011-02-16 14:56:00","2011-10-26 15:31:00",4,1443.69,44,1
"17176.0","2010-01-31 15:49:00","2011-05-22 12:41:00",3,902.32,201,1
"17177.0","2010-07-22 14:53:00","2010-07-22 14:53:00",1,119.5,505,1
"17178.0","2009-12-08 16:20:00","2009-12-08 16:20:00",1,436.71,731,1
"17179.0","2010-05-26 11:22:00","2011-06-14 16:48:00",6,1507.26,178,1
"17180.0","2010-01-21 17:43:00","2011-10-14 15:46:00",11,2256.98,56,1
"17181.0","2010-04-23 11:21:00","2011-10-13 14:48:00",3,465.37,57,1
"17182.0","2009-12-21 15:22:00","2010-10-13 10:09:00",2,321.3,422,1
"17183.0","2011-08-26 15:25:00","2011-12-02 10:07:00",6,3347.31,7,0
"17184.0","2009-12-09 14:17:00","2010-05-19 14:24:00",2,198.41,569,1
"17185.0","2010-04-20 13:49:00","2010-04-27 12:15:00",3,229.46,591,1
"17186.0","2011-10-10 12:52:00","2011-10-24 10:20:00",2,144.0,46,1
"17187.0","2010-07-01 14:38:00","2011-04-27 12:39:00",2,467.71,226,1
"17188.0","2009-12-08 19:16:00","2011-11-28 13:53:00",13,4592.93,11,0
"17189.0","2009-12-02 11:45:00","2011-08-25 19:39:00",5,957.63,106,1
"17190.0","2010-03-05 13:21:00","2011-10-12 11:33:00",7,1741.2,58,1
"17191.0","2009-12-01 16:34:00","2011-11-11 16:58:00",15,4836.05,28,0
"17192.0","2010-06-21 16:07:00","2010-06-21 16:07:00",1,77.83,536,1
"17193.0","2009-12-02 10:02:00","2011-11-04 12:47:00",9,2310.04,35,1
"17194.0","2010-06-27 13:16:00","2010-12-14 12:06:00",2,776.66,360,1
"17195.0","2010-02-22 13:05:00","2010-02-22 13:05:00",1,562.98,655,1
"17196.0","2010-10-08 11:31:00","2010-10-08 11:31:00",1,352.9,427,1
"17197.0","2011-11-10 10:32:00","2011-11-10 10:32:00",1,1013.01,29,0
"17198.0","2010-12-03 14:54:00","2011-11-16 10:39:00",3,1213.88,23,0
"17199.0","2010-05-06 13:53:00","2010-05-06 13:53:00",1,145.12,582,1
"17200.0","2010-02-25 13:23:00","2010-11-17 13:04:00",4,356.71,387,1
"17201.0","2010-02-10 12:26:00","2011-10-17 11:55:00",4,1231.54,53,1
"17202.0","2010-10-15 11:25:00","2010-10-15 11:25:00",1,160.65,420,1
"17203.0","2010-11-16 12:52:00","2011-11-04 12:27:00",10,5575.88,35,1
"17204.0","2010-06-10 11:37:00","2011-06-17 14:46:00",9,5504.69,175,1
"17205.0","2010-05-24 15:36:00","2011-10-17 12:46:00",3,999.35,53,1
"17206.0","2011-10-17 13:25:00","2011-10-17 13:25:00",1,204.24,53,1
"17207.0","2010-02-25 19:08:00","2010-02-25 19:08:00",1,302.37,652,1
"17208.0","2010-11-09 12:50:00","2010-11-09 12:50:00",1,115.35,395,1
"17209.0","2009-12-03 11:10:00","2010-02-28 16:01:00",3,611.6,649,1
"17210.0","2010-11-12 12:15:00","2010-11-12 12:15:00",1,253.37,392,1
"17211.0","2009-12-13 13:17:00","2011-11-13 12:03:00",13,4046.65,26,0
"17212.0","2010-08-10 09:22:00","2011-03-31 19:42:00",3,794.41,253,1
"17213.0","2009-12-15 10:28:00","2011-10-30 14:53:00",13,5182.3,40,1
"17214.0","2010-12-15 15:14:00","2011-10-10 13:17:00",6,1069.12,60,1
"17215.0","2010-09-01 13:39:00","2010-09-01 13:39:00",1,186.15,464,1
"17216.0","2010-06-03 13:03:00","2010-06-03 13:03:00",1,65.05,554,1
"17217.0","2010-03-30 13:35:00","2011-04-19 17:19:00",2,218.0,234,1
"17218.0","2010-01-25 16:12:00","2011-12-05 13:52:00",18,4190.68,4,0
"17219.0","2010-10-19 11:29:00","2011-11-08 11:25:00",2,259.13,31,1
"17220.0","2010-01-20 11:57:00","2011-11-15 13:47:00",21,4475.85,24,0
"17221.0","2010-04-11 15:34:00","2011-12-02 13:35:00",5,978.52,7,0
"17222.0","2010-01-10 15:24:00","2011-10-05 13:58:00",6,1589.11,65,1
"17223.0","2010-11-29 17:19:00","2011-02-02 15:57:00",3,803.53,310,1
"17224.0","2010-07-26 13:30:00","2010-07-26 13:30:00",1,100.86,501,1
"17225.0","2010-05-07 11:38:00","2010-05-07 11:38:00",1,131.15,581,1
"17226.0","2010-02-12 14:31:00","2011-02-04 11:52:00",3,900.12,308,1
"17227.0","2010-01-15 15:05:00","2011-11-21 10:51:00",12,2022.03,18,0
"17228.0","2010-03-12 11:54:00","2011-11-24 10:24:00",13,3177.24,15,0
"17229.0","2011-07-20 12:38:00","2011-09-04 13:56:00",2,318.76,96,1
"17230.0","2009-12-08 13:41:00","2011-03-20 16:12:00",18,9924.95,264,1
"17231.0","2009-12-07 16:38:00","2011-11-27 15:18:00",25,7197.04,12,0
"17232.0","2011-11-25 12:24:00","2011-12-07 12:21:00",2,421.52,2,0
"17233.0","2009-12-15 12:03:00","2011-11-04 14:06:00",3,560.86,35,1
"17234.0","2011-06-10 11:20:00","2011-06-10 11:20:00",1,149.89,182,1
"17235.0","2010-06-04 17:01:00","2011-11-14 15:51:00",8,1904.88,25,0
"17236.0","2010-03-07 13:00:00","2011-11-27 12:00:00",12,1929.26,12,0
"17237.0","2010-11-23 11:45:00","2011-11-28 15:02:00",4,1002.08,11,0
"17238.0","2009-12-01 10:59:00","2011-12-07 11:35:00",32,7782.6,2,0
"17239.0","2010-07-01 10:53:00","2011-01-31 09:41:00",4,1189.45,312,1
"17240.0","2010-04-22 15:44:00","2010-04-22 15:44:00",1,130.6,596,1
"17241.0","2010-02-15 14:47:00","2010-11-19 13:01:00",12,2744.14,385,1
"17242.0","2010-01-24 10:27:00","2011-08-23 14:55:00",5,2889.28,108,1
"17243.0","2009-12-01 15:36:00","2011-12-08 13:26:00",69,20870.96,1,0
"17244.0","2009-12-06 11:27:00","2011-10-17 15:19:00",5,1826.04,53,1
"17245.0","2010-01-19 15:39:00","2011-05-19 10:43:00",2,371.63,204,1
"17246.0","2009-12-01 17:45:00","2010-06-11 12:36:00",2,38.92,546,1
"17247.0","2011-11-24 15:21:00","2011-11-24 15:21:00",1,282.19,15,0
"17248.0","2010-08-15 11:55:00","2011-08-11 13:34:00",2,546.16,120,1
"17249.0","2010-10-07 11:33:00","2010-10-07 11:33:00",1,68.03,428,1
"17250.0","2011-03-23 16:45:00","2011-12-06 12:15:00",2,384.52,3,0
"17251.0","2009-12-15 10:36:00","2010-12-12 11:06:00",3,812.43,362,1
"17252.0","2011-06-06 16:41:00","2011-08-15 09:45:00",2,353.86,116,1
"17253.0","2011-11-21 12:59:00","2011-11-21 12:59:00",1,178.26,18,0
"17254.0","2010-11-03 14:00:00","2011-12-05 12:46:00",3,470.73,4,0
"17255.0","2010-09-19 15:53:00","2011-10-30 12:18:00",4,799.13,40,1
"17256.0","2010-04-18 13:40:00","2011-08-24 13:30:00",5,498.93,107,1
"17257.0","2010-09-29 12:49:00","2010-09-29 12:51:00",2,192.73,436,1
"17258.0","2010-02-12 15:51:00","2010-11-08 12:37:00",2,417.3,396,1
"17259.0","2010-02-22 13:38:00","2011-07-14 15:01:00",6,1889.34,148,1
"17260.0","2010-10-24 13:21:00","2010-10-24 13:21:00",1,120.95,411,1
"17261.0","2010-07-18 11:49:00","2010-07-18 11:49:00",1,230.44,509,1
"17262.0","2009-12-15 11:26:00","2011-10-18 12:56:00",11,2757.62,52,1
"17263.0","2011-05-15 14:32:00","2011-05-15 14:32:00",1,63.44,208,1
"17264.0","2010-10-11 12:52:00","2010-10-11 12:52:00",1,279.59,424,1
"17265.0","2011-06-12 12:00:00","2011-07-24 10:49:00",2,562.9,138,1
"17266.0","2010-03-09 10:42:00","2011-12-07 14:12:00",5,517.73,2,0
"17267.0","2011-08-04 17:19:00","2011-08-04 17:22:00",2,317.62,127,1
"17268.0","2009-12-08 11:46:00","2011-08-24 10:06:00",11,1733.89,107,1
"17269.0","2010-11-19 11:12:00","2010-11-19 11:12:00",1,537.46,385,1
"17270.0","2009-12-07 17:18:00","2010-08-27 14:09:00",2,604.4,469,1
"17271.0","2009-12-03 13:49:00","2009-12-03 13:49:00",1,210.39,736,1
"17272.0","2011-03-22 12:05:00","2011-10-28 16:37:00",4,2148.63,42,1
"17273.0","2010-10-11 15:57:00","2010-10-11 15:57:00",1,141.12,424,1
"17274.0","2010-11-09 12:06:00","2011-11-04 13:16:00",2,577.38,35,1
"17275.0","2010-11-21 13:26:00","2010-11-21 13:26:00",1,114.52,383,1
"17276.0","2010-11-02 16:20:00","2010-11-02 16:20:00",1,507.14,402,1
"17277.0","2011-01-21 12:37:00","2011-04-26 12:47:00",2,1065.35,227,1
"17278.0","2010-05-23 13:49:00","2011-04-12 13:10:00",2,271.24,241,1
"17279.0","2011-10-13 11:58:00","2011-10-13 11:58:00",1,187.83,57,1
"17280.0","2010-09-27 16:46:00","2010-09-27 16:46:00",1,118.86,438,1
"17281.0","2010-02-04 13:00:00","2010-11-30 18:05:00",6,797.85,374,1
"17282.0","2010-06-09 12:07:00","2011-08-01 14:29:00",5,2339.66,130,1
"17283.0","2010-11-26 11:53:00","2010-11-26 11:53:00",1,188.46,378,1
"17284.0","2010-11-15 17:14:00","2011-10-10 14:38:00",7,2563.7,60,1
"17285.0","2010-02-14 14:10:00","2010-03-21 13:38:00",2,420.84,628,1
"17286.0","2010-11-04 13:43:00","2011-11-18 12:47:00",3,395.48,21,0
"17287.0","2009-12-03 12:45:00","2011-11-13 13:27:00",21,4111.96,26,0
"17288.0","2010-11-10 14:44:00","2011-11-30 16:09:00",11,2499.98,9,0
"17289.0","2010-03-08 12:52:00","2011-11-08 12:01:00",9,2079.39,31,1
"17290.0","2009-12-13 13:28:00","2011-12-06 12:38:00",8,1440.96,3,0
"17291.0","2011-02-04 13:04:00","2011-02-04 13:04:00",1,550.8,308,1
"17292.0","2010-05-09 14:52:00","2010-08-24 17:14:00",2,271.75,472,1
"17293.0","2009-12-03 15:09:00","2011-12-01 14:37:00",17,3774.23,8,0
"17294.0","2010-02-08 14:21:00","2010-02-08 16:12:00",2,467.79,669,1
"17295.0","2011-10-06 12:22:00","2011-11-11 10:49:00",3,556.95,28,0
"17296.0","2009-12-09 14:01:00","2009-12-09 14:01:00",1,338.13,730,1
"17297.0","2011-11-22 14:43:00","2011-11-22 14:43:00",1,131.78,17,0
"17298.0","2010-03-08 08:56:00","2011-08-30 16:43:00",5,941.66,101,1
"17299.0","2010-08-15 16:00:00","2011-11-28 12:01:00",6,1016.08,11,0
"17300.0","2010-08-15 11:02:00","2010-11-14 10:56:00",2,393.64,390,1
"17301.0","2010-03-25 13:16:00","2011-11-18 13:43:00",2,330.43,21,0
"17302.0","2011-02-07 10:14:00","2011-11-25 09:36:00",5,1135.63,14,0
"17303.0","2010-12-13 13:32:00","2010-12-13 13:32:00",1,250.04,361,1
"17304.0","2010-06-23 16:23:00","2010-06-23 16:23:00",1,111.5,534,1
"17305.0","2010-03-01 12:47:00","2010-03-01 12:47:00",1,2135.46,648,1
"17306.0","2010-11-01 11:38:00","2011-11-29 12:14:00",21,9782.35,10,0
"17307.0","2010-01-19 16:38:00","2010-11-09 13:40:00",11,3999.89,395,1
"17308.0","2010-09-13 09:35:00","2010-11-11 13:19:00",2,4511.76,393,1
"17309.0","2010-02-04 15:49:00","2011-09-05 15:20:00",3,330.59,95,1
"17310.0","2010-06-23 11:38:00","2010-11-17 16:00:00",2,1025.1,387,1
"17311.0","2010-02-03 12:38:00","2011-09-22 14:11:00",6,3566.56,78,1
"17312.0","2011-07-03 13:12:00","2011-07-24 11:52:00",3,644.3,138,1
"17313.0","2011-11-08 15:45:00","2011-11-08 15:45:00",1,2328.84,31,1
"17314.0","2009-12-03 11:25:00","2011-11-15 09:41:00",17,4904.43,24,0
"17315.0","2010-09-27 12:45:00","2011-12-08 12:15:00",41,9610.52,1,0
"17316.0","2010-10-15 14:35:00","2010-10-15 14:35:00",1,124.45,420,1
"17317.0","2011-09-11 12:45:00","2011-10-24 17:19:00",3,2600.34,46,1
"17318.0","2009-12-14 13:11:00","2009-12-14 13:11:00",1,164.28,725,1
"17319.0","2010-02-08 15:47:00","2010-02-08 15:47:00",1,29.1,669,1
"17320.0","2010-01-21 16:29:00","2011-08-31 13:31:00",6,2895.77,100,1
"17321.0","2010-05-11 12:10:00","2011-12-01 13:41:00",6,1741.18,8,0
"17322.0","2009-12-03 11:46:00","2010-11-28 14:41:00",5,922.59,376,1
"17323.0","2010-01-10 11:58:00","2011-11-24 17:29:00",12,1562.19,15,0
"17324.0","2009-12-18 15:29:00","2011-11-22 10:34:00",12,2301.87,17,0
"17325.0","2010-03-08 11:31:00","2011-03-04 13:09:00",3,609.57,280,1
"17326.0","2010-06-28 14:05:00","2010-10-27 15:38:00",2,321.95,408,1
"17327.0","2010-05-26 11:20:00","2010-10-26 09:54:00",2,152.35,409,1
"17328.0","2010-02-04 17:11:00","2010-02-04 17:11:00",1,104.7,673,1
"17329.0","2009-12-03 16:09:00","2011-11-25 14:24:00",5,1004.43,14,0
"17330.0","2010-03-02 09:20:00","2011-11-17 08:56:00",4,423.8,22,0
"17331.0","2011-08-08 11:55:00","2011-08-08 11:55:00",1,175.2,123,1
"17332.0","2010-02-21 14:41:00","2010-06-29 16:10:00",5,827.77,528,1
"17333.0","2011-09-15 10:11:00","2011-09-15 10:11:00",1,494.25,85,1
"17334.0","2010-10-29 12:16:00","2011-02-10 14:59:00",3,635.15,302,1
"17335.0","2010-01-24 11:15:00","2010-11-21 10:17:00",2,508.0,383,1
"17336.0","2010-08-24 15:37:00","2010-08-24 15:37:00",1,81.12,472,1
"17337.0","2011-02-02 17:06:00","2011-07-11 14:55:00",4,2026.42,151,1
"17338.0","2010-03-10 16:09:00","2011-11-22 14:23:00",17,12133.78,17,0
"17339.0","2010-07-18 13:08:00","2011-09-06 13:29:00",3,362.36,94,1
"17340.0","2010-02-14 14:54:00","2011-11-10 10:45:00",18,22404.82,29,0
"17341.0","2010-06-17 18:17:00","2011-07-06 12:33:00",5,1889.83,156,1
"17342.0","2010-02-08 09:16:00","2010-11-25 11:07:00",4,1227.54,379,1
"17343.0","2009-12-03 18:30:00","2010-12-19 15:07:00",6,1259.94,355,1
"17344.0","2009-12-11 12:31:00","2011-10-24 12:56:00",2,468.11,46,1
"17345.0","2009-12-01 16:17:00","2011-11-24 15:02:00",10,1604.68,15,0
"17346.0","2010-04-18 12:18:00","2011-12-06 12:18:00",26,5315.8,3,0
"17347.0","2011-09-14 13:12:00","2011-09-14 13:12:00",1,228.96,86,1
"17348.0","2010-03-10 12:13:00","2011-11-25 11:25:00",9,2464.31,14,0
"17349.0","2010-03-18 14:26:00","2011-06-13 14:29:00",5,852.25,179,1
"17350.0","2010-02-01 15:38:00","2011-12-01 15:47:00",7,1906.04,8,0
"17351.0","2009-12-10 18:43:00","2011-11-03 18:45:00",12,1964.38,36,1
"17352.0","2010-01-12 16:13:00","2010-01-12 16:13:00",1,36.25,696,1
"17353.0","2010-03-25 12:52:00","2011-08-02 17:19:00",4,3242.0,129,1
"17354.0","2010-10-07 13:22:00","2011-10-20 10:34:00",4,3143.46,50,1
"17355.0","2010-11-18 13:18:00","2010-11-18 13:18:00",1,285.11,386,1
"17356.0","2010-01-20 12:14:00","2011-02-01 11:07:00",5,946.47,311,1
"17357.0","2011-11-15 16:29:00","2011-11-15 16:30:00",2,388.14,24,0
"17358.0","2010-02-24 16:42:00","2011-02-09 16:57:00",5,866.05,303,1
"17359.0","2010-03-01 14:48:00","2011-11-28 14:37:00",2,284.46,11,0
"17360.0","2010-10-01 12:07:00","2011-11-22 13:11:00",6,1231.38,17,0
"17361.0","2010-02-01 14:30:00","2011-10-21 15:43:00",5,880.64,49,1
"17362.0","2010-01-06 10:53:00","2011-04-14 14:43:00",7,1024.04,239,1
"17363.0","2010-11-02 17:25:00","2010-11-09 17:11:00",3,940.86,395,1
"17364.0","2009-12-07 15:28:00","2011-12-09 09:00:00",28,12070.42,0,0
"17365.0","2010-02-01 11:56:00","2011-11-27 12:13:00",15,8219.94,12,0
"17366.0","2010-09-09 19:46:00","2010-10-03 16:04:00",2,1096.24,432,1
"17367.0","2011-04-15 14:21:00","2011-04-15 14:21:00",1,168.4,238,1
"17368.0","2009-12-15 17:45:00","2011-11-16 15:26:00",14,2826.14,23,0
"17369.0","2010-09-10 09:49:00","2010-09-10 09:49:00",1,979.2,455,1
"17370.0","2011-06-23 11:50:00","2011-09-28 10:14:00",4,446.18,72,1
"17371.0","2009-12-08 12:25:00","2011-11-22 13:30:00",6,658.55,17,0
"17372.0","2009-12-03 18:41:00","2011-10-30 11:37:00",27,4346.71,40,1
"17373.0","2010-02-28 14:17:00","2011-10-30 15:28:00",7,1167.5,40,1
"17374.0","2010-11-09 17:14:00","2011-05-05 09:05:00",3,727.11,218,1
"17375.0","2010-10-04 09:14:00","2011-05-24 15:45:00",4,660.55,199,1
"17376.0","2010-07-05 11:11:00","2011-09-30 12:36:00",4,453.64,70,1
"17377.0","2009-12-02 12:39:00","2011-11-16 11:17:00",78,18314.37,23,0
"17378.0","2010-11-30 18:46:00","2010-11-30 18:46:00",1,10.95,374,1
"17379.0","2011-11-28 13:56:00","2011-11-28 13:56:00",1,404.66,11,0
"17380.0","2010-06-23 11:24:00","2010-10-01 16:42:00",3,645.0,434,1
"17381.0","2010-06-09 12:55:00","2011-12-01 11:59:00",38,40002.37,8,0
"17382.0","2010-05-19 11:33:00","2011-10-05 13:05:00",8,902.28,65,1
"17383.0","2010-09-12 14:54:00","2011-12-05 17:36:00",2,309.99,4,0
"17384.0","2010-08-29 16:01:00","2011-11-20 15:48:00",3,507.55,19,0
"17385.0","2011-11-25 11:02:00","2011-11-25 11:02:00",1,261.11,14,0
"17386.0","2010-11-19 13:40:00","2011-12-02 11:28:00",7,2812.77,7,0
"17387.0","2011-11-06 11:25:00","2011-11-20 11:00:00",2,784.11,19,0
"17388.0","2009-12-10 11:45:00","2011-09-23 10:31:00",11,2691.57,77,1
"17389.0","2009-12-04 12:06:00","2011-12-09 09:38:00",61,57224.68,0,0
"17390.0","2010-10-15 11:29:00","2010-10-15 11:29:00",1,149.3,420,1
"17391.0","2011-06-28 12:21:00","2011-06-29 09:58:00",2,508.8,163,1
"17392.0","2010-09-15 16:17:00","2011-02-06 12:48:00",3,620.56,306,1
"17393.0","2010-08-08 15:53:00","2010-10-25 11:10:00",2,381.15,410,1
"17394.0","2011-05-04 13:22:00","2011-05-04 13:22:00",1,203.87,219,1
"17395.0","2010-07-19 15:34:00","2010-07-19 15:34:00",1,97.5,508,1
"17396.0","2010-09-24 13:04:00","2011-10-31 14:12:00",13,8789.1,39,1
"17397.0","2010-10-19 13:20:00","2011-11-17 14:08:00",3,1233.18,22,0
"17398.0","2011-03-29 13:04:00","2011-08-17 09:48:00",3,653.38,114,1
"17400.0","2009-12-17 15:41:00","2011-08-05 15:38:00",8,4677.05,126,1
"17401.0","2010-06-16 16:54:00","2010-06-16 16:54:00",1,114.85,541,1
"17402.0","2009-12-16 17:40:00","2011-12-05 10:15:00",22,5061.18,4,0
"17403.0","2010-09-15 12:29:00","2011-11-03 15:18:00",2,400.57,36,1
"17404.0","2010-01-07 11:31:00","2011-12-05 16:26:00",21,47638.12,4,0
"17405.0","2011-07-12 14:17:00","2011-12-08 17:12:00",3,1031.41,1,0
"17406.0","2009-12-06 13:45:00","2011-01-10 15:07:00",13,4905.05,333,1
"17407.0","2010-10-24 11:57:00","2010-10-24 11:57:00",1,552.9,411,1
"17408.0","2010-07-13 14:02:00","2011-06-29 12:53:00",3,316.09,163,1
"17409.0","2009-12-11 12:17:00","2011-06-08 10:36:00",10,7793.51,184,1
"17410.0","2011-05-08 15:21:00","2011-11-23 15:46:00",5,1214.72,16,0
"17411.0","2009-12-03 12:02:00","2011-11-27 14:25:00",5,1425.38,12,0
"17412.0","2009-12-02 13:51:00","2011-12-07 11:36:00",16,4417.52,2,0
"17413.0","2010-05-19 11:11:00","2010-10-31 12:33:00",2,560.14,404,1
"17414.0","2009-12-03 16:49:00","2011-10-27 12:13:00",6,2249.52,43,1
"17415.0","2011-09-21 12:50:00","2011-09-21 12:50:00",1,507.84,79,1
"17416.0","2009-12-14 16:29:00","2011-11-10 12:47:00",22,17298.45,29,0
"17417.0","2010-06-09 10:00:00","2010-06-09 10:00:00",1,164.18,548,1
"17418.0","2010-11-17 13:42:00","2011-10-28 13:00:00",3,670.06,42,1
"17419.0","2010-01-25 13:19:00","2011-11-28 13:47:00",18,6500.52,11,0
"17420.0","2010-11-03 13:09:00","2011-10-20 14:52:00",6,1084.43,50,1
"17421.0","2009-12-04 15:43:00","2010-11-18 16:57:00",3,1059.41,386,1
"17422.0","2010-06-23 10:19:00","2011-11-23 13:27:00",11,3594.76,16,0
"17423.0","2010-11-11 12:26:00","2011-10-24 13:36:00",3,1118.95,46,1
"17425.0","2011-10-10 11:37:00","2011-11-20 15:30:00",2,759.17,19,0
"17426.0","2010-02-17 13:39:00","2011-12-01 18:07:00",13,8077.77,8,0
"17427.0","2011-09-29 11:29:00","2011-09-29 11:29:00",1,100.8,71,1
"17428.0","2009-12-01 17:28:00","2011-12-09 09:45:00",45,31819.76,0,0
"17429.0","2010-10-06 12:30:00","2011-08-03 13:22:00",5,1357.46,128,1
"17430.0","2010-08-17 11:52:00","2011-11-07 09:24:00",4,735.17,32,1
"17431.0","2011-01-30 14:36:00","2011-01-30 14:36:00",1,403.3,313,1
"17432.0","2009-12-03 19:13:00","2011-11-21 17:33:00",9,1751.39,18,0
"17433.0","2010-11-19 13:37:00","2011-09-12 14:24:00",2,569.96,88,1
"17434.0","2011-09-15 13:54:00","2011-12-07 13:16:00",7,2373.82,2,0
"17435.0","2010-10-24 13:55:00","2010-10-24 13:55:00",1,331.35,411,1
"17436.0","2009-12-07 12:31:00","2011-12-08 12:30:00",5,534.06,1,0
"17437.0","2010-06-28 11:11:00","2010-06-28 11:11:00",1,373.17,529,1
"17438.0","2010-03-08 16:53:00","2011-03-31 10:26:00",5,1422.77,253,1
"17439.0","2010-02-22 12:48:00","2010-02-22 12:48:00",1,325.74,655,1
"17440.0","2010-06-08 14:40:00","2011-07-06 11:54:00",4,323.58,156,1
"17441.0","2009-12-07 13:32:00","2009-12-07 13:32:00",1,293.35,732,1
"17442.0","2010-02-15 15:54:00","2011-11-03 09:17:00",15,4620.3,36,1
"17443.0","2011-05-04 10:47:00","2011-05-04 10:47:00",1,534.24,219,1
"17444.0","2011-06-20 09:04:00","2011-07-11 10:33:00",2,2389.1,151,1
"17446.0","2011-02-02 14:40:00","2011-06-16 10:42:00",2,120.9,176,1
"17447.0","2011-09-29 10:10:00","2011-10-30 14:18:00",2,541.53,40,1
"17448.0","2010-03-04 17:29:00","2010-06-28 13:58:00",41,14481.97,529,1
"17449.0","2009-12-09 14:16:00","2011-12-07 16:56:00",13,4948.15,2,0
"17450.0","2010-09-27 16:59:00","2011-12-01 13:29:00",51,246973.09,8,0
"17451.0","2011-08-26 11:54:00","2011-12-08 15:02:00",7,1721.4,1,0
"17453.0","2011-10-06 17:02:00","2011-11-22 09:42:00",2,486.72,17,0
"17454.0","2010-01-15 15:40:00","2011-05-31 13:58:00",10,1547.94,192,1
"17455.0","2011-05-20 12:31:00","2011-05-20 12:31:00",1,131.7,203,1
"17456.0","2010-09-09 15:28:00","2010-12-09 15:23:00",2,1225.42,365,1
"17457.0","2009-12-07 14:52:00","2011-08-05 12:48:00",14,5984.81,126,1
"17458.0","2010-11-23 11:43:00","2011-11-24 13:01:00",2,529.58,15,0
"17459.0","2011-10-10 17:00:00","2011-10-27 13:25:00",2,657.3,43,1
"17460.0","2010-01-22 13:25:00","2011-09-06 15:04:00",16,2228.27,94,1
"17461.0","2011-11-10 12:01:00","2011-11-17 10:21:00",3,757.46,22,0
"17462.0","2011-02-28 17:01:00","2011-10-10 13:56:00",2,675.69,60,1
"17463.0","2010-04-29 17:57:00","2011-11-23 13:40:00",7,2557.91,16,0
"17464.0","2010-03-30 13:15:00","2011-07-04 13:19:00",3,1000.94,158,1
"17465.0","2009-12-03 13:25:00","2010-10-10 11:56:00",7,2542.79,425,1
"17466.0","2011-09-22 09:16:00","2011-11-29 13:15:00",2,763.28,10,0
"17467.0","2010-11-09 12:58:00","2010-11-09 12:58:00",1,102.6,395,1
"17468.0","2010-11-29 17:25:00","2011-11-29 15:33:00",3,194.8,10,0
"17469.0","2009-12-16 15:06:00","2011-11-23 13:15:00",17,5051.25,16,0
"17470.0","2010-07-19 16:16:00","2011-10-26 12:42:00",11,2804.87,44,1
"17471.0","2010-08-22 11:53:00","2010-08-22 11:53:00",1,321.65,474,1
"17472.0","2010-03-21 13:27:00","2011-06-01 14:57:00",4,935.1,191,1
"17473.0","2010-09-09 19:03:00","2010-10-27 11:45:00",2,607.0,408,1
"17474.0","2010-04-19 10:43:00","2010-04-19 10:43:00",1,1047.0,599,1
"17475.0","2011-09-21 14:55:00","2011-09-21 14:55:00",1,194.37,79,1
"17476.0","2009-12-02 12:09:00","2010-11-09 10:21:00",2,489.86,395,1
"17477.0","2010-03-02 11:53:00","2010-04-06 10:06:00",2,1144.3,612,1
"17478.0","2010-03-16 14:19:00","2010-10-27 15:01:00",2,1272.8,408,1
"17479.0","2010-03-17 09:26:00","2010-03-17 09:26:00",1,389.26,632,1
"17480.0","2010-09-21 12:31:00","2011-09-23 11:39:00",2,902.03,77,1
"17481.0","2011-09-07 09:57:00","2011-12-06 12:28:00",4,1255.59,3,0
"17482.0","2010-05-10 14:10:00","2010-08-09 15:33:00",2,778.19,487,1
"17483.0","2010-10-21 12:43:00","2011-10-05 13:10:00",4,591.73,65,1
"17484.0","2010-03-25 16:17:00","2010-05-12 15:41:00",2,209.57,576,1
"17486.0","2011-03-23 14:00:00","2011-03-23 14:00:00",1,396.87,261,1
"17487.0","2009-12-11 15:06:00","2009-12-11 15:06:00",1,160.55,728,1
"17488.0","2010-03-08 14:07:00","2010-03-08 14:07:00",1,336.5,641,1
"17489.0","2011-05-11 11:34:00","2011-10-12 08:56:00",2,376.64,58,1
"17490.0","2010-05-19 12:40:00","2011-12-09 09:08:00",9,2750.5,0,0
"17491.0","2010-04-28 11:57:00","2011-12-08 16:18:00",17,5981.07,1,0
"17492.0","2010-07-09 13:27:00","2011-04-05 15:21:00",3,1122.42,248,1
"17493.0","2010-11-19 16:57:00","2010-11-19 16:57:00",1,100.91,385,1
"17494.0","2010-07-26 10:06:00","2010-07-26 10:06:00",1,54.7,501,1
"17495.0","2010-11-14 11:50:00","2011-12-02 12:08:00",3,806.72,7,0
"17496.0","2010-01-14 13:36:00","2010-12-16 08:39:00",4,1412.89,358,1
"17497.0","2010-04-08 08:01:00","2010-11-14 14:17:00",2,287.25,390,1
"17498.0","2011-09-25 12:25:00","2011-09-25 12:25:00",1,272.22,75,1
"17499.0","2010-05-27 09:59:00","2011-02-23 09:14:00",2,1341.39,289,1
"17500.0","2011-11-10 09:08:00","2011-11-22 14:25:00",3,1138.0,17,0
"17501.0","2011-05-03 09:46:00","2011-05-03 09:47:00",2,288.6,220,1
"17502.0","2011-11-10 16:39:00","2011-11-30 13:13:00",4,689.1,9,0
"17503.0","2011-11-01 11:12:00","2011-12-07 09:18:00",2,558.96,2,0
"17504.0","2010-02-08 09:22:00","2011-05-17 12:59:00",18,9565.12,206,1
"17505.0","2010-04-13 16:33:00","2011-07-01 12:50:00",5,2435.48,161,1
"17506.0","2011-09-25 11:39:00","2011-09-25 11:39:00",1,302.2,75,1
"17507.0","2011-02-03 18:08:00","2011-03-23 11:48:00",2,605.58,261,1
"17508.0","2009-12-07 11:46:00","2011-03-04 08:10:00",8,4579.23,280,1
"17509.0","2011-10-07 13:14:00","2011-10-13 10:26:00",8,6115.14,57,1
"17510.0","2010-10-15 10:20:00","2011-11-15 10:00:00",2,514.56,24,0
"17511.0","2009-12-02 10:52:00","2011-12-07 10:12:00",60,175603.55,2,0
"17512.0","2009-12-10 19:35:00","2011-11-11 12:11:00",18,5467.82,28,0
"17513.0","2010-08-17 15:08:00","2011-09-28 16:42:00",3,1158.8,72,1
"17514.0","2010-02-08 14:00:00","2011-08-03 15:45:00",2,542.83,128,1
"17515.0","2010-06-07 13:29:00","2011-11-08 14:04:00",9,1617.46,31,1
"17516.0","2010-11-26 12:50:00","2011-11-24 16:51:00",6,957.55,15,0
"17517.0","2011-02-04 11:48:00","2011-02-04 11:48:00",1,153.94,308,1
"17518.0","2010-03-28 13:31:00","2010-10-10 12:40:00",2,329.42,425,1
"17519.0","2009-12-01 09:57:00","2011-11-22 16:43:00",15,5109.47,17,0
"17520.0","2011-10-17 12:04:00","2011-10-17 12:04:00",1,546.81,53,1
"17521.0","2010-10-01 11:49:00","2011-11-10 11:22:00",5,1278.06,29,0
"17522.0","2011-05-05 16:31:00","2011-12-08 12:31:00",5,1066.15,1,0
"17523.0","2011-11-20 13:40:00","2011-11-28 13:20:00",4,652.74,11,0
"17524.0","2010-09-27 16:20:00","2010-12-13 14:32:00",3,539.14,361,1
"17525.0","2010-10-07 09:12:00","2010-12-15 12:05:00",3,1161.9,359,1
"17526.0","2009-12-17 16:18:00","2011-12-05 11:05:00",12,4166.04,4,0
"17527.0","2011-05-05 13:43:00","2011-10-17 12:32:00",4,939.37,53,1
"17528.0","2011-09-29 13:04:00","2011-12-08 13:27:00",8,3628.5,1,0
"17529.0","2010-01-11 12:29:00","2010-04-08 17:51:00",2,1240.25,610,1
"17530.0","2009-12-06 16:17:00","2011-12-08 18:42:00",12,3136.92,1,0
"17531.0","2010-03-31 12:57:00","2011-06-02 19:17:00",3,1266.82,190,1
"17532.0","2010-11-19 08:13:00","2010-11-19 08:13:00",1,65.34,385,1
"17533.0","2010-10-01 09:14:00","2010-10-01 09:14:00",1,34.8,434,1
"17534.0","2010-02-25 16:55:00","2011-10-17 12:47:00",5,1668.83,53,1
"17535.0","2011-03-04 15:20:00","2011-03-04 15:20:00",1,164.4,280,1
"17536.0","2010-01-26 12:00:00","2011-06-15 13:23:00",3,364.83,177,1
"17537.0","2011-02-09 13:37:00","2011-11-10 10:56:00",2,897.62,29,0
"17538.0","2011-11-14 12:12:00","2011-11-14 12:12:00",1,98.42,25,0
"17539.0","2009-12-13 12:36:00","2010-03-21 15:23:00",3,1211.57,628,1
"17540.0","2010-04-19 09:47:00","2011-11-15 11:56:00",6,1590.6,24,0
"17541.0","2010-07-18 11:36:00","2010-07-18 11:36:00",1,124.46,509,1
"17542.0","2010-03-08 12:08:00","2011-03-15 11:45:00",3,341.7,269,1
"17543.0","2010-06-08 12:41:00","2010-06-08 12:41:00",1,120.05,549,1
"17544.0","2010-11-14 14:47:00","2010-11-14 15:08:00",3,960.69,390,1
"17545.0","2010-05-11 10:04:00","2011-10-27 14:04:00",6,1448.54,43,1
"17547.0","2010-02-12 14:34:00","2010-11-29 09:41:00",2,727.85,375,1
"17548.0","2010-11-08 16:19:00","2011-04-20 12:01:00",4,731.26,233,1
"17549.0","2011-10-19 10:05:00","2011-11-16 09:59:00",2,148.86,23,0
"17550.0","2010-02-07 15:07:00","2011-05-26 14:09:00",9,2547.64,197,1
"17551.0","2010-12-15 14:12:00","2010-12-15 14:12:00",1,306.84,359,1
"17552.0","2010-03-22 09:19:00","2011-10-10 17:00:00",12,3085.29,60,1
"17553.0","2010-04-08 09:44:00","2011-08-02 10:00:00",4,3757.6,129,1
"17554.0","2011-07-14 20:01:00","2011-12-08 14:15:00",5,1952.45,1,0
"17555.0","2010-05-02 16:02:00","2011-11-20 12:22:00",5,1057.74,19,0
"17556.0","2010-11-25 17:00:00","2011-05-18 10:48:00",2,300.67,205,1
"17557.0","2009-12-07 10:15:00","2011-11-25 12:57:00",4,575.46,14,0
"17558.0","2010-11-11 14:36:00","2010-11-11 14:36:00",1,259.17,393,1
"17559.0","2010-07-15 12:02:00","2010-07-15 12:02:00",1,167.62,512,1
"17560.0","2010-02-17 12:11:00","2011-09-06 09:18:00",8,1895.8,94,1
"17561.0","2009-12-06 13:29:00","2011-11-20 12:53:00",4,722.34,19,0
"17562.0","2011-06-19 13:06:00","2011-11-25 14:21:00",7,1122.38,14,0
"17563.0","2010-04-07 10:02:00","2010-05-10 14:54:00",2,392.38,578,1
"17564.0","2011-09-20 14:00:00","2011-11-15 13:27:00",3,454.01,24,0
"17565.0","2010-05-02 11:54:00","2010-05-02 11:54:00",1,131.83,586,1
"17566.0","2011-11-14 13:42:00","2011-12-01 19:54:00",2,901.21,8,0
"17567.0","2010-09-24 10:48:00","2011-12-02 15:48:00",9,5356.03,7,0
"17568.0","2010-03-16 16:45:00","2010-03-16 16:45:00",1,382.79,633,1
"17569.0","2011-01-11 14:15:00","2011-01-11 14:15:00",1,344.14,332,1
"17571.0","2010-06-15 12:50:00","2011-10-20 15:57:00",5,1702.5,50,1
"17572.0","2009-12-15 10:00:00","2011-09-29 17:53:00",10,723.01,71,1
"17573.0","2011-09-07 10:36:00","2011-11-10 13:01:00",3,380.6,29,0
"17574.0","2011-04-11 09:47:00","2011-04-11 09:47:00",1,185.65,242,1
"17575.0","2010-02-10 13:48:00","2010-02-10 13:48:00",1,171.7,667,1
"17576.0","2009-12-03 16:54:00","2011-12-01 17:56:00",41,9050.46,8,0
"17577.0","2010-02-09 10:10:00","2010-03-04 13:01:00",2,348.75,645,1
"17578.0","2010-06-28 11:55:00","2011-05-05 18:38:00",7,1047.33,218,1
"17579.0","2010-05-10 14:28:00","2011-12-05 12:28:00",4,753.28,4,0
"17580.0","2010-10-13 14:28:00","2011-04-01 12:41:00",5,542.32,252,1
"17581.0","2009-12-03 12:34:00","2011-12-09 12:21:00",43,18757.75,0,0
"17582.0","2010-03-26 12:23:00","2011-04-17 13:18:00",5,1450.7,236,1
"17583.0","2010-05-28 14:24:00","2010-05-28 14:24:00",1,135.95,560,1
"17584.0","2010-01-25 08:17:00","2011-12-02 17:12:00",6,5309.42,7,0
"17585.0","2010-08-18 16:39:00","2011-08-22 13:30:00",7,2093.3,109,1
"17586.0","2010-03-30 13:12:00","2010-03-30 13:12:00",1,167.4,619,1
"17587.0","2010-03-21 14:16:00","2010-03-21 14:16:00",1,178.71,628,1
"17588.0","2010-03-12 12:34:00","2011-08-31 13:37:00",7,2939.55,100,1
"17589.0","2010-03-07 13:48:00","2011-10-10 16:58:00",18,14018.2,60,1
"17590.0","2011-10-30 14:05:00","2011-12-07 12:55:00",3,1477.97,2,0
"17591.0","2010-01-17 16:09:00","2011-09-27 13:42:00",8,2776.67,73,1
"17592.0","2009-12-01 10:49:00","2009-12-01 10:49:00",1,148.3,738,1
"17593.0","2009-12-04 14:35:00","2011-12-06 10:30:00",11,8095.8,3,0
"17594.0","2010-04-14 08:53:00","2011-09-15 16:34:00",4,2497.88,85,1
"17595.0","2011-11-02 16:19:00","2011-11-27 16:08:00",2,388.79,12,0
"17596.0","2009-12-15 13:21:00","2011-11-16 14:11:00",13,4920.67,23,0
"17597.0","2010-05-05 15:33:00","2011-05-10 11:54:00",5,3484.09,213,1
"17598.0","2010-11-23 17:43:00","2010-11-23 17:43:00",1,409.98,381,1
"17599.0","2010-08-19 12:50:00","2010-08-19 12:50:00",1,52.05,477,1
"17600.0","2011-11-22 09:43:00","2011-11-22 09:43:00",1,161.67,17,0
"17601.0","2010-11-24 14:29:00","2011-04-14 18:02:00",2,421.06,239,1
"17602.0","2010-03-30 17:25:00","2011-12-07 13:53:00",14,7451.13,2,0
"17603.0","2009-12-10 09:44:00","2011-09-22 14:18:00",4,1793.48,78,1
"17604.0","2010-01-27 12:19:00","2011-05-06 13:43:00",6,945.93,217,1
"17605.0","2010-04-28 14:45:00","2010-04-28 14:45:00",1,160.75,590,1
"17606.0","2009-12-02 13:32:00","2009-12-02 13:32:00",1,87.3,737,1
"17607.0","2010-11-28 13:11:00","2010-11-28 13:11:00",1,333.81,376,1
"17608.0","2010-04-11 13:37:00","2011-11-06 13:06:00",4,498.53,33,1
"17609.0","2010-04-09 16:54:00","2011-10-30 12:28:00",11,1881.8,40,1
"17610.0","2009-12-06 16:07:00","2010-06-17 16:34:00",5,1529.49,540,1
"17611.0","2009-12-01 13:29:00","2011-12-02 13:29:00",28,8321.98,7,0
"17612.0","2009-12-17 11:59:00","2011-10-17 14:59:00",18,5394.86,53,1
"17613.0","2011-02-07 11:20:00","2011-11-17 10:51:00",14,4559.15,22,0
"17614.0","2011-10-13 16:01:00","2011-10-13 16:01:00",1,390.07,57,1
"17615.0","2010-08-11 12:54:00","2011-08-01 14:06:00",6,733.2,130,1
"17616.0","2010-09-14 10:43:00","2011-06-19 10:11:00",4,1060.8,173,1
"17617.0","2010-05-30 12:48:00","2010-05-30 12:48:00",1,395.33,558,1
"17618.0","2010-01-24 11:03:00","2011-12-04 11:50:00",11,4073.24,5,0
"17619.0","2011-01-31 14:18:00","2011-01-31 14:18:00",1,218.52,312,1
"17620.0","2011-10-11 12:08:00","2011-10-11 12:08:00",1,81.44,59,1
"17621.0","2010-10-04 09:37:00","2011-11-18 17:11:00",6,3175.12,21,0
"17622.0","2010-04-20 13:38:00","2010-04-21 12:36:00",2,1130.21,597,1
"17623.0","2009-12-14 14:36:00","2011-11-07 11:32:00",7,2383.67,32,1
"17624.0","2009-12-20 12:35:00","2011-11-25 10:52:00",4,1568.63,14,0
"17625.0","2009-12-15 11:49:00","2011-11-21 13:36:00",8,6067.8,18,0
"17626.0","2010-04-16 12:15:00","2010-04-16 12:15:00",1,254.0,602,1
"17627.0","2010-08-18 11:27:00","2010-08-18 11:27:00",1,296.36,478,1
"17628.0","2011-09-19 15:21:00","2011-09-19 15:21:00",1,75.75,81,1
"17629.0","2010-10-14 13:35:00","2011-12-04 10:56:00",10,2455.52,5,0
"17630.0","2011-04-21 14:03:00","2011-06-23 11:58:00",2,503.6,169,1
"17631.0","2009-12-09 14:15:00","2011-12-08 09:47:00",7,998.49,1,0
"17633.0","2010-11-15 14:55:00","2011-11-08 13:25:00",7,2057.39,31,1
"17634.0","2011-01-06 12:45:00","2011-11-03 13:09:00",9,2361.97,36,1
"17635.0","2010-04-28 10:51:00","2010-10-11 15:12:00",3,1265.58,424,1
"17636.0","2011-11-20 14:40:00","2011-11-20 14:40:00",1,285.56,19,0
"17637.0","2011-08-16 13:25:00","2011-11-08 12:51:00",2,547.06,31,1
"17638.0","2009-12-18 09:58:00","2010-03-02 14:32:00",2,842.4,647,1
"17639.0","2010-08-13 11:59:00","2011-03-08 15:22:00",6,615.17,276,1
"17640.0","2010-03-23 09:15:00","2011-09-14 09:13:00",6,3168.94,86,1
"17642.0","2009-12-05 16:01:00","2011-08-12 09:11:00",5,1824.49,119,1
"17643.0","2010-07-22 13:07:00","2010-12-01 14:38:00",2,541.25,373,1
"17644.0","2010-02-16 08:44:00","2011-12-08 13:43:00",20,6028.6,1,0
"17646.0","2009-12-16 09:37:00","2011-05-04 13:17:00",12,4149.79,219,1
"17647.0","2010-02-08 14:39:00","2011-10-05 15:38:00",3,331.66,65,1
"17648.0","2010-11-19 16:41:00","2011-10-10 09:41:00",5,2216.37,60,1
"17649.0","2010-08-24 13:01:00","2011-07-24 15:53:00",3,1578.89,138,1
"17650.0","2011-11-18 14:52:00","2011-11-18 14:52:00",1,166.08,21,0
"17651.0","2010-07-01 12:17:00","2011-11-28 10:29:00",16,5703.52,11,0
"17652.0","2011-03-03 14:05:00","2011-11-14 12:55:00",12,4867.72,25,0
"17653.0","2011-08-11 15:24:00","2011-11-03 12:46:00",4,1207.56,36,1
"17654.0","2011-03-07 13:17:00","2011-03-07 13:17:00",1,117.55,277,1
"17655.0","2010-10-19 10:20:00","2011-11-29 11:34:00",9,3652.48,10,0
"17656.0","2011-08-03 10:45:00","2011-09-27 13:04:00",5,1674.69,73,1
"17657.0","2010-10-05 14:52:00","2010-10-05 14:52:00",1,126.0,430,1
"17658.0","2011-05-12 15:23:00","2011-11-14 12:07:00",2,595.42,25,0
"17659.0","2010-11-18 14:20:00","2011-11-22 13:29:00",14,3834.79,17,0
"17660.0","2009-12-02 16:02:00","2011-07-21 13:37:00",2,359.47,141,1
"17662.0","2009-12-17 09:54:00","2010-02-16 09:38:00",2,412.92,661,1
"17663.0","2010-03-04 11:42:00","2011-11-14 08:56:00",17,5175.83,25,0
"17664.0","2010-03-29 17:17:00","2011-11-21 11:29:00",4,1166.23,18,0
"17665.0","2010-08-03 13:12:00","2010-08-03 13:12:00",1,563.1,493,1
"17666.0","2010-06-30 12:03:00","2011-12-06 09:06:00",5,2047.8,3,0
"17667.0","2010-02-23 09:57:00","2011-10-04 14:32:00",9,3950.7,66,1
"17668.0","2011-11-01 14:45:00","2011-12-08 13:25:00",2,347.75,1,0
"17669.0","2010-04-01 18:48:00","2011-10-28 08:53:00",10,6142.35,42,1
"17670.0","2011-04-26 09:12:00","2011-04-26 09:12:00",1,205.7,227,1
"17671.0","2010-11-29 11:53:00","2011-11-24 12:21:00",5,2403.34,15,0
"17672.0","2010-03-08 13:17:00","2011-10-20 14:18:00",6,5663.74,50,1
"17673.0","2010-03-19 14:02:00","2011-12-08 12:50:00",13,4233.58,1,0
"17674.0","2010-12-06 10:20:00","2011-09-26 13:35:00",2,851.7,74,1
"17675.0","2009-12-10 16:10:00","2011-12-08 18:03:00",70,38259.6,1,0
"17676.0","2010-03-30 10:49:00","2011-12-05 15:16:00",10,2765.84,4,0
"17677.0","2009-12-16 11:23:00","2011-12-08 09:56:00",54,36692.91,1,0
"17678.0","2010-04-15 13:54:00","2011-03-21 11:52:00",2,599.76,263,1
"17679.0","2009-12-03 17:32:00","2011-10-18 07:43:00",7,3577.61,52,1
"17680.0","2010-07-16 16:07:00","2011-11-16 12:42:00",3,497.45,23,0
"17681.0","2010-01-15 11:53:00","2010-04-21 17:22:00",5,731.2,597,1
"17682.0","2010-03-08 09:49:00","2011-11-29 15:59:00",11,4456.78,10,0
"17683.0","2010-06-03 17:15:00","2010-11-19 10:11:00",3,819.01,385,1
"17684.0","2011-10-27 11:10:00","2011-10-27 11:10:00",1,239.41,43,1
"17685.0","2010-02-11 13:44:00","2011-11-23 11:36:00",12,5943.17,16,0
"17686.0","2010-06-24 09:49:00","2011-12-02 15:39:00",9,8296.81,7,0
"17687.0","2010-10-15 12:30:00","2010-10-15 12:30:00",1,432.68,420,1
"17688.0","2010-11-11 10:41:00","2010-11-11 10:41:00",1,304.2,393,1
"17689.0","2010-08-22 13:54:00","2010-11-16 13:22:00",2,317.08,388,1
"17690.0","2010-02-03 14:26:00","2011-11-09 15:17:00",20,7448.1,30,0
"17691.0","2010-06-11 11:50:00","2010-12-16 17:20:00",4,780.05,358,1
"17692.0","2010-06-17 11:14:00","2011-08-04 14:01:00",12,2960.44,127,1
"17693.0","2011-07-25 15:48:00","2011-07-25 15:48:00",1,200.47,137,1
"17694.0","2010-05-26 08:27:00","2011-07-21 12:00:00",3,1695.97,141,1
"17695.0","2010-01-28 09:27:00","2011-07-31 10:40:00",5,1746.04,131,1
"17696.0","2009-12-10 17:09:00","2011-11-01 13:43:00",27,7679.59,38,1
"17697.0","2011-04-17 15:40:00","2011-04-17 15:40:00",1,338.95,236,1
"17698.0","2011-03-24 11:34:00","2011-03-24 11:34:00",1,154.95,260,1
"17699.0","2010-05-27 11:53:00","2010-08-20 09:39:00",2,442.0,476,1
"17700.0","2009-12-01 11:37:00","2011-11-23 11:51:00",14,6679.97,16,0
"17701.0","2011-04-01 12:25:00","2011-04-01 12:25:00",1,417.95,252,1
"17702.0","2010-11-04 12:09:00","2011-11-09 16:03:00",6,3144.04,30,0
"17703.0","2010-10-17 16:16:00","2011-11-04 15:51:00",4,1094.84,35,1
"17704.0","2011-04-14 09:28:00","2011-06-24 09:40:00",2,885.19,168,1
"17705.0","2010-05-12 09:47:00","2011-12-06 13:45:00",11,2083.9,3,0
"17706.0","2010-01-19 12:13:00","2011-12-05 13:34:00",31,20749.98,4,0
"17707.0","2009-12-07 12:19:00","2011-06-07 15:03:00",8,609.3,185,1
"17708.0","2010-10-12 12:13:00","2011-06-05 10:12:00",4,887.93,187,1
"17709.0","2010-04-15 14:48:00","2011-06-23 11:55:00",5,671.01,169,1
"17710.0","2010-10-12 07:49:00","2010-10-12 07:49:00",1,293.5,423,1
"17711.0","2011-02-23 11:32:00","2011-11-29 11:40:00",2,385.1,10,0
"17712.0","2011-10-26 12:28:00","2011-10-26 12:28:00",1,522.91,44,1
"17713.0","2010-06-09 09:33:00","2010-11-22 16:50:00",4,1198.09,382,1
"17714.0","2010-07-14 10:41:00","2011-01-23 10:32:00",5,1410.18,320,1
"17715.0","2010-04-26 12:17:00","2011-05-23 12:32:00",2,489.6,200,1
"17716.0","2009-12-02 17:18:00","2011-11-17 12:00:00",24,15956.97,22,0
"17717.0","2010-10-14 12:54:00","2010-10-14 12:54:00",1,376.92,421,1
"17718.0","2010-03-05 08:01:00","2011-04-21 13:39:00",2,439.18,232,1
"17719.0","2011-03-29 11:29:00","2011-11-02 10:36:00",15,5396.04,37,1
"17720.0","2010-05-10 09:58:00","2011-11-13 15:04:00",10,2768.91,26,0
"17721.0","2010-02-18 15:18:00","2010-02-18 15:18:00",1,307.21,659,1
"17722.0","2010-11-29 09:44:00","2011-09-04 15:22:00",5,4430.36,96,1
"17723.0","2010-11-29 10:35:00","2011-08-04 18:37:00",7,3378.4,127,1
"17724.0","2011-07-24 13:26:00","2011-09-29 15:26:00",3,1033.0,71,1
"17725.0","2011-03-17 19:47:00","2011-11-23 16:34:00",11,3439.08,16,0
"17726.0","2010-01-26 14:58:00","2010-11-09 13:37:00",7,1092.06,395,1
"17727.0","2011-11-24 17:06:00","2011-11-24 17:06:00",1,1060.25,15,0
"17728.0","2010-09-12 14:58:00","2011-12-06 08:52:00",5,4238.76,3,0
"17729.0","2010-04-22 15:03:00","2010-04-22 15:03:00",1,438.65,596,1
"17730.0","2010-04-29 11:48:00","2011-12-06 15:43:00",20,7773.8,3,0
"17731.0","2010-02-09 12:37:00","2011-09-21 15:02:00",6,1708.99,79,1
"17732.0","2010-08-09 08:41:00","2010-12-02 09:29:00",8,2470.39,372,1
"17733.0","2011-03-23 09:54:00","2011-11-01 08:16:00",2,692.19,38,1
"17734.0","2010-03-07 13:55:00","2011-10-17 12:33:00",6,1442.32,53,1
"17735.0","2010-07-30 13:25:00","2011-12-07 16:47:00",26,17244.93,2,0
"17736.0","2011-08-18 14:33:00","2011-11-30 15:36:00",3,377.44,9,0
"17737.0","2011-10-12 14:42:00","2011-11-30 15:16:00",2,168.24,9,0
"17738.0","2010-03-19 10:07:00","2011-11-20 15:05:00",13,4183.56,19,0
"17739.0","2009-12-07 10:48:00","2011-11-28 09:12:00",18,7730.59,11,0
"17740.0","2010-01-11 13:11:00","2010-11-15 16:33:00",6,426.9,389,1
"17741.0","2010-05-28 12:11:00","2010-10-29 11:59:00",2,101.1,406,1
"17742.0","2009-12-01 13:16:00","2011-08-18 15:28:00",11,2098.48,113,1
"17743.0","2010-09-17 14:54:00","2010-09-17 14:54:00",1,229.2,448,1
"17744.0","2010-11-24 09:34:00","2011-12-06 12:11:00",7,2649.14,3,0
"17745.0","2010-06-02 09:03:00","2010-08-19 12:30:00",2,600.34,477,1
"17746.0","2010-04-08 12:54:00","2011-04-13 14:31:00",4,904.18,240,1
"17747.0","2011-08-19 08:13:00","2011-08-19 08:13:00",1,71.4,112,1
"17748.0","2010-06-30 13:49:00","2010-06-30 13:49:00",1,358.15,527,1
"17749.0","2010-06-11 14:56:00","2011-06-14 15:45:00",3,1026.18,178,1
"17750.0","2011-06-28 15:44:00","2011-12-04 14:09:00",9,1781.28,5,0
"17751.0","2010-10-14 13:57:00","2010-10-14 13:57:00",1,157.86,421,1
"17752.0","2010-12-15 16:19:00","2010-12-15 16:19:00",1,80.64,359,1
"17753.0","2010-01-06 14:20:00","2010-09-01 15:49:00",4,390.56,464,1
"17754.0","2009-12-11 15:52:00","2011-12-09 11:20:00",13,4577.53,0,0
"17756.0","2010-11-10 12:54:00","2010-11-29 12:20:00",3,733.7,375,1
"17757.0","2010-01-13 15:56:00","2011-12-08 15:31:00",56,9418.5,1,0
"17758.0","2010-05-20 13:18:00","2011-11-20 14:45:00",12,5012.53,19,0
"17759.0","2010-05-05 11:40:00","2011-11-22 16:02:00",5,1275.66,17,0
"17760.0","2010-02-28 12:15:00","2011-11-18 10:56:00",6,918.93,21,0
"17761.0","2011-11-07 10:23:00","2011-11-07 10:23:00",1,712.78,32,1
"17762.0","2010-09-09 17:40:00","2010-09-09 17:40:00",1,129.75,456,1
"17763.0","2010-02-18 14:32:00","2011-03-21 14:25:00",4,86.15,263,1
"17764.0","2009-12-03 14:28:00","2011-10-20 11:03:00",5,1623.64,50,1
"17765.0","2010-09-17 12:45:00","2011-07-04 12:41:00",4,530.8,158,1
"17766.0","2010-11-23 14:17:00","2010-11-23 14:29:00",2,299.61,381,1
"17767.0","2010-10-25 16:22:00","2011-11-24 14:42:00",2,413.05,15,0
"17768.0","2009-12-02 12:26:00","2011-12-01 13:22:00",7,3509.51,8,0
"17769.0","2010-01-19 11:33:00","2011-11-27 11:18:00",17,7103.08,12,0
"17770.0","2011-03-02 13:35:00","2011-05-25 12:34:00",5,1143.27,198,1
"17771.0","2010-04-29 13:21:00","2011-10-14 11:43:00",4,386.93,56,1
"17772.0","2010-11-12 11:31:00","2011-11-29 11:05:00",3,384.77,10,0
"17773.0","2010-01-18 14:32:00","2010-07-13 14:07:00",2,585.27,514,1
"17774.0","2010-02-08 16:06:00","2011-09-04 12:49:00",9,3327.05,96,1
"17775.0","2011-03-30 10:50:00","2011-03-30 10:50:00",1,56.4,254,1
"17776.0","2009-12-16 14:59:00","2010-11-18 12:14:00",2,337.3,386,1
"17777.0","2011-08-31 14:35:00","2011-11-15 12:02:00",3,665.86,24,0
"17778.0","2010-02-16 12:44:00","2010-02-16 12:44:00",1,197.7,661,1
"17779.0","2011-07-19 12:19:00","2011-11-18 14:15:00",3,658.57,21,0
"17780.0","2010-01-24 11:21:00","2010-02-10 13:43:00",3,352.91,667,1
"17781.0","2011-03-31 19:54:00","2011-07-03 16:00:00",2,188.02,159,1
"17782.0","2010-11-22 10:03:00","2010-11-22 11:15:00",2,679.02,382,1
"17783.0","2010-07-15 12:50:00","2011-09-28 16:07:00",3,379.91,72,1
"17784.0","2010-06-07 16:08:00","2010-06-07 16:08:00",1,112.86,550,1
"17785.0","2010-05-23 13:01:00","2011-10-17 13:43:00",3,403.38,53,1
"17786.0","2011-01-26 14:35:00","2011-09-15 12:51:00",2,278.74,85,1
"17787.0","2010-12-03 13:43:00","2011-07-10 11:24:00",4,2601.47,152,1
"17788.0","2011-08-02 10:38:00","2011-09-27 10:09:00",2,1112.95,73,1
"17789.0","2010-02-16 13:16:00","2011-03-03 13:14:00",2,397.15,281,1
"17790.0","2010-06-13 13:30:00","2011-11-13 11:30:00",20,2783.61,26,0
"17791.0","2011-11-10 12:09:00","2011-11-10 12:09:00",1,106.1,29,0
"17792.0","2010-08-18 13:08:00","2010-08-29 14:30:00",2,370.05,467,1
"17793.0","2011-11-14 14:24:00","2011-11-14 14:24:00",1,323.04,25,0
"17794.0","2010-01-20 12:17:00","2010-01-22 10:18:00",2,147.3,686,1
"17795.0","2011-03-20 12:02:00","2011-06-13 12:36:00",2,350.39,179,1
"17796.0","2010-10-14 13:37:00","2011-10-30 15:38:00",7,1361.99,40,1
"17797.0","2009-12-15 14:30:00","2011-11-17 13:21:00",8,1985.87,22,0
"17798.0","2010-05-07 11:42:00","2010-05-07 11:42:00",1,177.19,581,1
"17799.0","2009-12-13 16:03:00","2011-11-17 15:16:00",20,6341.89,22,0
"17800.0","2011-01-09 13:50:00","2011-11-02 12:57:00",9,1198.01,37,1
"17801.0","2010-01-17 11:31:00","2010-09-14 14:32:00",3,798.33,451,1
"17802.0","2009-12-13 13:39:00","2011-09-18 14:56:00",10,5053.12,82,1
"17803.0","2010-11-12 13:53:00","2010-11-12 13:53:00",1,184.66,392,1
"17804.0","2009-12-01 12:22:00","2010-11-28 14:01:00",3,385.23,376,1
"17805.0","2010-04-08 14:36:00","2011-09-27 11:49:00",2,927.03,73,1
"17806.0","2011-11-28 14:12:00","2011-11-28 14:12:00",1,546.04,11,0
"17807.0","2010-01-04 14:00:00","2010-11-09 16:21:00",3,437.87,395,1
"17808.0","2010-05-07 16:26:00","2010-06-09 10:44:00",4,262.64,548,1
"17809.0","2009-12-02 14:52:00","2011-11-23 12:59:00",20,11337.39,16,0
"17810.0","2010-01-25 10:26:00","2010-02-09 10:47:00",2,344.86,668,1
"17811.0","2010-09-20 11:24:00","2011-12-05 13:46:00",47,9603.1,4,0
"17812.0","2010-06-27 13:34:00","2011-11-27 11:47:00",7,1165.89,12,0
"17813.0","2011-09-29 15:57:00","2011-11-25 16:13:00",5,1770.88,14,0
"17814.0","2010-10-13 14:03:00","2010-11-29 14:21:00",2,1617.32,375,1
"17815.0","2010-11-11 14:39:00","2010-11-11 14:39:00",1,591.96,393,1
"17816.0","2009-12-15 15:27:00","2011-11-03 11:34:00",6,112.32,36,1
"17817.0","2010-10-13 15:07:00","2011-12-05 14:39:00",6,807.85,4,0
"17818.0","2009-12-02 11:34:00","2009-12-02 11:34:00",1,130.18,737,1
"17819.0","2009-12-13 15:24:00","2011-09-29 10:52:00",12,6612.52,71,1
"17820.0","2010-11-30 17:43:00","2010-11-30 17:43:00",1,183.56,374,1
"17821.0","2010-10-29 13:20:00","2010-10-29 13:20:00",1,334.62,406,1
"17822.0","2010-05-28 12:15:00","2010-10-15 13:47:00",5,2179.65,420,1
"17823.0","2010-10-14 16:14:00","2010-10-14 16:24:00",2,494.25,421,1
"17824.0","2011-10-19 14:14:00","2011-10-19 14:14:00",1,298.4,51,1
"17825.0","2009-12-14 12:09:00","2010-04-20 12:01:00",4,731.96,598,1
"17826.0","2010-11-30 13:23:00","2010-11-30 13:23:00",1,134.59,374,1
"17827.0","2010-03-28 12:20:00","2011-12-04 15:00:00",6,2388.05,5,0
"17828.0","2011-06-08 08:31:00","2011-11-17 08:41:00",4,1165.09,22,0
"17829.0","2010-02-22 15:39:00","2011-02-14 12:46:00",5,4756.74,298,1
"17830.0","2011-02-24 10:15:00","2011-12-08 12:28:00",3,398.7,1,0
"17831.0","2011-11-06 15:09:00","2011-11-06 15:09:00",1,35.4,33,1
"17832.0","2011-10-21 11:43:00","2011-10-21 11:43:00",1,155.37,49,1
"17833.0","2009-12-16 13:40:00","2009-12-16 13:40:00",1,342.36,723,1
"17834.0","2010-09-20 15:32:00","2010-10-21 12:09:00",2,730.47,414,1
"17835.0","2011-11-16 16:30:00","2011-12-07 11:48:00",3,350.64,2,0
"17836.0","2011-10-23 16:13:00","2011-10-23 16:13:00",1,109.83,47,1
"17837.0","2011-06-29 16:44:00","2011-10-28 16:13:00",8,1587.48,42,1
"17838.0","2010-03-19 09:53:00","2011-11-13 11:20:00",13,6722.9,26,0
"17839.0","2011-10-28 17:27:00","2011-10-28 17:27:00",1,338.8,42,1
"17840.0","2010-09-22 12:24:00","2010-09-22 12:24:00",1,185.72,443,1
"17841.0","2009-12-02 15:41:00","2011-12-08 12:07:00",211,70858.77,1,0
"17842.0","2010-04-16 14:23:00","2010-04-16 14:23:00",1,430.69,602,1
"17843.0","2010-10-24 10:56:00","2011-02-09 15:33:00",2,318.48,303,1
"17844.0","2011-08-25 11:27:00","2011-08-25 11:27:00",1,51.56,106,1
"17845.0","2010-05-12 13:04:00","2010-06-02 15:20:00",4,598.19,555,1
"17847.0","2010-03-04 12:57:00","2010-07-12 10:00:00",2,125.74,515,1
"17848.0","2009-12-06 13:19:00","2011-09-19 16:49:00",30,3619.75,81,1
"17849.0","2010-03-14 15:17:00","2011-05-05 13:46:00",8,1063.76,218,1
"17850.0","2009-12-05 12:28:00","2010-12-02 15:27:00",155,56600.08,372,1
"17851.0","2009-12-03 17:46:00","2010-10-13 15:13:00",6,1563.34,422,1
"17852.0","2009-12-08 12:51:00","2011-11-28 12:36:00",5,663.21,11,0
"17853.0","2009-12-03 15:09:00","2010-10-28 15:29:00",3,1608.19,407,1
"17854.0","2009-12-08 11:13:00","2011-06-07 16:21:00",6,1071.45,185,1
"17855.0","2010-12-02 09:44:00","2010-12-02 09:44:00",1,417.94,372,1
"17856.0","2011-03-03 11:40:00","2011-12-08 09:40:00",4,1418.03,1,0
"17857.0","2010-03-08 12:09:00","2011-12-05 13:13:00",23,27104.74,4,0
"17858.0","2009-12-06 15:41:00","2011-12-04 11:56:00",30,12797.65,5,0
"17859.0","2011-02-08 10:32:00","2011-02-08 10:32:00",1,148.21,304,1
"17860.0","2009-12-11 16:48:00","2010-12-06 12:41:00",4,1015.54,368,1
"17861.0","2009-12-10 11:27:00","2011-12-06 16:21:00",18,5127.69,3,0
"17862.0","2010-05-25 17:22:00","2011-01-20 12:23:00",4,1279.09,323,1
"17863.0","2010-02-25 12:01:00","2011-10-11 13:45:00",12,5745.2,59,1
"17864.0","2010-10-08 11:49:00","2011-11-27 11:15:00",5,924.32,12,0
"17865.0","2009-12-01 10:49:00","2011-11-09 12:08:00",46,26372.29,30,0
"17866.0","2009-12-14 16:01:00","2011-07-20 11:07:00",3,1134.95,142,1
"17867.0","2009-12-02 13:39:00","2011-11-09 14:15:00",14,1599.95,30,0
"17868.0","2010-11-18 18:55:00","2010-11-18 18:55:00",1,234.65,386,1
"17869.0","2010-06-10 13:47:00","2011-08-24 16:16:00",7,1036.16,107,1
"17870.0","2010-11-23 11:39:00","2011-12-07 15:07:00",13,3108.15,2,0
"17871.0","2010-01-15 14:48:00","2011-05-19 11:32:00",5,1118.99,204,1
"17872.0","2010-11-23 12:02:00","2010-11-23 12:02:00",1,235.87,381,1
"17873.0","2009-12-16 15:11:00","2011-09-20 16:41:00",18,6386.5,80,1
"17874.0","2011-03-29 11:25:00","2011-06-07 12:54:00",6,683.46,185,1
"17875.0","2010-01-20 15:30:00","2010-01-20 15:30:00",1,167.1,688,1
"17876.0","2010-02-02 13:00:00","2010-11-05 10:52:00",3,3424.02,399,1
"17877.0","2011-06-22 13:00:00","2011-06-22 13:00:00",1,237.61,170,1
"17878.0","2010-11-09 13:50:00","2011-10-27 11:24:00",3,1412.33,43,1
"17879.0","2011-06-19 12:36:00","2011-06-19 12:36:00",1,178.52,173,1
"17880.0","2009-12-09 16:13:00","2010-12-10 10:21:00",3,824.92,364,1
"17881.0","2011-02-08 17:16:00","2011-02-08 17:16:00",1,133.35,304,1
"17882.0","2010-11-25 14:35:00","2010-11-25 14:40:00",2,313.46,379,1
"17883.0","2010-02-25 20:07:00","2011-12-06 17:49:00",7,995.85,3,0
"17884.0","2009-12-04 16:23:00","2011-12-06 11:33:00",20,3067.89,3,0
"17885.0","2011-11-27 14:40:00","2011-11-27 14:40:00",1,190.19,12,0
"17886.0","2010-04-29 11:10:00","2011-11-08 10:09:00",6,1608.38,31,1
"17887.0","2011-08-02 17:29:00","2011-08-02 17:29:00",1,111.35,129,1
"17888.0","2009-12-21 16:34:00","2011-11-18 13:45:00",25,1820.44,21,0
"17889.0","2010-03-31 10:54:00","2011-05-11 16:26:00",7,774.87,212,1
"17890.0","2010-12-13 15:12:00","2011-01-21 11:19:00",2,602.09,322,1
"17891.0","2011-06-30 20:08:00","2011-06-30 20:08:00",1,203.86,162,1
"17892.0","2011-07-07 12:56:00","2011-10-14 16:49:00",3,244.1,56,1
"17893.0","2011-04-28 13:50:00","2011-04-28 13:50:00",1,112.25,225,1
"17894.0","2010-08-27 14:13:00","2011-09-29 09:23:00",18,2452.96,71,1
"17895.0","2011-10-26 17:00:00","2011-10-26 17:00:00",1,98.0,44,1
"17896.0","2011-11-16 13:59:00","2011-11-16 13:59:00",1,256.32,23,0
"17897.0","2010-05-12 16:03:00","2011-06-20 11:23:00",9,2538.15,172,1
"17898.0","2010-05-21 17:22:00","2011-09-15 14:56:00",4,299.18,85,1
"17899.0","2011-07-03 14:58:00","2011-07-03 14:58:00",1,155.8,159,1
"17900.0","2011-06-02 14:28:00","2011-06-02 14:38:00",2,112.2,190,1
"17901.0","2010-07-06 10:54:00","2011-11-10 17:29:00",3,260.08,29,0
"17902.0","2010-06-11 12:25:00","2010-06-11 12:25:00",1,216.4,546,1
"17903.0","2010-11-10 15:39:00","2010-11-10 15:39:00",1,381.09,394,1
"17904.0","2011-11-18 12:57:00","2011-11-18 12:57:00",1,191.67,21,0
"17905.0","2010-01-28 17:54:00","2011-09-29 17:33:00",13,2373.02,71,1
"17906.0","2011-04-06 17:25:00","2011-04-06 17:25:00",1,72.9,247,1
"17907.0","2010-03-09 12:33:00","2010-03-09 12:33:00",1,291.76,640,1
"17908.0","2009-12-14 12:24:00","2010-12-01 11:45:00",5,1411.54,373,1
"17909.0","2009-12-02 13:10:00","2009-12-02 13:10:00",1,132.55,737,1
"17910.0","2009-12-13 16:04:00","2009-12-13 16:04:00",1,261.7,726,1
"17911.0","2011-11-30 14:52:00","2011-11-30 14:52:00",1,366.23,9,0
"17912.0","2010-11-29 13:53:00","2011-02-02 14:25:00",6,372.55,310,1
"17913.0","2009-12-03 13:02:00","2011-10-12 10:45:00",14,3475.44,58,1
"17914.0","2011-12-06 11:58:00","2011-12-06 11:58:00",1,336.43,3,0
"17915.0","2010-06-06 13:22:00","2010-06-06 13:22:00",1,242.13,551,1
"17916.0","2009-12-06 14:10:00","2010-03-21 12:26:00",2,43.87,628,1
"17917.0","2010-12-12 12:08:00","2011-10-25 13:20:00",3,341.28,45,1
"17918.0","2010-07-22 14:20:00","2010-07-27 11:51:00",3,388.44,500,1
"17919.0","2010-09-27 10:40:00","2011-09-12 13:41:00",2,1840.32,88,1
"17920.0","2009-12-06 10:37:00","2011-12-05 14:29:00",54,24492.66,4,0
"17921.0","2010-07-15 20:05:00","2011-10-06 18:56:00",10,2423.5,64,1
"17922.0","2010-06-14 16:32:00","2010-06-14 16:32:00",1,170.4,543,1
"17923.0","2010-06-13 13:58:00","2011-03-02 15:15:00",3,497.0,282,1
"17924.0","2010-10-21 12:17:00","2011-11-28 09:11:00",8,3536.7,11,0
"17925.0","2010-12-02 10:10:00","2010-12-02 10:10:00",1,488.16,372,1
"17926.0","2010-05-09 14:07:00","2011-07-29 14:39:00",5,1035.49,133,1
"17927.0","2009-12-18 11:03:00","2009-12-18 11:03:00",1,294.0,721,1
"17928.0","2010-05-17 15:30:00","2011-10-25 13:52:00",3,313.16,45,1
"17929.0","2009-12-09 11:40:00","2011-11-28 16:01:00",12,3082.1,11,0
"17930.0","2010-03-04 10:41:00","2011-11-04 10:23:00",13,4275.22,35,1
"17931.0","2010-02-16 15:47:00","2011-07-28 18:33:00",14,3437.29,134,1
"17932.0","2011-05-12 13:58:00","2011-11-10 19:49:00",3,1331.57,29,0
"17933.0","2010-03-17 15:11:00","2010-03-17 15:11:00",1,105.99,632,1
"17934.0","2010-10-29 12:23:00","2011-10-19 11:16:00",3,1049.15,51,1
"17935.0","2009-12-04 14:33:00","2011-07-24 13:18:00",7,683.24,138,1
"17936.0","2011-12-04 13:32:00","2011-12-04 13:32:00",1,389.84,5,0
"17937.0","2010-12-12 14:43:00","2011-12-01 11:45:00",7,4301.22,8,0
"17938.0","2010-10-15 14:27:00","2010-10-15 14:27:00",1,144.29,420,1
"17939.0","2011-07-03 12:27:00","2011-07-03 12:27:00",1,99.14,159,1
"17940.0","2009-12-03 12:31:00","2011-10-21 13:27:00",14,28475.98,49,1
"17941.0","2010-01-06 15:37:00","2011-08-01 08:30:00",4,1433.28,130,1
"17942.0","2011-12-02 10:45:00","2011-12-02 10:45:00",1,77.5,7,0
"17944.0","2010-10-12 16:25:00","2010-10-12 16:25:00",1,75.41,423,1
"17945.0","2010-01-12 11:33:00","2010-01-12 11:40:00",3,359.5,696,1
"17946.0","2011-03-25 14:34:00","2011-04-20 17:00:00",2,149.58,233,1
"17947.0","2011-11-02 13:05:00","2011-11-02 13:05:00",1,176.68,37,1
"17948.0","2011-07-15 12:58:00","2011-07-15 12:58:00",1,358.56,147,1
"17949.0","2009-12-02 11:07:00","2011-12-08 18:46:00",116,109147.48,1,0
"17950.0","2010-01-04 17:39:00","2011-09-28 15:18:00",7,1432.81,72,1
"17951.0","2010-10-31 15:15:00","2011-10-31 12:30:00",4,1636.08,39,1
"17952.0","2010-06-16 11:54:00","2010-11-26 13:54:00",4,819.61,378,1
"17953.0","2010-06-17 15:08:00","2010-06-17 15:08:00",1,150.32,540,1
"17954.0","2009-12-09 13:22:00","2011-12-04 14:15:00",19,3963.5,5,0
"17955.0","2010-02-12 16:27:00","2011-05-25 12:00:00",6,949.9,198,1
"17956.0","2011-04-04 13:47:00","2011-04-04 13:47:00",1,12.75,249,1
"17957.0","2011-10-04 14:58:00","2011-10-04 14:58:00",1,110.72,66,1
"17958.0","2009-12-11 15:37:00","2011-08-15 12:19:00",2,973.88,116,1
"17959.0","2010-04-26 14:12:00","2010-04-26 14:12:00",1,140.75,592,1
"17960.0","2010-03-08 12:22:00","2011-06-21 14:15:00",3,135.08,171,1
"17961.0","2009-12-01 14:48:00","2011-11-18 16:55:00",100,2995.54,21,0
"17962.0","2010-01-13 15:24:00","2011-07-20 14:16:00",4,686.37,142,1
"17963.0","2010-01-19 17:25:00","2010-08-25 15:58:00",4,651.51,471,1
"17964.0","2010-12-02 13:32:00","2011-11-08 10:44:00",2,733.46,31,1
"17965.0","2009-12-14 13:19:00","2011-11-02 09:31:00",29,7237.23,37,1
"17966.0","2010-01-18 13:24:00","2011-11-02 10:26:00",10,1974.42,37,1
"17967.0","2010-10-19 13:19:00","2010-12-03 11:19:00",2,357.29,371,1
"17968.0","2010-07-15 15:01:00","2010-12-01 12:23:00",4,888.04,373,1
"17969.0","2009-12-06 13:53:00","2011-06-26 13:00:00",20,2369.94,166,1
"17970.0","2011-05-12 20:03:00","2011-05-12 20:03:00",1,582.59,211,1
"17971.0","2010-06-09 14:04:00","2010-06-09 14:04:00",1,161.94,548,1
"17972.0","2011-04-12 12:16:00","2011-04-12 12:16:00",1,136.04,241,1
"17973.0","2011-10-19 10:34:00","2011-10-19 10:34:00",1,337.04,51,1
"17974.0","2010-10-28 20:03:00","2011-11-15 11:37:00",6,1858.06,24,0
"17975.0","2010-08-06 11:24:00","2011-11-24 13:27:00",24,7025.53,15,0
"17976.0","2010-12-02 13:49:00","2010-12-02 13:49:00",1,706.38,372,1
"17977.0","2010-11-04 14:26:00","2011-11-10 13:28:00",2,1565.63,29,0
"17978.0","2009-12-08 13:27:00","2010-12-09 14:05:00",4,1461.76,365,1
"17979.0","2011-03-25 11:34:00","2011-11-04 12:05:00",4,754.31,35,1
"17980.0","2010-11-11 14:42:00","2011-06-27 12:01:00",4,1033.42,165,1
"17981.0","2010-10-25 10:40:00","2010-10-25 10:40:00",1,239.12,410,1
"17982.0","2010-01-28 09:38:00","2010-01-28 09:38:00",1,138.18,680,1
"17983.0","2010-11-09 13:23:00","2010-11-09 13:23:00",1,171.71,395,1
"17984.0","2009-12-01 11:51:00","2011-07-17 15:59:00",5,1187.77,145,1
"17985.0","2011-11-17 14:24:00","2011-11-17 14:24:00",1,634.95,22,0
"17986.0","2011-10-14 14:22:00","2011-10-14 14:22:00",1,20.8,56,1
"17987.0","2010-06-07 11:23:00","2011-06-07 14:22:00",5,1003.64,185,1
"17988.0","2009-12-07 13:35:00","2011-11-28 11:00:00",13,485.69,11,0
"17989.0","2010-11-25 13:49:00","2010-11-25 13:49:00",1,228.83,379,1
"17990.0","2009-12-07 15:19:00","2011-04-17 11:44:00",6,1527.61,236,1
"17991.0","2010-04-27 12:46:00","2011-04-28 15:58:00",3,318.9,225,1
"17992.0","2010-11-15 13:04:00","2010-11-15 13:04:00",1,254.13,389,1
"17993.0","2010-04-01 14:23:00","2010-04-01 14:23:00",1,235.19,617,1
"17994.0","2010-03-29 10:37:00","2011-08-10 11:41:00",11,2307.32,121,1
"17995.0","2010-11-17 17:01:00","2011-03-03 12:30:00",3,495.48,281,1
"17996.0","2010-06-11 11:48:00","2010-11-25 11:00:00",3,469.73,379,1
"17997.0","2011-06-28 17:28:00","2011-09-26 16:13:00",8,1970.67,74,1
"17998.0","2009-12-01 13:07:00","2010-11-24 15:31:00",3,639.24,380,1
"17999.0","2010-11-26 13:16:00","2011-11-02 15:56:00",3,730.9,37,1
"18000.0","2010-05-24 17:34:00","2010-05-24 17:34:00",1,124.25,564,1
"18001.0","2009-12-02 15:38:00","2011-11-27 16:02:00",6,953.84,12,0
"18002.0","2009-12-08 11:07:00","2010-11-29 10:57:00",4,243.17,375,1
"18003.0","2010-11-28 15:09:00","2010-11-28 15:09:00",1,358.61,376,1
"18004.0","2010-12-12 13:47:00","2010-12-12 13:47:00",1,169.47,362,1
"18005.0","2011-10-23 14:40:00","2011-12-06 11:51:00",2,249.72,3,0
"18006.0","2009-12-17 12:27:00","2011-11-16 16:52:00",4,997.86,23,0
"18007.0","2010-11-12 11:08:00","2010-11-12 11:08:00",1,220.32,392,1
"18008.0","2010-01-06 12:35:00","2011-09-30 15:17:00",23,19787.13,70,1
"18009.0","2010-02-25 11:49:00","2011-04-18 13:36:00",8,2155.83,235,1
"18010.0","2011-03-28 12:27:00","2011-03-28 12:27:00",1,174.8,256,1
"18011.0","2010-05-21 13:28:00","2010-12-01 17:35:00",2,527.03,373,1
"18012.0","2009-12-16 13:16:00","2009-12-16 13:16:00",1,115.3,723,1
"18013.0","2011-07-07 14:08:00","2011-07-07 14:11:00",2,187.29,155,1
"18014.0","2011-11-11 15:28:00","2011-11-11 15:28:00",1,158.47,28,0
"18015.0","2011-12-05 14:49:00","2011-12-05 14:49:00",1,120.03,4,0
"18016.0","2010-01-27 16:00:00","2011-11-07 13:25:00",7,1960.46,32,1
"18017.0","2010-10-04 15:11:00","2011-09-19 16:15:00",4,688.0,81,1
"18018.0","2010-10-15 11:05:00","2011-08-23 17:37:00",4,297.99,108,1
"18019.0","2011-10-19 12:10:00","2011-10-19 12:10:00",1,38.45,51,1
"18020.0","2010-06-14 12:31:00","2010-06-14 12:31:00",1,190.48,543,1
"18021.0","2010-07-15 18:47:00","2010-07-18 10:52:00",2,227.06,509,1
"18022.0","2010-06-11 13:59:00","2011-11-04 12:45:00",5,1651.16,35,1
"18024.0","2011-07-10 12:28:00","2011-07-10 12:40:00",2,389.78,152,1
"18025.0","2010-03-30 17:33:00","2010-11-25 12:37:00",6,1177.72,379,1
"18026.0","2010-07-22 16:21:00","2010-07-27 10:37:00",2,2074.07,500,1
"18027.0","2011-09-02 10:38:00","2011-09-02 10:38:00",1,115.31,98,1
"18028.0","2010-05-05 13:28:00","2010-05-05 13:28:00",1,192.05,583,1
"18029.0","2010-03-07 15:30:00","2010-03-07 15:30:00",1,433.77,642,1
"18030.0","2011-10-28 13:55:00","2011-12-05 16:37:00",2,230.65,4,0
"18031.0","2010-11-26 11:00:00","2010-11-26 11:00:00",1,462.1,378,1
"18032.0","2011-01-09 15:32:00","2011-01-09 15:32:00",1,73.5,334,1
"18033.0","2011-10-05 17:28:00","2011-10-05 17:28:00",1,97.97,65,1
"18034.0","2010-11-29 12:36:00","2011-11-18 12:22:00",3,792.85,21,0
"18035.0","2010-11-19 13:42:00","2011-11-04 12:39:00",5,1276.74,35,1
"18036.0","2009-12-18 12:04:00","2011-11-07 14:40:00",11,1563.64,32,1
"18037.0","2009-12-01 13:48:00","2011-07-08 13:39:00",15,167.42,154,1
"18038.0","2010-06-01 15:59:00","2010-06-01 15:59:00",1,149.41,556,1
"18039.0","2010-03-09 11:19:00","2010-11-30 13:07:00",4,579.17,374,1
"18040.0","2011-04-08 08:27:00","2011-11-20 14:20:00",2,357.2,19,0
"18041.0","2010-01-14 10:04:00","2011-11-28 11:39:00",38,8752.38,11,0
"18042.0","2010-06-16 10:53:00","2011-10-17 11:49:00",2,281.15,53,1
"18043.0","2010-12-08 12:35:00","2011-11-15 12:48:00",3,875.97,24,0
"18044.0","2010-05-28 15:31:00","2011-12-05 14:26:00",18,3505.61,4,0
"18045.0","2011-10-25 13:07:00","2011-10-25 13:07:00",1,189.4,45,1
"18046.0","2010-02-28 11:36:00","2010-02-28 11:36:00",1,189.63,649,1
"18047.0","2010-11-23 12:57:00","2010-11-23 13:11:00",2,342.69,381,1
"18048.0","2010-08-03 13:03:00","2011-05-20 14:58:00",3,401.73,203,1
"18049.0","2010-04-28 13:24:00","2010-09-28 14:26:00",2,556.1,437,1
"18050.0","2010-11-11 15:51:00","2010-12-15 14:25:00",2,412.06,359,1
"18051.0","2009-12-09 12:17:00","2010-03-15 13:58:00",7,2282.28,634,1
"18052.0","2010-05-24 11:11:00","2010-05-24 11:11:00",1,10877.18,564,1
"18053.0","2010-06-30 12:36:00","2011-09-30 09:05:00",3,571.07,70,1
"18054.0","2010-11-12 08:18:00","2010-11-12 08:18:00",1,176.5,392,1
"18055.0","2010-10-22 13:27:00","2011-12-02 14:25:00",14,11195.57,7,0
"18056.0","2010-03-31 12:29:00","2011-02-24 14:27:00",2,554.6,288,1
"18057.0","2010-01-18 12:42:00","2010-11-11 16:55:00",3,1182.39,393,1
"18058.0","2010-02-10 09:38:00","2011-11-30 08:38:00",3,774.06,9,0
"18059.0","2011-10-03 09:30:00","2011-11-16 16:49:00",3,306.46,23,0
"18060.0","2010-05-24 08:34:00","2010-10-27 16:41:00",2,1185.46,408,1
"18061.0","2009-12-04 11:36:00","2011-11-18 11:20:00",28,6488.97,21,0
"18062.0","2010-04-21 08:55:00","2011-06-19 14:47:00",6,1632.67,173,1
"18063.0","2010-03-16 13:05:00","2010-11-14 10:46:00",2,186.6,390,1
"18064.0","2010-02-01 15:01:00","2011-07-29 16:39:00",11,4495.03,133,1
"18065.0","2009-12-09 16:00:00","2011-12-04 10:30:00",28,5846.63,5,0
"18066.0","2010-10-20 11:42:00","2011-09-25 15:30:00",3,1440.4,75,1
"18067.0","2011-10-30 15:58:00","2011-10-30 15:58:00",1,396.33,40,1
"18068.0","2011-02-23 14:50:00","2011-02-23 14:50:00",1,101.7,289,1
"18069.0","2010-02-28 16:14:00","2011-11-13 16:03:00",11,4524.66,26,0
"18070.0","2010-02-08 13:28:00","2010-02-08 13:28:00",1,314.1,669,1
"18071.0","2009-12-05 10:31:00","2011-03-27 11:59:00",6,1428.63,257,1
"18072.0","2011-06-07 10:44:00","2011-06-07 10:44:00",1,247.44,185,1
"18073.0","2011-05-26 19:38:00","2011-08-17 14:02:00",12,3877.52,114,1
"18074.0","2010-07-22 10:31:00","2010-12-01 09:53:00",2,1509.04,373,1
"18075.0","2010-07-29 11:47:00","2011-11-16 15:21:00",20,5783.29,23,0
"18076.0","2010-11-24 14:02:00","2010-11-24 14:02:00",1,151.49,380,1
"18077.0","2009-12-07 11:40:00","2011-12-01 13:32:00",18,4338.56,8,0
"18078.0","2010-03-21 15:50:00","2011-05-06 14:32:00",4,844.6,217,1
"18079.0","2010-08-05 12:19:00","2011-10-25 15:27:00",5,4242.75,45,1
"18080.0","2011-04-11 10:10:00","2011-11-21 08:02:00",2,1231.5,18,0
"18081.0","2011-07-29 11:56:00","2011-11-03 16:30:00",3,343.45,36,1
"18082.0","2011-11-14 12:45:00","2011-11-14 12:45:00",1,703.37,25,0
"18083.0","2010-11-07 11:44:00","2010-11-07 11:44:00",1,470.73,397,1
"18084.0","2010-11-16 08:09:00","2011-11-23 13:57:00",3,812.93,16,0
"18085.0","2010-03-21 11:57:00","2011-01-13 15:17:00",4,1645.75,330,1
"18086.0","2011-03-10 13:34:00","2011-03-10 13:34:00",1,101.34,274,1
"18087.0","2009-12-01 09:43:00","2011-02-22 10:43:00",16,13908.72,290,1
"18088.0","2011-10-09 13:41:00","2011-10-09 13:41:00",1,167.67,61,1
"18089.0","2010-09-19 11:57:00","2010-09-19 11:57:00",1,428.45,446,1
"18090.0","2010-10-14 12:32:00","2010-10-14 12:32:00",1,349.4,421,1
"18091.0","2010-04-25 13:18:00","2010-04-25 13:18:00",1,360.85,593,1
"18092.0","2009-12-04 12:37:00","2011-12-07 13:14:00",18,16179.44,2,0
"18093.0","2010-03-31 10:27:00","2011-09-07 15:43:00",8,4452.71,93,1
"18094.0","2010-01-07 11:16:00","2011-09-19 09:28:00",13,6391.52,81,1
"18095.0","2010-04-19 14:09:00","2011-01-31 12:50:00",5,2303.09,312,1
"18096.0","2010-07-14 14:30:00","2011-11-28 12:44:00",6,1785.57,11,0
"18097.0","2009-12-17 11:06:00","2011-12-02 11:16:00",11,4663.32,7,0
"18098.0","2010-11-08 16:31:00","2010-11-08 16:31:00",1,550.84,396,1
"18099.0","2011-08-04 15:52:00","2011-08-04 15:52:00",1,168.31,127,1
"18100.0","2010-06-07 14:19:00","2010-06-07 14:19:00",1,451.56,550,1
"18101.0","2010-02-03 13:52:00","2011-11-28 13:37:00",5,629.16,11,0
"18102.0","2009-12-01 09:24:00","2011-12-09 11:50:00",145,608821.65,0,0
"18103.0","2010-06-08 13:36:00","2010-06-08 13:36:00",1,105.8,549,1
"18104.0","2011-11-02 14:07:00","2011-11-02 14:07:00",1,754.64,37,1
"18105.0","2011-11-02 12:04:00","2011-11-02 12:04:00",1,113.48,37,1
"18106.0","2010-01-15 11:36:00","2011-01-14 12:23:00",6,1461.46,329,1
"18107.0","2010-09-23 13:03:00","2010-09-23 13:03:00",1,167.13,442,1
"18108.0","2009-12-02 12:47:00","2011-03-30 13:56:00",3,848.81,254,1
"18109.0","2010-07-01 12:13:00","2011-12-08 11:36:00",38,9893.96,1,0
"18110.0","2010-10-24 14:21:00","2011-11-20 12:34:00",2,435.43,19,0
"18111.0","2010-04-29 12:58:00","2010-04-29 12:58:00",1,405.85,589,1
"18112.0","2010-06-06 12:40:00","2011-11-27 14:43:00",4,775.96,12,0
"18113.0","2010-12-06 12:31:00","2010-12-06 12:31:00",1,152.64,368,1
"18114.0","2011-02-22 13:20:00","2011-02-22 13:20:00",1,220.1,290,1
"18115.0","2010-01-11 11:57:00","2010-01-11 11:57:00",1,9.7,697,1
"18116.0","2010-10-24 15:29:00","2011-10-03 11:00:00",13,2150.7,67,1
"18117.0","2011-11-14 12:47:00","2011-11-14 12:47:00",1,319.47,25,0
"18118.0","2010-11-23 13:36:00","2011-11-29 11:32:00",29,6730.82,10,0
"18119.0","2010-12-07 11:59:00","2010-12-07 11:59:00",1,362.24,367,1
"18120.0","2011-05-09 13:45:00","2011-05-09 13:45:00",1,111.15,214,1
"18121.0","2011-07-08 12:14:00","2011-07-13 12:53:00",2,673.1,149,1
"18122.0","2011-07-12 11:37:00","2011-12-01 13:08:00",6,1824.99,8,0
"18123.0","2010-07-14 12:47:00","2011-11-15 14:23:00",3,684.59,24,0
"18124.0","2010-08-24 17:21:00","2010-08-24 17:21:00",1,111.53,472,1
"18125.0","2011-01-27 15:02:00","2011-11-10 12:29:00",4,1142.99,29,0
"18126.0","2011-10-10 12:19:00","2011-10-10 12:19:00",1,204.49,60,1
"18127.0","2010-11-01 13:56:00","2011-11-20 14:05:00",4,561.53,19,0
"18128.0","2010-06-20 13:19:00","2010-06-20 13:19:00",1,420.04,537,1
"18129.0","2011-04-10 14:16:00","2011-04-10 14:16:00",1,112.55,243,1
"18130.0","2011-10-13 15:58:00","2011-11-24 14:40:00",3,1059.39,15,0
"18131.0","2010-03-18 08:48:00","2010-03-18 08:48:00",1,222.96,631,1
"18132.0","2010-07-23 16:54:00","2010-07-23 16:54:00",1,226.9,504,1
"18133.0","2011-05-11 14:14:00","2011-05-11 14:14:00",1,931.5,212,1
"18134.0","2010-01-14 11:59:00","2010-04-20 14:02:00",2,445.0,598,1
"18135.0","2010-03-15 13:55:00","2011-11-10 19:32:00",10,1249.62,29,0
"18136.0","2010-09-14 15:50:00","2011-10-07 15:40:00",5,1631.36,63,1
"18137.0","2010-06-06 13:45:00","2010-06-06 14:18:00",2,145.99,551,1
"18138.0","2011-02-17 14:51:00","2011-02-17 14:51:00",1,152.65,295,1
"18139.0","2011-11-21 14:06:00","2011-11-22 10:44:00",6,8438.34,17,0
"18140.0","2010-08-23 11:58:00","2010-08-23 11:58:00",1,536.41,473,1
"18141.0","2010-04-29 15:32:00","2010-11-03 11:44:00",2,882.47,401,1
"18142.0","2011-05-08 12:31:00","2011-07-05 13:19:00",2,1019.52,157,1
"18143.0","2011-07-21 10:44:00","2011-08-15 12:07:00",2,1000.16,116,1
"18144.0","2009-12-16 15:57:00","2011-12-02 12:46:00",19,5058.0,7,0
"18145.0","2009-12-08 12:30:00","2011-11-27 11:22:00",11,5617.79,12,0
"18146.0","2011-05-03 16:35:00","2011-07-22 12:08:00",2,160.35,140,1
"18147.0","2011-08-23 12:22:00","2011-10-25 11:46:00",2,179.34,45,1
"18148.0","2010-03-03 11:40:00","2010-03-03 11:40:00",1,114.1,646,1
"18149.0","2010-03-14 12:41:00","2011-10-20 12:04:00",7,1624.71,50,1
"18150.0","2011-05-22 10:47:00","2011-11-07 16:49:00",3,566.58,32,1
"18151.0","2010-03-04 10:47:00","2011-07-28 11:35:00",6,1879.44,134,1
"18152.0","2010-03-03 15:26:00","2010-03-03 15:26:00",1,426.69,646,1
"18153.0","2010-02-18 15:50:00","2010-02-18 15:50:00",1,246.22,659,1
"18154.0","2010-08-06 09:18:00","2011-12-06 16:41:00",5,932.6,3,0
"18155.0","2011-02-21 10:36:00","2011-09-25 13:32:00",3,371.62,75,1
"18156.0","2010-12-05 12:29:00","2011-11-27 12:24:00",2,941.17,12,0
"18157.0","2010-05-17 14:09:00","2010-05-17 14:09:00",1,215.35,571,1
"18158.0","2011-09-12 09:03:00","2011-11-30 16:19:00",2,453.4,9,0
"18159.0","2011-02-11 14:26:00","2011-02-11 14:26:00",1,530.15,301,1
"18160.0","2010-11-18 16:33:00","2011-10-13 15:50:00",3,1003.88,57,1
"18161.0","2010-11-25 15:55:00","2011-11-24 16:40:00",6,1803.1,15,0
"18162.0","2009-12-07 13:24:00","2009-12-07 13:24:00",1,379.16,732,1
"18163.0","2010-05-04 14:51:00","2010-05-04 14:51:00",1,728.84,584,1
"18164.0","2011-11-02 12:56:00","2011-11-02 12:56:00",1,399.65,37,1
"18165.0","2011-06-15 13:23:00","2011-06-15 13:23:00",1,302.46,177,1
"18166.0","2010-03-26 12:26:00","2010-03-26 12:26:00",1,175.5,623,1
"18167.0","2011-08-26 11:40:00","2011-11-16 15:56:00",3,1384.86,23,0
"18168.0","2009-12-03 17:29:00","2011-06-16 19:21:00",16,3770.27,176,1
"18169.0","2011-10-10 12:18:00","2011-10-10 12:18:00",1,202.65,60,1
"18170.0","2010-01-08 14:10:00","2011-11-06 14:35:00",9,2878.0,33,1
"18171.0","2010-01-05 10:46:00","2011-10-12 09:13:00",9,2437.31,58,1
"18172.0","2009-12-11 09:58:00","2011-11-25 11:12:00",52,17479.84,14,0
"18173.0","2010-04-06 10:43:00","2011-09-14 11:26:00",5,2696.36,86,1
"18174.0","2010-04-15 12:17:00","2011-12-02 16:56:00",2,162.5,7,0
"18175.0","2010-02-02 10:25:00","2010-02-02 10:25:00",1,176.1,675,1
"18176.0","2010-12-16 15:45:00","2010-12-16 15:45:00",1,476.35,358,1
"18177.0","2009-12-15 18:57:00","2011-11-08 14:44:00",9,2216.87,31,1
"18178.0","2010-02-18 14:25:00","2011-08-03 09:30:00",11,6103.74,128,1
"18179.0","2010-02-14 15:51:00","2011-11-30 16:23:00",8,2547.55,9,0
"18180.0","2011-07-20 08:59:00","2011-12-05 08:39:00",6,1843.75,4,0
"18181.0","2009-12-04 15:30:00","2011-11-15 15:08:00",5,1205.94,24,0
"18182.0","2010-09-02 14:25:00","2010-09-02 14:25:00",1,291.13,463,1
"18183.0","2011-03-10 10:08:00","2011-04-26 15:26:00",2,632.07,227,1
"18184.0","2011-11-24 15:28:00","2011-11-24 15:28:00",1,49.8,15,0
"18185.0","2011-04-04 13:42:00","2011-04-04 13:42:00",1,304.25,249,1
"18186.0","2009-12-17 10:22:00","2009-12-17 10:22:00",1,329.58,722,1
"18187.0","2010-03-18 09:49:00","2010-03-18 09:49:00",1,724.89,631,1
"18188.0","2010-03-26 11:37:00","2011-11-24 16:46:00",6,3280.59,15,0
"18189.0","2010-03-24 09:57:00","2011-09-23 12:40:00",3,1403.73,77,1
"18190.0","2009-12-22 12:05:00","2011-05-31 14:48:00",5,745.62,192,1
"18191.0","2010-08-19 17:42:00","2011-03-23 12:08:00",2,529.4,261,1
"18192.0","2011-09-29 09:53:00","2011-09-29 09:53:00",1,957.97,71,1
"18193.0","2010-09-23 13:33:00","2011-06-27 13:58:00",3,1207.35,165,1
"18194.0","2010-01-28 15:30:00","2011-09-18 13:29:00",6,4162.04,82,1
"18195.0","2010-11-17 15:03:00","2010-11-17 15:03:00",1,101.16,387,1
"18196.0","2010-03-17 14:55:00","2011-09-05 16:22:00",4,1462.39,95,1
"18197.0","2010-05-13 10:46:00","2010-05-13 10:46:00",1,230.1,575,1
"18198.0","2011-01-07 13:39:00","2011-12-05 14:49:00",17,5425.56,4,0
"18199.0","2010-01-25 11:32:00","2010-01-25 11:32:00",1,344.75,683,1
"18200.0","2011-08-25 18:45:00","2011-08-25 18:45:00",1,163.8,106,1
"18201.0","2009-12-17 08:55:00","2009-12-17 08:55:00",1,447.53,722,1
"18202.0","2011-02-01 13:36:00","2011-05-24 12:12:00",3,1396.99,199,1
"18203.0","2009-12-08 13:19:00","2011-07-05 13:07:00",4,494.42,157,1
"18204.0","2011-05-31 15:26:00","2011-09-29 16:44:00",3,1993.7,71,1
"18205.0","2011-09-26 12:02:00","2011-11-03 13:22:00",2,517.36,36,1
"18206.0","2010-06-04 13:47:00","2010-06-04 13:47:00",1,314.66,553,1
"18207.0","2010-07-28 14:26:00","2010-07-28 14:26:00",1,544.47,499,1
"18208.0","2010-05-23 11:54:00","2010-05-23 11:54:00",1,360.08,565,1
"18209.0","2011-11-11 12:07:00","2011-11-11 12:07:00",1,139.1,28,0
"18210.0","2010-11-22 09:39:00","2011-12-08 11:02:00",7,2768.83,1,0
"18211.0","2011-03-06 12:09:00","2011-11-14 08:10:00",5,600.07,25,0
"18212.0","2010-01-31 14:42:00","2011-01-17 16:14:00",2,546.72,326,1
"18213.0","2011-04-17 10:21:00","2011-04-17 10:21:00",1,232.48,236,1
"18214.0","2010-06-03 19:47:00","2010-06-27 11:21:00",4,1780.34,530,1
"18215.0","2010-03-26 13:03:00","2011-09-11 16:05:00",5,2247.49,89,1
"18216.0","2011-11-08 16:55:00","2011-11-08 16:55:00",1,481.75,31,1
"18217.0","2010-07-01 15:39:00","2011-11-10 13:18:00",4,945.04,29,0
"18218.0","2010-02-17 15:11:00","2011-05-12 12:53:00",4,1142.0,211,1
"18219.0","2009-12-07 13:17:00","2011-12-07 11:43:00",17,3562.89,2,0
"18220.0","2009-12-15 11:42:00","2011-04-27 09:03:00",6,1921.76,226,1
"18221.0","2010-11-14 15:46:00","2011-11-17 14:40:00",6,1424.94,22,0
"18222.0","2011-09-08 10:45:00","2011-09-08 10:45:00",1,443.0,92,1
"18223.0","2009-12-04 12:20:00","2011-12-05 09:11:00",26,14000.85,4,0
"18224.0","2011-03-21 10:30:00","2011-03-21 10:30:00",1,158.95,263,1
"18225.0","2009-12-04 16:52:00","2011-12-06 13:27:00",26,13054.26,3,0
"18226.0","2010-03-05 10:05:00","2011-10-26 13:36:00",26,11878.88,44,1
"18227.0","2010-08-12 16:45:00","2011-05-06 12:23:00",2,388.75,217,1
"18228.0","2011-09-21 10:48:00","2011-10-14 09:21:00",2,779.9,56,1
"18229.0","2009-12-03 14:42:00","2011-11-28 09:48:00",28,10803.71,11,0
"18230.0","2010-07-02 10:01:00","2011-11-30 13:22:00",9,4291.06,9,0
"18231.0","2010-01-10 12:13:00","2011-05-31 14:18:00",28,6875.07,192,1
"18232.0","2011-05-26 16:30:00","2011-09-19 11:49:00",4,592.97,81,1
"18233.0","2011-01-18 08:44:00","2011-01-18 08:44:00",1,440.0,325,1
"18234.0","2010-06-06 11:22:00","2010-06-06 11:22:00",1,179.6,551,1
"18235.0","2011-05-06 13:35:00","2011-09-29 08:27:00",3,1796.48,71,1
"18236.0","2010-04-15 13:39:00","2011-11-10 08:06:00",12,1795.35,29,0
"18237.0","2011-07-28 13:05:00","2011-12-07 12:49:00",5,987.1,2,0
"18238.0","2010-07-12 12:51:00","2010-07-12 12:51:00",1,270.92,515,1
"18239.0","2010-10-13 10:11:00","2011-05-05 12:38:00",6,2150.36,218,1
"18240.0","2011-10-24 13:06:00","2011-10-24 13:06:00",1,422.58,46,1
"18241.0","2010-04-01 11:55:00","2011-11-30 12:10:00",21,2986.99,9,0
"18242.0","2010-01-11 08:49:00","2011-09-28 13:43:00",8,3605.21,72,1
"18243.0","2010-10-21 14:29:00","2010-10-21 14:29:00",1,515.78,414,1
"18244.0","2010-07-25 10:30:00","2010-10-05 11:15:00",2,568.64,430,1
"18245.0","2010-03-08 15:26:00","2011-12-02 14:48:00",20,6324.98,7,0
"18246.0","2010-04-09 10:19:00","2011-11-16 11:49:00",3,758.82,23,0
"18247.0","2010-03-18 15:52:00","2010-10-21 09:49:00",3,839.73,414,1
"18248.0","2011-06-06 13:18:00","2011-08-09 10:19:00",2,804.02,122,1
"18249.0","2011-11-22 15:07:00","2011-11-22 15:07:00",1,95.34,17,0
"18250.0","2011-02-02 13:16:00","2011-02-02 13:16:00",1,349.27,310,1
"18251.0","2009-12-22 12:01:00","2011-09-13 15:03:00",9,26278.86,87,1
"18252.0","2009-12-18 16:13:00","2011-10-20 12:43:00",7,1542.09,50,1
"18253.0","2010-03-07 12:38:00","2010-03-07 12:38:00",1,317.88,642,1
"18254.0","2010-05-07 14:37:00","2010-05-07 14:37:00",1,267.9,581,1
"18255.0","2010-09-09 16:31:00","2011-09-11 13:16:00",2,303.15,89,1
"18256.0","2010-11-17 08:53:00","2010-11-17 08:53:00",1,110.7,387,1
"18257.0","2010-02-18 16:20:00","2011-10-31 14:48:00",12,4585.15,39,1
"18258.0","2010-05-16 11:35:00","2010-09-01 14:20:00",6,2059.67,464,1
"18259.0","2009-12-08 08:38:00","2011-11-15 12:34:00",7,4318.2,24,0
"18260.0","2009-12-15 13:50:00","2011-06-20 12:37:00",23,9962.11,172,1
"18261.0","2011-09-05 09:34:00","2011-10-27 15:36:00",2,324.24,43,1
"18262.0","2010-04-16 09:05:00","2011-07-22 16:04:00",3,577.54,140,1
"18263.0","2011-04-01 11:48:00","2011-11-14 09:00:00",3,1213.16,25,0
"18264.0","2010-07-29 10:02:00","2010-07-29 10:02:00",1,603.25,498,1
"18265.0","2011-07-04 15:26:00","2011-09-28 14:10:00",2,801.51,72,1
"18266.0","2010-10-01 15:33:00","2010-10-01 15:33:00",1,251.1,434,1
"18267.0","2010-02-05 08:43:00","2010-02-05 08:43:00",1,269.37,672,1
"18268.0","2009-12-11 10:27:00","2011-07-28 19:13:00",6,1490.23,134,1
"18269.0","2010-12-08 13:53:00","2010-12-08 13:53:00",1,337.2,366,1
"18270.0","2010-10-03 10:49:00","2011-11-01 13:57:00",3,444.55,38,1
"18271.0","2009-12-08 11:27:00","2010-04-09 09:26:00",2,680.85,609,1
"18272.0","2010-03-04 12:53:00","2011-12-07 12:43:00",9,4385.98,2,0
"18273.0","2010-04-28 12:24:00","2011-12-07 13:16:00",4,357.0,2,0
"18274.0","2011-11-09 17:03:00","2011-11-09 17:03:00",1,175.92,30,0
"18275.0","2009-12-08 16:23:00","2010-05-10 15:46:00",2,741.85,578,1
"18276.0","2009-12-10 17:14:00","2011-10-27 10:54:00",6,1656.52,43,1
"18277.0","2010-08-02 10:26:00","2011-10-12 15:22:00",5,1180.05,58,1
"18278.0","2010-10-31 12:13:00","2011-09-27 11:58:00",2,414.2,73,1
"18279.0","2010-07-08 14:48:00","2010-07-08 14:48:00",1,231.34,519,1
"18280.0","2010-11-10 15:51:00","2011-03-07 09:52:00",2,488.15,277,1
"18281.0","2010-05-11 10:49:00","2011-06-12 10:53:00",2,201.14,180,1
"18282.0","2011-08-05 13:35:00","2011-12-02 11:43:00",2,178.05,7,0
"18283.0","2010-02-19 17:16:00","2011-12-06 12:02:00",22,2730.7,3,0
"18284.0","2010-10-04 11:33:00","2010-10-04 11:33:00",1,461.68,431,1
"18285.0","2010-02-17 10:24:00","2010-02-17 10:24:00",1,427.0,660,1
"18286.0","2009-12-16 10:45:00","2010-08-20 11:57:00",2,1296.43,476,1
"18287.0","2010-05-17 11:55:00","2011-10-28 09:29:00",7,4182.99,42,1
